Lake,Model,Origin_Date,Target_Date,Horizon_m,Pred_m,Actual_m,is_interpolated_target
Lake Albert,RandomWalk,2021-01-01,2021-01-01,1,622.62,622.803333,False
Lake Albert,RandomWalk,2021-02-01,2021-02-01,1,622.803333,622.6975,False
Lake Albert,RandomWalk,2021-03-01,2021-03-01,1,622.6975,622.515,False
Lake Albert,RandomWalk,2021-01-01,2021-03-01,3,622.62,622.515,False
Lake Albert,RandomWalk,2021-04-01,2021-04-01,1,622.515,622.41875,False
Lake Albert,RandomWalk,2021-02-01,2021-04-01,3,622.803333,622.41875,False
Lake Albert,RandomWalk,2021-05-01,2021-05-01,1,622.41875,622.43,False
Lake Albert,RandomWalk,2021-03-01,2021-05-01,3,622.6975,622.43,False
Lake Albert,RandomWalk,2021-06-01,2021-06-01,1,622.43,622.47,False
Lake Albert,RandomWalk,2021-04-01,2021-06-01,3,622.515,622.47,False
Lake Albert,RandomWalk,2021-01-01,2021-06-01,6,622.62,622.47,False
Lake Albert,RandomWalk,2021-07-01,2021-07-01,1,622.47,622.56,False
Lake Albert,RandomWalk,2021-05-01,2021-07-01,3,622.41875,622.56,False
Lake Albert,RandomWalk,2021-02-01,2021-07-01,6,622.803333,622.56,False
Lake Albert,RandomWalk,2021-08-01,2021-08-01,1,622.56,622.5625,False
Lake Albert,RandomWalk,2021-06-01,2021-08-01,3,622.43,622.5625,False
Lake Albert,RandomWalk,2021-03-01,2021-08-01,6,622.6975,622.5625,False
Lake Albert,RandomWalk,2021-09-01,2021-09-01,1,622.5625,622.6125,False
Lake Albert,RandomWalk,2021-07-01,2021-09-01,3,622.47,622.6125,False
Lake Albert,RandomWalk,2021-04-01,2021-09-01,6,622.515,622.6125,False
Lake Albert,RandomWalk,2021-10-01,2021-10-01,1,622.6125,622.54375,False
Lake Albert,RandomWalk,2021-08-01,2021-10-01,3,622.56,622.54375,False
Lake Albert,RandomWalk,2021-05-01,2021-10-01,6,622.41875,622.54375,False
Lake Albert,RandomWalk,2021-11-01,2021-11-01,1,622.54375,622.5625,False
Lake Albert,RandomWalk,2021-09-01,2021-11-01,3,622.5625,622.5625,False
Lake Albert,RandomWalk,2021-06-01,2021-11-01,6,622.43,622.5625,False
Lake Albert,RandomWalk,2021-12-01,2021-12-01,1,622.5625,622.3475,False
Lake Albert,RandomWalk,2021-10-01,2021-12-01,3,622.6125,622.3475,False
Lake Albert,RandomWalk,2021-07-01,2021-12-01,6,622.47,622.3475,False
Lake Albert,RandomWalk,2021-01-01,2021-12-01,12,622.62,622.3475,False
Lake Albert,RandomWalk,2022-01-01,2022-01-01,1,622.3475,622.125,False
Lake Albert,RandomWalk,2021-11-01,2022-01-01,3,622.54375,622.125,False
Lake Albert,RandomWalk,2021-08-01,2022-01-01,6,622.56,622.125,False
Lake Albert,RandomWalk,2021-02-01,2022-01-01,12,622.803333,622.125,False
Lake Albert,RandomWalk,2022-02-01,2022-02-01,1,622.125,621.86,False
Lake Albert,RandomWalk,2021-12-01,2022-02-01,3,622.5625,621.86,False
Lake Albert,RandomWalk,2021-09-01,2022-02-01,6,622.5625,621.86,False
Lake Albert,RandomWalk,2021-03-01,2022-02-01,12,622.6975,621.86,False
Lake Albert,RandomWalk,2022-03-01,2022-03-01,1,621.86,621.5625,False
Lake Albert,RandomWalk,2022-01-01,2022-03-01,3,622.3475,621.5625,False
Lake Albert,RandomWalk,2021-10-01,2022-03-01,6,622.6125,621.5625,False
Lake Albert,RandomWalk,2021-04-01,2022-03-01,12,622.515,621.5625,False
Lake Albert,RandomWalk,2022-04-01,2022-04-01,1,621.5625,621.343333,False
Lake Albert,RandomWalk,2022-02-01,2022-04-01,3,622.125,621.343333,False
Lake Albert,RandomWalk,2021-11-01,2022-04-01,6,622.54375,621.343333,False
Lake Albert,RandomWalk,2021-05-01,2022-04-01,12,622.41875,621.343333,False
Lake Albert,RandomWalk,2022-05-01,2022-05-01,1,621.343333,621.22,False
Lake Albert,RandomWalk,2022-03-01,2022-05-01,3,621.86,621.22,False
Lake Albert,RandomWalk,2021-12-01,2022-05-01,6,622.5625,621.22,False
Lake Albert,RandomWalk,2021-06-01,2022-05-01,12,622.43,621.22,False
Lake Albert,RandomWalk,2022-06-01,2022-06-01,1,621.22,621.04625,False
Lake Albert,RandomWalk,2022-04-01,2022-06-01,3,621.5625,621.04625,False
Lake Albert,RandomWalk,2022-01-01,2022-06-01,6,622.3475,621.04625,False
Lake Albert,RandomWalk,2021-07-01,2022-06-01,12,622.47,621.04625,False
Lake Albert,RandomWalk,2022-07-01,2022-07-01,1,621.04625,620.95875,False
Lake Albert,RandomWalk,2022-05-01,2022-07-01,3,621.343333,620.95875,False
Lake Albert,RandomWalk,2022-02-01,2022-07-01,6,622.125,620.95875,False
Lake Albert,RandomWalk,2021-08-01,2022-07-01,12,622.56,620.95875,False
Lake Albert,RandomWalk,2022-08-01,2022-08-01,1,620.95875,621.005,False
Lake Albert,RandomWalk,2022-06-01,2022-08-01,3,621.22,621.005,False
Lake Albert,RandomWalk,2022-03-01,2022-08-01,6,621.86,621.005,False
Lake Albert,RandomWalk,2021-09-01,2022-08-01,12,622.5625,621.005,False
Lake Albert,RandomWalk,2022-09-01,2022-09-01,1,621.005,621.033333,False
Lake Albert,RandomWalk,2022-07-01,2022-09-01,3,621.04625,621.033333,False
Lake Albert,RandomWalk,2022-04-01,2022-09-01,6,621.5625,621.033333,False
Lake Albert,RandomWalk,2021-10-01,2022-09-01,12,622.6125,621.033333,False
Lake Albert,RandomWalk,2022-10-01,2022-10-01,1,621.033333,621.071667,False
Lake Albert,RandomWalk,2022-08-01,2022-10-01,3,620.95875,621.071667,False
Lake Albert,RandomWalk,2022-05-01,2022-10-01,6,621.343333,621.071667,False
Lake Albert,RandomWalk,2021-11-01,2022-10-01,12,622.54375,621.071667,False
Lake Albert,RandomWalk,2022-11-01,2022-11-01,1,621.071667,621.17625,False
Lake Albert,RandomWalk,2022-09-01,2022-11-01,3,621.005,621.17625,False
Lake Albert,RandomWalk,2022-06-01,2022-11-01,6,621.22,621.17625,False
Lake Albert,RandomWalk,2021-12-01,2022-11-01,12,622.5625,621.17625,False
Lake Albert,RandomWalk,2022-12-01,2022-12-01,1,621.17625,621.17,False
Lake Albert,RandomWalk,2022-10-01,2022-12-01,3,621.033333,621.17,False
Lake Albert,RandomWalk,2022-07-01,2022-12-01,6,621.04625,621.17,False
Lake Albert,RandomWalk,2022-01-01,2022-12-01,12,622.3475,621.17,False
Lake Albert,RandomWalk,2023-01-01,2023-01-01,1,621.17,621.0475,False
Lake Albert,RandomWalk,2022-11-01,2023-01-01,3,621.071667,621.0475,False
Lake Albert,RandomWalk,2022-08-01,2023-01-01,6,620.95875,621.0475,False
Lake Albert,RandomWalk,2022-02-01,2023-01-01,12,622.125,621.0475,False
Lake Albert,RandomWalk,2023-02-01,2023-02-01,1,621.0475,620.83,False
Lake Albert,RandomWalk,2022-12-01,2023-02-01,3,621.17625,620.83,False
Lake Albert,RandomWalk,2022-09-01,2023-02-01,6,621.005,620.83,False
Lake Albert,RandomWalk,2022-03-01,2023-02-01,12,621.86,620.83,False
Lake Albert,RandomWalk,2023-03-01,2023-03-01,1,620.83,620.69,False
Lake Albert,RandomWalk,2023-01-01,2023-03-01,3,621.17,620.69,False
Lake Albert,RandomWalk,2022-10-01,2023-03-01,6,621.033333,620.69,False
Lake Albert,RandomWalk,2022-04-01,2023-03-01,12,621.5625,620.69,False
Lake Albert,RandomWalk,2023-04-01,2023-04-01,1,620.69,620.718333,False
Lake Albert,RandomWalk,2023-02-01,2023-04-01,3,621.0475,620.718333,False
Lake Albert,RandomWalk,2022-11-01,2023-04-01,6,621.071667,620.718333,False
Lake Albert,RandomWalk,2022-05-01,2023-04-01,12,621.343333,620.718333,False
Lake Albert,RandomWalk,2023-05-01,2023-05-01,1,620.718333,620.641667,False
Lake Albert,RandomWalk,2023-03-01,2023-05-01,3,620.83,620.641667,False
Lake Albert,RandomWalk,2022-12-01,2023-05-01,6,621.17625,620.641667,False
Lake Albert,RandomWalk,2022-06-01,2023-05-01,12,621.22,620.641667,False
Lake Albert,RandomWalk,2023-06-01,2023-06-01,1,620.641667,620.778333,False
Lake Albert,RandomWalk,2023-04-01,2023-06-01,3,620.69,620.778333,False
Lake Albert,RandomWalk,2023-01-01,2023-06-01,6,621.17,620.778333,False
Lake Albert,RandomWalk,2022-07-01,2023-06-01,12,621.04625,620.778333,False
Lake Albert,RandomWalk,2023-07-01,2023-07-01,1,620.778333,620.785,False
Lake Albert,RandomWalk,2023-05-01,2023-07-01,3,620.718333,620.785,False
Lake Albert,RandomWalk,2023-02-01,2023-07-01,6,621.0475,620.785,False
Lake Albert,RandomWalk,2022-08-01,2023-07-01,12,620.95875,620.785,False
Lake Albert,RandomWalk,2023-08-01,2023-08-01,1,620.785,620.7525,False
Lake Albert,RandomWalk,2023-06-01,2023-08-01,3,620.641667,620.7525,False
Lake Albert,RandomWalk,2023-03-01,2023-08-01,6,620.83,620.7525,False
Lake Albert,RandomWalk,2022-09-01,2023-08-01,12,621.005,620.7525,False
Lake Albert,RandomWalk,2023-09-01,2023-09-01,1,620.7525,620.6275,False
Lake Albert,RandomWalk,2023-07-01,2023-09-01,3,620.778333,620.6275,False
Lake Albert,RandomWalk,2023-04-01,2023-09-01,6,620.69,620.6275,False
Lake Albert,RandomWalk,2022-10-01,2023-09-01,12,621.033333,620.6275,False
Lake Albert,RandomWalk,2023-10-01,2023-10-01,1,620.6275,620.6825,False
Lake Albert,RandomWalk,2023-08-01,2023-10-01,3,620.785,620.6825,False
Lake Albert,RandomWalk,2023-05-01,2023-10-01,6,620.718333,620.6825,False
Lake Albert,RandomWalk,2022-11-01,2023-10-01,12,621.071667,620.6825,False
Lake Albert,RandomWalk,2023-11-01,2023-11-01,1,620.6825,621.1,False
Lake Albert,RandomWalk,2023-09-01,2023-11-01,3,620.7525,621.1,False
Lake Albert,RandomWalk,2023-06-01,2023-11-01,6,620.641667,621.1,False
Lake Albert,RandomWalk,2022-12-01,2023-11-01,12,621.17625,621.1,False
Lake Albert,RandomWalk,2023-12-01,2023-12-01,1,621.1,621.31,False
Lake Albert,RandomWalk,2023-10-01,2023-12-01,3,620.6275,621.31,False
Lake Albert,RandomWalk,2023-07-01,2023-12-01,6,620.778333,621.31,False
Lake Albert,RandomWalk,2023-01-01,2023-12-01,12,621.17,621.31,False
Lake Albert,RandomWalk,2024-01-01,2024-01-01,1,621.31,621.5575,False
Lake Albert,RandomWalk,2023-11-01,2024-01-01,3,620.6825,621.5575,False
Lake Albert,RandomWalk,2023-08-01,2024-01-01,6,620.785,621.5575,False
Lake Albert,RandomWalk,2023-02-01,2024-01-01,12,621.0475,621.5575,False
Lake Albert,RandomWalk,2024-02-01,2024-02-01,1,621.5575,621.495,False
Lake Albert,RandomWalk,2023-12-01,2024-02-01,3,621.1,621.495,False
Lake Albert,RandomWalk,2023-09-01,2024-02-01,6,620.7525,621.495,False
Lake Albert,RandomWalk,2023-03-01,2024-02-01,12,620.83,621.495,False
Lake Albert,RandomWalk,2024-03-01,2024-03-01,1,621.495,621.543333,False
Lake Albert,RandomWalk,2024-01-01,2024-03-01,3,621.31,621.543333,False
Lake Albert,RandomWalk,2023-10-01,2024-03-01,6,620.6275,621.543333,False
Lake Albert,RandomWalk,2023-04-01,2024-03-01,12,620.69,621.543333,False
Lake Albert,RandomWalk,2024-04-01,2024-04-01,1,621.543333,621.538333,False
Lake Albert,RandomWalk,2024-02-01,2024-04-01,3,621.5575,621.538333,False
Lake Albert,RandomWalk,2023-11-01,2024-04-01,6,620.6825,621.538333,False
Lake Albert,RandomWalk,2023-05-01,2024-04-01,12,620.718333,621.538333,False
Lake Albert,RandomWalk,2024-05-01,2024-05-01,1,621.538333,621.67,False
Lake Albert,RandomWalk,2024-03-01,2024-05-01,3,621.495,621.67,False
Lake Albert,RandomWalk,2023-12-01,2024-05-01,6,621.1,621.67,False
Lake Albert,RandomWalk,2023-06-01,2024-05-01,12,620.641667,621.67,False
Lake Albert,RandomWalk,2024-06-01,2024-06-01,1,621.67,621.901667,False
Lake Albert,RandomWalk,2024-04-01,2024-06-01,3,621.543333,621.901667,False
Lake Albert,RandomWalk,2024-01-01,2024-06-01,6,621.31,621.901667,False
Lake Albert,RandomWalk,2023-07-01,2024-06-01,12,620.778333,621.901667,False
Lake Albert,RandomWalk,2024-07-01,2024-07-01,1,621.901667,621.971667,False
Lake Albert,RandomWalk,2024-05-01,2024-07-01,3,621.538333,621.971667,False
Lake Albert,RandomWalk,2024-02-01,2024-07-01,6,621.5575,621.971667,False
Lake Albert,RandomWalk,2023-08-01,2024-07-01,12,620.785,621.971667,False
Lake Albert,RandomWalk,2024-08-01,2024-08-01,1,621.971667,622.22,False
Lake Albert,RandomWalk,2024-06-01,2024-08-01,3,621.67,622.22,False
Lake Albert,RandomWalk,2024-03-01,2024-08-01,6,621.495,622.22,False
Lake Albert,RandomWalk,2023-09-01,2024-08-01,12,620.7525,622.22,False
Lake Albert,RandomWalk,2024-09-01,2024-09-01,1,622.22,622.375,False
Lake Albert,RandomWalk,2024-07-01,2024-09-01,3,621.901667,622.375,False
Lake Albert,RandomWalk,2024-04-01,2024-09-01,6,621.543333,622.375,False
Lake Albert,RandomWalk,2023-10-01,2024-09-01,12,620.6275,622.375,False
Lake Albert,RandomWalk,2024-10-01,2024-10-01,1,622.375,622.6525,False
Lake Albert,RandomWalk,2024-08-01,2024-10-01,3,621.971667,622.6525,False
Lake Albert,RandomWalk,2024-05-01,2024-10-01,6,621.538333,622.6525,False
Lake Albert,RandomWalk,2023-11-01,2024-10-01,12,620.6825,622.6525,False
Lake Albert,RandomWalk,2024-11-01,2024-11-01,1,622.6525,622.735,False
Lake Albert,RandomWalk,2024-09-01,2024-11-01,3,622.22,622.735,False
Lake Albert,RandomWalk,2024-06-01,2024-11-01,6,621.67,622.735,False
Lake Albert,RandomWalk,2023-12-01,2024-11-01,12,621.1,622.735,False
Lake Albert,RandomWalk,2024-12-01,2024-12-01,1,622.735,622.838333,False
Lake Albert,RandomWalk,2024-10-01,2024-12-01,3,622.375,622.838333,False
Lake Albert,RandomWalk,2024-07-01,2024-12-01,6,621.901667,622.838333,False
Lake Albert,RandomWalk,2024-01-01,2024-12-01,12,621.31,622.838333,False
Lake Albert,RandomWalk,2025-01-01,2025-01-01,1,622.838333,622.62,False
Lake Albert,RandomWalk,2024-11-01,2025-01-01,3,622.6525,622.62,False
Lake Albert,RandomWalk,2024-08-01,2025-01-01,6,621.971667,622.62,False
Lake Albert,RandomWalk,2024-02-01,2025-01-01,12,621.5575,622.62,False
Lake Albert,RandomWalk,2025-02-01,2025-02-01,1,622.62,622.285,False
Lake Albert,RandomWalk,2024-12-01,2025-02-01,3,622.735,622.285,False
Lake Albert,RandomWalk,2024-09-01,2025-02-01,6,622.22,622.285,False
Lake Albert,RandomWalk,2024-03-01,2025-02-01,12,621.495,622.285,False
Lake Albert,RandomWalk,2025-03-01,2025-03-01,1,622.285,622.025,False
Lake Albert,RandomWalk,2025-01-01,2025-03-01,3,622.838333,622.025,False
Lake Albert,RandomWalk,2024-10-01,2025-03-01,6,622.375,622.025,False
Lake Albert,RandomWalk,2024-04-01,2025-03-01,12,621.543333,622.025,False
Lake Albert,RandomWalk,2025-04-01,2025-04-01,1,622.025,622.105,False
Lake Albert,RandomWalk,2025-02-01,2025-04-01,3,622.62,622.105,False
Lake Albert,RandomWalk,2024-11-01,2025-04-01,6,622.6525,622.105,False
Lake Albert,RandomWalk,2024-05-01,2025-04-01,12,621.538333,622.105,False
Lake Albert,RandomWalk,2025-05-01,2025-05-01,1,622.105,622.075,False
Lake Albert,RandomWalk,2025-03-01,2025-05-01,3,622.285,622.075,False
Lake Albert,RandomWalk,2024-12-01,2025-05-01,6,622.735,622.075,False
Lake Albert,RandomWalk,2024-06-01,2025-05-01,12,621.67,622.075,False
Lake Albert,RandomWalk,2025-06-01,2025-06-01,1,622.075,622.025,False
Lake Albert,RandomWalk,2025-04-01,2025-06-01,3,622.025,622.025,False
Lake Albert,RandomWalk,2025-01-01,2025-06-01,6,622.838333,622.025,False
Lake Albert,RandomWalk,2024-07-01,2025-06-01,12,621.901667,622.025,False
Lake Albert,RandomWalk,2025-07-01,2025-07-01,1,622.025,622.045,False
Lake Albert,RandomWalk,2025-05-01,2025-07-01,3,622.105,622.045,False
Lake Albert,RandomWalk,2025-02-01,2025-07-01,6,622.62,622.045,False
Lake Albert,RandomWalk,2024-08-01,2025-07-01,12,621.971667,622.045,False
Lake Albert,RandomWalk,2025-08-01,2025-08-01,1,622.045,622.145,False
Lake Albert,RandomWalk,2025-06-01,2025-08-01,3,622.075,622.145,False
Lake Albert,RandomWalk,2025-03-01,2025-08-01,6,622.285,622.145,False
Lake Albert,RandomWalk,2024-09-01,2025-08-01,12,622.22,622.145,False
Lake Albert,RandomWalk,2025-09-01,2025-09-01,1,622.145,622.165,False
Lake Albert,RandomWalk,2025-07-01,2025-09-01,3,622.025,622.165,False
Lake Albert,RandomWalk,2025-04-01,2025-09-01,6,622.025,622.165,False
Lake Albert,RandomWalk,2024-10-01,2025-09-01,12,622.375,622.165,False
Lake Albert,RandomWalk,2025-10-01,2025-10-01,1,622.165,622.205,False
Lake Albert,RandomWalk,2025-08-01,2025-10-01,3,622.045,622.205,False
Lake Albert,RandomWalk,2025-05-01,2025-10-01,6,622.105,622.205,False
Lake Albert,RandomWalk,2024-11-01,2025-10-01,12,622.6525,622.205,False
Lake Albert,RandomWalk,2025-11-01,2025-11-01,1,622.205,622.285,False
Lake Albert,RandomWalk,2025-09-01,2025-11-01,3,622.145,622.285,False
Lake Albert,RandomWalk,2025-06-01,2025-11-01,6,622.075,622.285,False
Lake Albert,RandomWalk,2024-12-01,2025-11-01,12,622.735,622.285,False
Lake Albert,RandomWalk,2025-12-01,2025-12-01,1,622.285,622.145,False
Lake Albert,RandomWalk,2025-10-01,2025-12-01,3,622.165,622.145,False
Lake Albert,RandomWalk,2025-07-01,2025-12-01,6,622.025,622.145,False
Lake Albert,RandomWalk,2025-01-01,2025-12-01,12,622.838333,622.145,False
Lake Albert,SeasonalNaive,2021-01-01,2021-01-01,1,620.39,622.803333,False
Lake Albert,SeasonalNaive,2021-02-01,2021-02-01,1,620.37,622.6975,False
Lake Albert,SeasonalNaive,2021-03-01,2021-03-01,1,620.373333,622.515,False
Lake Albert,SeasonalNaive,2021-01-01,2021-03-01,3,620.373333,622.515,False
Lake Albert,SeasonalNaive,2021-04-01,2021-04-01,1,620.42,622.41875,False
Lake Albert,SeasonalNaive,2021-02-01,2021-04-01,3,620.42,622.41875,False
Lake Albert,SeasonalNaive,2021-05-01,2021-05-01,1,620.745,622.43,False
Lake Albert,SeasonalNaive,2021-03-01,2021-05-01,3,620.745,622.43,False
Lake Albert,SeasonalNaive,2021-06-01,2021-06-01,1,620.995,622.47,False
Lake Albert,SeasonalNaive,2021-04-01,2021-06-01,3,620.995,622.47,False
Lake Albert,SeasonalNaive,2021-01-01,2021-06-01,6,620.995,622.47,False
Lake Albert,SeasonalNaive,2021-07-01,2021-07-01,1,621.1525,622.56,False
Lake Albert,SeasonalNaive,2021-05-01,2021-07-01,3,621.1525,622.56,False
Lake Albert,SeasonalNaive,2021-02-01,2021-07-01,6,621.1525,622.56,False
Lake Albert,SeasonalNaive,2021-08-01,2021-08-01,1,621.386667,622.5625,False
Lake Albert,SeasonalNaive,2021-06-01,2021-08-01,3,621.386667,622.5625,False
Lake Albert,SeasonalNaive,2021-03-01,2021-08-01,6,621.386667,622.5625,False
Lake Albert,SeasonalNaive,2021-09-01,2021-09-01,1,621.95,622.6125,False
Lake Albert,SeasonalNaive,2021-07-01,2021-09-01,3,621.95,622.6125,False
Lake Albert,SeasonalNaive,2021-04-01,2021-09-01,6,621.95,622.6125,False
Lake Albert,SeasonalNaive,2021-10-01,2021-10-01,1,622.0,622.54375,False
Lake Albert,SeasonalNaive,2021-08-01,2021-10-01,3,622.0,622.54375,False
Lake Albert,SeasonalNaive,2021-05-01,2021-10-01,6,622.0,622.54375,False
Lake Albert,SeasonalNaive,2021-11-01,2021-11-01,1,622.44,622.5625,False
Lake Albert,SeasonalNaive,2021-09-01,2021-11-01,3,622.44,622.5625,False
Lake Albert,SeasonalNaive,2021-06-01,2021-11-01,6,622.44,622.5625,False
Lake Albert,SeasonalNaive,2021-12-01,2021-12-01,1,622.62,622.3475,False
Lake Albert,SeasonalNaive,2021-10-01,2021-12-01,3,622.62,622.3475,False
Lake Albert,SeasonalNaive,2021-07-01,2021-12-01,6,622.62,622.3475,False
Lake Albert,SeasonalNaive,2021-01-01,2021-12-01,12,622.62,622.3475,False
Lake Albert,SeasonalNaive,2022-01-01,2022-01-01,1,622.803333,622.125,False
Lake Albert,SeasonalNaive,2021-11-01,2022-01-01,3,622.803333,622.125,False
Lake Albert,SeasonalNaive,2021-08-01,2022-01-01,6,622.803333,622.125,False
Lake Albert,SeasonalNaive,2021-02-01,2022-01-01,12,622.803333,622.125,False
Lake Albert,SeasonalNaive,2022-02-01,2022-02-01,1,622.6975,621.86,False
Lake Albert,SeasonalNaive,2021-12-01,2022-02-01,3,622.6975,621.86,False
Lake Albert,SeasonalNaive,2021-09-01,2022-02-01,6,622.6975,621.86,False
Lake Albert,SeasonalNaive,2021-03-01,2022-02-01,12,622.6975,621.86,False
Lake Albert,SeasonalNaive,2022-03-01,2022-03-01,1,622.515,621.5625,False
Lake Albert,SeasonalNaive,2022-01-01,2022-03-01,3,622.515,621.5625,False
Lake Albert,SeasonalNaive,2021-10-01,2022-03-01,6,622.515,621.5625,False
Lake Albert,SeasonalNaive,2021-04-01,2022-03-01,12,622.515,621.5625,False
Lake Albert,SeasonalNaive,2022-04-01,2022-04-01,1,622.41875,621.343333,False
Lake Albert,SeasonalNaive,2022-02-01,2022-04-01,3,622.41875,621.343333,False
Lake Albert,SeasonalNaive,2021-11-01,2022-04-01,6,622.41875,621.343333,False
Lake Albert,SeasonalNaive,2021-05-01,2022-04-01,12,622.41875,621.343333,False
Lake Albert,SeasonalNaive,2022-05-01,2022-05-01,1,622.43,621.22,False
Lake Albert,SeasonalNaive,2022-03-01,2022-05-01,3,622.43,621.22,False
Lake Albert,SeasonalNaive,2021-12-01,2022-05-01,6,622.43,621.22,False
Lake Albert,SeasonalNaive,2021-06-01,2022-05-01,12,622.43,621.22,False
Lake Albert,SeasonalNaive,2022-06-01,2022-06-01,1,622.47,621.04625,False
Lake Albert,SeasonalNaive,2022-04-01,2022-06-01,3,622.47,621.04625,False
Lake Albert,SeasonalNaive,2022-01-01,2022-06-01,6,622.47,621.04625,False
Lake Albert,SeasonalNaive,2021-07-01,2022-06-01,12,622.47,621.04625,False
Lake Albert,SeasonalNaive,2022-07-01,2022-07-01,1,622.56,620.95875,False
Lake Albert,SeasonalNaive,2022-05-01,2022-07-01,3,622.56,620.95875,False
Lake Albert,SeasonalNaive,2022-02-01,2022-07-01,6,622.56,620.95875,False
Lake Albert,SeasonalNaive,2021-08-01,2022-07-01,12,622.56,620.95875,False
Lake Albert,SeasonalNaive,2022-08-01,2022-08-01,1,622.5625,621.005,False
Lake Albert,SeasonalNaive,2022-06-01,2022-08-01,3,622.5625,621.005,False
Lake Albert,SeasonalNaive,2022-03-01,2022-08-01,6,622.5625,621.005,False
Lake Albert,SeasonalNaive,2021-09-01,2022-08-01,12,622.5625,621.005,False
Lake Albert,SeasonalNaive,2022-09-01,2022-09-01,1,622.6125,621.033333,False
Lake Albert,SeasonalNaive,2022-07-01,2022-09-01,3,622.6125,621.033333,False
Lake Albert,SeasonalNaive,2022-04-01,2022-09-01,6,622.6125,621.033333,False
Lake Albert,SeasonalNaive,2021-10-01,2022-09-01,12,622.6125,621.033333,False
Lake Albert,SeasonalNaive,2022-10-01,2022-10-01,1,622.54375,621.071667,False
Lake Albert,SeasonalNaive,2022-08-01,2022-10-01,3,622.54375,621.071667,False
Lake Albert,SeasonalNaive,2022-05-01,2022-10-01,6,622.54375,621.071667,False
Lake Albert,SeasonalNaive,2021-11-01,2022-10-01,12,622.54375,621.071667,False
Lake Albert,SeasonalNaive,2022-11-01,2022-11-01,1,622.5625,621.17625,False
Lake Albert,SeasonalNaive,2022-09-01,2022-11-01,3,622.5625,621.17625,False
Lake Albert,SeasonalNaive,2022-06-01,2022-11-01,6,622.5625,621.17625,False
Lake Albert,SeasonalNaive,2021-12-01,2022-11-01,12,622.5625,621.17625,False
Lake Albert,SeasonalNaive,2022-12-01,2022-12-01,1,622.3475,621.17,False
Lake Albert,SeasonalNaive,2022-10-01,2022-12-01,3,622.3475,621.17,False
Lake Albert,SeasonalNaive,2022-07-01,2022-12-01,6,622.3475,621.17,False
Lake Albert,SeasonalNaive,2022-01-01,2022-12-01,12,622.3475,621.17,False
Lake Albert,SeasonalNaive,2023-01-01,2023-01-01,1,622.125,621.0475,False
Lake Albert,SeasonalNaive,2022-11-01,2023-01-01,3,622.125,621.0475,False
Lake Albert,SeasonalNaive,2022-08-01,2023-01-01,6,622.125,621.0475,False
Lake Albert,SeasonalNaive,2022-02-01,2023-01-01,12,622.125,621.0475,False
Lake Albert,SeasonalNaive,2023-02-01,2023-02-01,1,621.86,620.83,False
Lake Albert,SeasonalNaive,2022-12-01,2023-02-01,3,621.86,620.83,False
Lake Albert,SeasonalNaive,2022-09-01,2023-02-01,6,621.86,620.83,False
Lake Albert,SeasonalNaive,2022-03-01,2023-02-01,12,621.86,620.83,False
Lake Albert,SeasonalNaive,2023-03-01,2023-03-01,1,621.5625,620.69,False
Lake Albert,SeasonalNaive,2023-01-01,2023-03-01,3,621.5625,620.69,False
Lake Albert,SeasonalNaive,2022-10-01,2023-03-01,6,621.5625,620.69,False
Lake Albert,SeasonalNaive,2022-04-01,2023-03-01,12,621.5625,620.69,False
Lake Albert,SeasonalNaive,2023-04-01,2023-04-01,1,621.343333,620.718333,False
Lake Albert,SeasonalNaive,2023-02-01,2023-04-01,3,621.343333,620.718333,False
Lake Albert,SeasonalNaive,2022-11-01,2023-04-01,6,621.343333,620.718333,False
Lake Albert,SeasonalNaive,2022-05-01,2023-04-01,12,621.343333,620.718333,False
Lake Albert,SeasonalNaive,2023-05-01,2023-05-01,1,621.22,620.641667,False
Lake Albert,SeasonalNaive,2023-03-01,2023-05-01,3,621.22,620.641667,False
Lake Albert,SeasonalNaive,2022-12-01,2023-05-01,6,621.22,620.641667,False
Lake Albert,SeasonalNaive,2022-06-01,2023-05-01,12,621.22,620.641667,False
Lake Albert,SeasonalNaive,2023-06-01,2023-06-01,1,621.04625,620.778333,False
Lake Albert,SeasonalNaive,2023-04-01,2023-06-01,3,621.04625,620.778333,False
Lake Albert,SeasonalNaive,2023-01-01,2023-06-01,6,621.04625,620.778333,False
Lake Albert,SeasonalNaive,2022-07-01,2023-06-01,12,621.04625,620.778333,False
Lake Albert,SeasonalNaive,2023-07-01,2023-07-01,1,620.95875,620.785,False
Lake Albert,SeasonalNaive,2023-05-01,2023-07-01,3,620.95875,620.785,False
Lake Albert,SeasonalNaive,2023-02-01,2023-07-01,6,620.95875,620.785,False
Lake Albert,SeasonalNaive,2022-08-01,2023-07-01,12,620.95875,620.785,False
Lake Albert,SeasonalNaive,2023-08-01,2023-08-01,1,621.005,620.7525,False
Lake Albert,SeasonalNaive,2023-06-01,2023-08-01,3,621.005,620.7525,False
Lake Albert,SeasonalNaive,2023-03-01,2023-08-01,6,621.005,620.7525,False
Lake Albert,SeasonalNaive,2022-09-01,2023-08-01,12,621.005,620.7525,False
Lake Albert,SeasonalNaive,2023-09-01,2023-09-01,1,621.033333,620.6275,False
Lake Albert,SeasonalNaive,2023-07-01,2023-09-01,3,621.033333,620.6275,False
Lake Albert,SeasonalNaive,2023-04-01,2023-09-01,6,621.033333,620.6275,False
Lake Albert,SeasonalNaive,2022-10-01,2023-09-01,12,621.033333,620.6275,False
Lake Albert,SeasonalNaive,2023-10-01,2023-10-01,1,621.071667,620.6825,False
Lake Albert,SeasonalNaive,2023-08-01,2023-10-01,3,621.071667,620.6825,False
Lake Albert,SeasonalNaive,2023-05-01,2023-10-01,6,621.071667,620.6825,False
Lake Albert,SeasonalNaive,2022-11-01,2023-10-01,12,621.071667,620.6825,False
Lake Albert,SeasonalNaive,2023-11-01,2023-11-01,1,621.17625,621.1,False
Lake Albert,SeasonalNaive,2023-09-01,2023-11-01,3,621.17625,621.1,False
Lake Albert,SeasonalNaive,2023-06-01,2023-11-01,6,621.17625,621.1,False
Lake Albert,SeasonalNaive,2022-12-01,2023-11-01,12,621.17625,621.1,False
Lake Albert,SeasonalNaive,2023-12-01,2023-12-01,1,621.17,621.31,False
Lake Albert,SeasonalNaive,2023-10-01,2023-12-01,3,621.17,621.31,False
Lake Albert,SeasonalNaive,2023-07-01,2023-12-01,6,621.17,621.31,False
Lake Albert,SeasonalNaive,2023-01-01,2023-12-01,12,621.17,621.31,False
Lake Albert,SeasonalNaive,2024-01-01,2024-01-01,1,621.0475,621.5575,False
Lake Albert,SeasonalNaive,2023-11-01,2024-01-01,3,621.0475,621.5575,False
Lake Albert,SeasonalNaive,2023-08-01,2024-01-01,6,621.0475,621.5575,False
Lake Albert,SeasonalNaive,2023-02-01,2024-01-01,12,621.0475,621.5575,False
Lake Albert,SeasonalNaive,2024-02-01,2024-02-01,1,620.83,621.495,False
Lake Albert,SeasonalNaive,2023-12-01,2024-02-01,3,620.83,621.495,False
Lake Albert,SeasonalNaive,2023-09-01,2024-02-01,6,620.83,621.495,False
Lake Albert,SeasonalNaive,2023-03-01,2024-02-01,12,620.83,621.495,False
Lake Albert,SeasonalNaive,2024-03-01,2024-03-01,1,620.69,621.543333,False
Lake Albert,SeasonalNaive,2024-01-01,2024-03-01,3,620.69,621.543333,False
Lake Albert,SeasonalNaive,2023-10-01,2024-03-01,6,620.69,621.543333,False
Lake Albert,SeasonalNaive,2023-04-01,2024-03-01,12,620.69,621.543333,False
Lake Albert,SeasonalNaive,2024-04-01,2024-04-01,1,620.718333,621.538333,False
Lake Albert,SeasonalNaive,2024-02-01,2024-04-01,3,620.718333,621.538333,False
Lake Albert,SeasonalNaive,2023-11-01,2024-04-01,6,620.718333,621.538333,False
Lake Albert,SeasonalNaive,2023-05-01,2024-04-01,12,620.718333,621.538333,False
Lake Albert,SeasonalNaive,2024-05-01,2024-05-01,1,620.641667,621.67,False
Lake Albert,SeasonalNaive,2024-03-01,2024-05-01,3,620.641667,621.67,False
Lake Albert,SeasonalNaive,2023-12-01,2024-05-01,6,620.641667,621.67,False
Lake Albert,SeasonalNaive,2023-06-01,2024-05-01,12,620.641667,621.67,False
Lake Albert,SeasonalNaive,2024-06-01,2024-06-01,1,620.778333,621.901667,False
Lake Albert,SeasonalNaive,2024-04-01,2024-06-01,3,620.778333,621.901667,False
Lake Albert,SeasonalNaive,2024-01-01,2024-06-01,6,620.778333,621.901667,False
Lake Albert,SeasonalNaive,2023-07-01,2024-06-01,12,620.778333,621.901667,False
Lake Albert,SeasonalNaive,2024-07-01,2024-07-01,1,620.785,621.971667,False
Lake Albert,SeasonalNaive,2024-05-01,2024-07-01,3,620.785,621.971667,False
Lake Albert,SeasonalNaive,2024-02-01,2024-07-01,6,620.785,621.971667,False
Lake Albert,SeasonalNaive,2023-08-01,2024-07-01,12,620.785,621.971667,False
Lake Albert,SeasonalNaive,2024-08-01,2024-08-01,1,620.7525,622.22,False
Lake Albert,SeasonalNaive,2024-06-01,2024-08-01,3,620.7525,622.22,False
Lake Albert,SeasonalNaive,2024-03-01,2024-08-01,6,620.7525,622.22,False
Lake Albert,SeasonalNaive,2023-09-01,2024-08-01,12,620.7525,622.22,False
Lake Albert,SeasonalNaive,2024-09-01,2024-09-01,1,620.6275,622.375,False
Lake Albert,SeasonalNaive,2024-07-01,2024-09-01,3,620.6275,622.375,False
Lake Albert,SeasonalNaive,2024-04-01,2024-09-01,6,620.6275,622.375,False
Lake Albert,SeasonalNaive,2023-10-01,2024-09-01,12,620.6275,622.375,False
Lake Albert,SeasonalNaive,2024-10-01,2024-10-01,1,620.6825,622.6525,False
Lake Albert,SeasonalNaive,2024-08-01,2024-10-01,3,620.6825,622.6525,False
Lake Albert,SeasonalNaive,2024-05-01,2024-10-01,6,620.6825,622.6525,False
Lake Albert,SeasonalNaive,2023-11-01,2024-10-01,12,620.6825,622.6525,False
Lake Albert,SeasonalNaive,2024-11-01,2024-11-01,1,621.1,622.735,False
Lake Albert,SeasonalNaive,2024-09-01,2024-11-01,3,621.1,622.735,False
Lake Albert,SeasonalNaive,2024-06-01,2024-11-01,6,621.1,622.735,False
Lake Albert,SeasonalNaive,2023-12-01,2024-11-01,12,621.1,622.735,False
Lake Albert,SeasonalNaive,2024-12-01,2024-12-01,1,621.31,622.838333,False
Lake Albert,SeasonalNaive,2024-10-01,2024-12-01,3,621.31,622.838333,False
Lake Albert,SeasonalNaive,2024-07-01,2024-12-01,6,621.31,622.838333,False
Lake Albert,SeasonalNaive,2024-01-01,2024-12-01,12,621.31,622.838333,False
Lake Albert,SeasonalNaive,2025-01-01,2025-01-01,1,621.5575,622.62,False
Lake Albert,SeasonalNaive,2024-11-01,2025-01-01,3,621.5575,622.62,False
Lake Albert,SeasonalNaive,2024-08-01,2025-01-01,6,621.5575,622.62,False
Lake Albert,SeasonalNaive,2024-02-01,2025-01-01,12,621.5575,622.62,False
Lake Albert,SeasonalNaive,2025-02-01,2025-02-01,1,621.495,622.285,False
Lake Albert,SeasonalNaive,2024-12-01,2025-02-01,3,621.495,622.285,False
Lake Albert,SeasonalNaive,2024-09-01,2025-02-01,6,621.495,622.285,False
Lake Albert,SeasonalNaive,2024-03-01,2025-02-01,12,621.495,622.285,False
Lake Albert,SeasonalNaive,2025-03-01,2025-03-01,1,621.543333,622.025,False
Lake Albert,SeasonalNaive,2025-01-01,2025-03-01,3,621.543333,622.025,False
Lake Albert,SeasonalNaive,2024-10-01,2025-03-01,6,621.543333,622.025,False
Lake Albert,SeasonalNaive,2024-04-01,2025-03-01,12,621.543333,622.025,False
Lake Albert,SeasonalNaive,2025-04-01,2025-04-01,1,621.538333,622.105,False
Lake Albert,SeasonalNaive,2025-02-01,2025-04-01,3,621.538333,622.105,False
Lake Albert,SeasonalNaive,2024-11-01,2025-04-01,6,621.538333,622.105,False
Lake Albert,SeasonalNaive,2024-05-01,2025-04-01,12,621.538333,622.105,False
Lake Albert,SeasonalNaive,2025-05-01,2025-05-01,1,621.67,622.075,False
Lake Albert,SeasonalNaive,2025-03-01,2025-05-01,3,621.67,622.075,False
Lake Albert,SeasonalNaive,2024-12-01,2025-05-01,6,621.67,622.075,False
Lake Albert,SeasonalNaive,2024-06-01,2025-05-01,12,621.67,622.075,False
Lake Albert,SeasonalNaive,2025-06-01,2025-06-01,1,621.901667,622.025,False
Lake Albert,SeasonalNaive,2025-04-01,2025-06-01,3,621.901667,622.025,False
Lake Albert,SeasonalNaive,2025-01-01,2025-06-01,6,621.901667,622.025,False
Lake Albert,SeasonalNaive,2024-07-01,2025-06-01,12,621.901667,622.025,False
Lake Albert,SeasonalNaive,2025-07-01,2025-07-01,1,621.971667,622.045,False
Lake Albert,SeasonalNaive,2025-05-01,2025-07-01,3,621.971667,622.045,False
Lake Albert,SeasonalNaive,2025-02-01,2025-07-01,6,621.971667,622.045,False
Lake Albert,SeasonalNaive,2024-08-01,2025-07-01,12,621.971667,622.045,False
Lake Albert,SeasonalNaive,2025-08-01,2025-08-01,1,622.22,622.145,False
Lake Albert,SeasonalNaive,2025-06-01,2025-08-01,3,622.22,622.145,False
Lake Albert,SeasonalNaive,2025-03-01,2025-08-01,6,622.22,622.145,False
Lake Albert,SeasonalNaive,2024-09-01,2025-08-01,12,622.22,622.145,False
Lake Albert,SeasonalNaive,2025-09-01,2025-09-01,1,622.375,622.165,False
Lake Albert,SeasonalNaive,2025-07-01,2025-09-01,3,622.375,622.165,False
Lake Albert,SeasonalNaive,2025-04-01,2025-09-01,6,622.375,622.165,False
Lake Albert,SeasonalNaive,2024-10-01,2025-09-01,12,622.375,622.165,False
Lake Albert,SeasonalNaive,2025-10-01,2025-10-01,1,622.6525,622.205,False
Lake Albert,SeasonalNaive,2025-08-01,2025-10-01,3,622.6525,622.205,False
Lake Albert,SeasonalNaive,2025-05-01,2025-10-01,6,622.6525,622.205,False
Lake Albert,SeasonalNaive,2024-11-01,2025-10-01,12,622.6525,622.205,False
Lake Albert,SeasonalNaive,2025-11-01,2025-11-01,1,622.735,622.285,False
Lake Albert,SeasonalNaive,2025-09-01,2025-11-01,3,622.735,622.285,False
Lake Albert,SeasonalNaive,2025-06-01,2025-11-01,6,622.735,622.285,False
Lake Albert,SeasonalNaive,2024-12-01,2025-11-01,12,622.735,622.285,False
Lake Albert,SeasonalNaive,2025-12-01,2025-12-01,1,622.838333,622.145,False
Lake Albert,SeasonalNaive,2025-10-01,2025-12-01,3,622.838333,622.145,False
Lake Albert,SeasonalNaive,2025-07-01,2025-12-01,6,622.838333,622.145,False
Lake Albert,SeasonalNaive,2025-01-01,2025-12-01,12,622.838333,622.145,False
Lake Albert,ARIMA,2021-01-01,2021-01-01,1,622.643719,622.803333,False
Lake Albert,ARIMA,2021-02-01,2021-02-01,1,622.810295,622.6975,False
Lake Albert,ARIMA,2021-03-01,2021-03-01,1,622.70488,622.515,False
Lake Albert,ARIMA,2021-01-01,2021-03-01,3,622.631503,622.515,False
Lake Albert,ARIMA,2021-04-01,2021-04-01,1,622.543997,622.41875,False
Lake Albert,ARIMA,2021-02-01,2021-04-01,3,622.913412,622.41875,False
Lake Albert,ARIMA,2021-05-01,2021-05-01,1,622.45045,622.43,False
Lake Albert,ARIMA,2021-03-01,2021-05-01,3,622.84333,622.43,False
Lake Albert,ARIMA,2021-06-01,2021-06-01,1,622.425249,622.47,False
Lake Albert,ARIMA,2021-04-01,2021-06-01,3,622.611171,622.47,False
Lake Albert,ARIMA,2021-01-01,2021-06-01,6,622.800487,622.47,False
Lake Albert,ARIMA,2021-07-01,2021-07-01,1,622.419203,622.56,False
Lake Albert,ARIMA,2021-05-01,2021-07-01,3,622.392915,622.56,False
Lake Albert,ARIMA,2021-02-01,2021-07-01,6,622.987194,622.56,False
Lake Albert,ARIMA,2021-08-01,2021-08-01,1,622.518642,622.5625,False
Lake Albert,ARIMA,2021-06-01,2021-08-01,3,622.294976,622.5625,False
Lake Albert,ARIMA,2021-03-01,2021-08-01,6,622.76589,622.5625,False
Lake Albert,ARIMA,2021-09-01,2021-09-01,1,622.565457,622.6125,False
Lake Albert,ARIMA,2021-07-01,2021-09-01,3,622.33187,622.6125,False
Lake Albert,ARIMA,2021-04-01,2021-09-01,6,622.476757,622.6125,False
Lake Albert,ARIMA,2021-10-01,2021-10-01,1,622.677135,622.54375,False
Lake Albert,ARIMA,2021-08-01,2021-10-01,3,622.565053,622.54375,False
Lake Albert,ARIMA,2021-05-01,2021-10-01,6,622.340346,622.54375,False
Lake Albert,ARIMA,2021-11-01,2021-11-01,1,622.593628,622.5625,False
Lake Albert,ARIMA,2021-09-01,2021-11-01,3,622.689949,622.5625,False
Lake Albert,ARIMA,2021-06-01,2021-11-01,6,622.37085,622.5625,False
Lake Albert,ARIMA,2021-12-01,2021-12-01,1,622.566301,622.3475,False
Lake Albert,ARIMA,2021-10-01,2021-12-01,3,622.775315,622.3475,False
Lake Albert,ARIMA,2021-07-01,2021-12-01,6,622.451086,622.3475,False
Lake Albert,ARIMA,2021-01-01,2021-12-01,12,622.811851,622.3475,False
Lake Albert,ARIMA,2022-01-01,2022-01-01,1,622.257261,622.125,False
Lake Albert,ARIMA,2021-11-01,2022-01-01,3,622.555195,622.125,False
Lake Albert,ARIMA,2021-08-01,2022-01-01,6,622.608804,622.125,False
Lake Albert,ARIMA,2021-02-01,2022-01-01,12,622.998689,622.125,False
Lake Albert,ARIMA,2022-02-01,2022-02-01,1,622.012865,621.86,False
Lake Albert,ARIMA,2021-12-01,2022-02-01,3,622.451362,621.86,False
Lake Albert,ARIMA,2021-09-01,2022-02-01,6,622.612984,621.86,False
Lake Albert,ARIMA,2021-03-01,2022-02-01,12,622.770325,621.86,False
Lake Albert,ARIMA,2022-03-01,2022-03-01,1,621.785457,621.5625,False
Lake Albert,ARIMA,2022-01-01,2022-03-01,3,622.1364,621.5625,False
Lake Albert,ARIMA,2021-10-01,2022-03-01,6,622.665774,621.5625,False
Lake Albert,ARIMA,2021-04-01,2022-03-01,12,622.474814,621.5625,False
Lake Albert,ARIMA,2022-04-01,2022-04-01,1,621.531216,621.343333,False
Lake Albert,ARIMA,2022-02-01,2022-04-01,3,621.99134,621.343333,False
Lake Albert,ARIMA,2021-11-01,2022-04-01,6,622.520013,621.343333,False
Lake Albert,ARIMA,2021-05-01,2022-04-01,12,622.335837,621.343333,False
Lake Albert,ARIMA,2022-05-01,2022-05-01,1,621.322508,621.22,False
Lake Albert,ARIMA,2022-03-01,2022-05-01,3,621.831881,621.22,False
Lake Albert,ARIMA,2021-12-01,2022-05-01,6,622.533493,621.22,False
Lake Albert,ARIMA,2021-06-01,2022-05-01,12,622.367022,621.22,False
Lake Albert,ARIMA,2022-06-01,2022-06-01,1,621.166627,621.04625,False
Lake Albert,ARIMA,2022-04-01,2022-06-01,3,621.530125,621.04625,False
Lake Albert,ARIMA,2022-01-01,2022-06-01,6,622.233251,621.04625,False
Lake Albert,ARIMA,2021-07-01,2022-06-01,12,622.449238,621.04625,False
Lake Albert,ARIMA,2022-07-01,2022-07-01,1,620.937929,620.95875,False
Lake Albert,ARIMA,2022-05-01,2022-07-01,3,621.212161,620.95875,False
Lake Albert,ARIMA,2022-02-01,2022-07-01,6,621.994485,620.95875,False
Lake Albert,ARIMA,2021-08-01,2022-07-01,12,622.611369,620.95875,False
Lake Albert,ARIMA,2022-08-01,2022-08-01,1,620.863227,621.005,False
Lake Albert,ARIMA,2022-06-01,2022-08-01,3,620.994246,621.005,False
Lake Albert,ARIMA,2022-03-01,2022-08-01,6,621.710879,621.005,False
Lake Albert,ARIMA,2021-09-01,2022-08-01,12,622.616252,621.005,False
Lake Albert,ARIMA,2022-09-01,2022-09-01,1,620.99297,621.033333,False
Lake Albert,ARIMA,2022-07-01,2022-09-01,3,620.799091,621.033333,False
Lake Albert,ARIMA,2022-04-01,2022-09-01,6,621.37139,621.033333,False
Lake Albert,ARIMA,2021-10-01,2022-09-01,12,622.669908,621.033333,False
Lake Albert,ARIMA,2022-10-01,2022-10-01,1,621.086541,621.071667,False
Lake Albert,ARIMA,2022-08-01,2022-10-01,3,620.855811,621.071667,False
Lake Albert,ARIMA,2022-05-01,2022-10-01,6,621.140361,621.071667,False
Lake Albert,ARIMA,2021-11-01,2022-10-01,12,622.519098,621.071667,False
Lake Albert,ARIMA,2022-11-01,2022-11-01,1,621.131857,621.17625,False
Lake Albert,ARIMA,2022-09-01,2022-11-01,3,621.097221,621.17625,False
Lake Albert,ARIMA,2022-06-01,2022-11-01,6,621.045893,621.17625,False
Lake Albert,ARIMA,2021-12-01,2022-11-01,12,622.531635,621.17625,False
Lake Albert,ARIMA,2022-12-01,2022-12-01,1,621.197434,621.17,False
Lake Albert,ARIMA,2022-10-01,2022-12-01,3,621.164369,621.17,False
Lake Albert,ARIMA,2022-07-01,2022-12-01,6,620.882435,621.17,False
Lake Albert,ARIMA,2022-01-01,2022-12-01,12,622.225044,621.17,False
Lake Albert,ARIMA,2023-01-01,2023-01-01,1,621.124968,621.0475,False
Lake Albert,ARIMA,2022-11-01,2023-01-01,3,621.099916,621.0475,False
Lake Albert,ARIMA,2022-08-01,2023-01-01,6,620.863236,621.0475,False
Lake Albert,ARIMA,2022-02-01,2023-01-01,12,621.985123,621.0475,False
Lake Albert,ARIMA,2023-02-01,2023-02-01,1,620.97625,620.83,False
Lake Albert,ARIMA,2022-12-01,2023-02-01,3,621.102931,620.83,False
Lake Albert,ARIMA,2022-09-01,2023-02-01,6,621.006222,620.83,False
Lake Albert,ARIMA,2022-03-01,2023-02-01,12,621.700883,620.83,False
Lake Albert,ARIMA,2023-03-01,2023-03-01,1,620.78356,620.69,False
Lake Albert,ARIMA,2023-01-01,2023-03-01,3,621.055896,620.69,False
Lake Albert,ARIMA,2022-10-01,2023-03-01,6,621.052338,620.69,False
Lake Albert,ARIMA,2022-04-01,2023-03-01,12,621.35927,620.69,False
Lake Albert,ARIMA,2023-04-01,2023-04-01,1,620.697733,620.718333,False
Lake Albert,ARIMA,2023-02-01,2023-04-01,3,620.996892,620.718333,False
Lake Albert,ARIMA,2022-11-01,2023-04-01,6,621.07758,620.718333,False
Lake Albert,ARIMA,2022-05-01,2023-04-01,12,621.12752,620.718333,False
Lake Albert,ARIMA,2023-05-01,2023-05-01,1,620.756721,620.641667,False
Lake Albert,ARIMA,2023-03-01,2023-05-01,3,620.85335,620.641667,False
Lake Albert,ARIMA,2022-12-01,2023-05-01,6,621.198913,620.641667,False
Lake Albert,ARIMA,2022-06-01,2023-05-01,12,621.034383,620.641667,False
Lake Albert,ARIMA,2023-06-01,2023-06-01,1,620.622272,620.778333,False
Lake Albert,ARIMA,2023-04-01,2023-06-01,3,620.731152,620.778333,False
Lake Albert,ARIMA,2023-01-01,2023-06-01,6,621.171818,620.778333,False
Lake Albert,ARIMA,2022-07-01,2023-06-01,12,620.870949,620.778333,False
Lake Albert,ARIMA,2023-07-01,2023-07-01,1,620.740398,620.785,False
Lake Albert,ARIMA,2023-05-01,2023-07-01,3,620.705273,620.785,False
Lake Albert,ARIMA,2023-02-01,2023-07-01,6,621.014696,620.785,False
Lake Albert,ARIMA,2022-08-01,2023-07-01,12,620.856235,620.785,False
Lake Albert,ARIMA,2023-08-01,2023-08-01,1,620.740062,620.7525,False
Lake Albert,ARIMA,2023-06-01,2023-08-01,3,620.48589,620.7525,False
Lake Albert,ARIMA,2023-03-01,2023-08-01,6,620.745938,620.7525,False
Lake Albert,ARIMA,2022-09-01,2023-08-01,12,621.006264,620.7525,False
Lake Albert,ARIMA,2023-09-01,2023-09-01,1,620.74961,620.6275,False
Lake Albert,ARIMA,2023-07-01,2023-09-01,3,620.677333,620.6275,False
Lake Albert,ARIMA,2023-04-01,2023-09-01,6,620.596508,620.6275,False
Lake Albert,ARIMA,2022-10-01,2023-09-01,12,621.05421,620.6275,False
Lake Albert,ARIMA,2023-10-01,2023-10-01,1,620.655705,620.6825,False
Lake Albert,ARIMA,2023-08-01,2023-10-01,3,620.783436,620.6825,False
Lake Albert,ARIMA,2023-05-01,2023-10-01,6,620.668081,620.6825,False
Lake Albert,ARIMA,2022-11-01,2023-10-01,12,621.078616,620.6825,False
Lake Albert,ARIMA,2023-11-01,2023-11-01,1,620.733027,621.1,False
Lake Albert,ARIMA,2023-09-01,2023-11-01,3,620.859251,621.1,False
Lake Albert,ARIMA,2023-06-01,2023-11-01,6,620.55928,621.1,False
Lake Albert,ARIMA,2022-12-01,2023-11-01,12,621.200457,621.1,False
Lake Albert,ARIMA,2023-12-01,2023-12-01,1,621.174375,621.31,False
Lake Albert,ARIMA,2023-10-01,2023-12-01,3,620.707594,621.31,False
Lake Albert,ARIMA,2023-07-01,2023-12-01,6,620.793071,621.31,False
Lake Albert,ARIMA,2023-01-01,2023-12-01,12,621.171331,621.31,False
Lake Albert,ARIMA,2024-01-01,2024-01-01,1,621.331137,621.5575,False
Lake Albert,ARIMA,2023-11-01,2024-01-01,3,620.697251,621.5575,False
Lake Albert,ARIMA,2023-08-01,2024-01-01,6,620.813489,621.5575,False
Lake Albert,ARIMA,2023-02-01,2024-01-01,12,621.011866,621.5575,False
Lake Albert,ARIMA,2024-02-01,2024-02-01,1,621.581492,621.495,False
Lake Albert,ARIMA,2023-12-01,2024-02-01,3,621.139687,621.495,False
Lake Albert,ARIMA,2023-09-01,2024-02-01,6,620.776419,621.495,False
Lake Albert,ARIMA,2023-03-01,2024-02-01,12,620.740297,621.495,False
Lake Albert,ARIMA,2024-03-01,2024-03-01,1,621.514865,621.543333,False
Lake Albert,ARIMA,2024-01-01,2024-03-01,3,621.324238,621.543333,False
Lake Albert,ARIMA,2023-10-01,2024-03-01,6,620.590287,621.543333,False
Lake Albert,ARIMA,2023-04-01,2024-03-01,12,620.590883,621.543333,False
Lake Albert,ARIMA,2024-04-01,2024-04-01,1,621.608709,621.538333,False
Lake Albert,ARIMA,2024-02-01,2024-04-01,3,621.686942,621.538333,False
Lake Albert,ARIMA,2023-11-01,2024-04-01,6,620.67074,621.538333,False
Lake Albert,ARIMA,2023-05-01,2024-04-01,12,620.665387,621.538333,False
Lake Albert,ARIMA,2024-05-01,2024-05-01,1,621.595691,621.67,False
Lake Albert,ARIMA,2024-03-01,2024-05-01,3,621.64178,621.67,False
Lake Albert,ARIMA,2023-12-01,2024-05-01,6,621.25171,621.67,False
Lake Albert,ARIMA,2023-06-01,2024-05-01,12,620.553845,621.67,False
Lake Albert,ARIMA,2024-06-01,2024-06-01,1,621.699965,621.901667,False
Lake Albert,ARIMA,2024-04-01,2024-06-01,3,621.703391,621.901667,False
Lake Albert,ARIMA,2024-01-01,2024-06-01,6,621.464887,621.901667,False
Lake Albert,ARIMA,2023-07-01,2024-06-01,12,620.793468,621.901667,False
Lake Albert,ARIMA,2024-07-01,2024-07-01,1,621.909353,621.971667,False
Lake Albert,ARIMA,2024-05-01,2024-07-01,3,621.575821,621.971667,False
Lake Albert,ARIMA,2024-02-01,2024-07-01,6,621.754206,621.971667,False
Lake Albert,ARIMA,2023-08-01,2024-07-01,12,620.814759,621.971667,False
Lake Albert,ARIMA,2024-08-01,2024-08-01,1,621.960066,622.22,False
Lake Albert,ARIMA,2024-06-01,2024-08-01,3,621.626074,622.22,False
Lake Albert,ARIMA,2024-03-01,2024-08-01,6,621.582917,622.22,False
Lake Albert,ARIMA,2023-09-01,2024-08-01,12,620.777969,622.22,False
Lake Albert,ARIMA,2024-09-01,2024-09-01,1,622.277027,622.375,False
Lake Albert,ARIMA,2024-07-01,2024-09-01,3,621.890426,622.375,False
Lake Albert,ARIMA,2024-04-01,2024-09-01,6,621.612279,622.375,False
Lake Albert,ARIMA,2023-10-01,2024-09-01,12,620.588382,622.375,False
Lake Albert,ARIMA,2024-10-01,2024-10-01,1,622.474298,622.6525,False
Lake Albert,ARIMA,2024-08-01,2024-10-01,3,622.023069,622.6525,False
Lake Albert,ARIMA,2024-05-01,2024-10-01,6,621.551899,622.6525,False
Lake Albert,ARIMA,2023-11-01,2024-10-01,12,620.670572,622.6525,False
Lake Albert,ARIMA,2024-11-01,2024-11-01,1,622.772789,622.735,False
Lake Albert,ARIMA,2024-09-01,2024-11-01,3,622.436364,622.735,False
Lake Albert,ARIMA,2024-06-01,2024-11-01,6,621.710622,622.735,False
Lake Albert,ARIMA,2023-12-01,2024-11-01,12,621.261874,622.735,False
Lake Albert,ARIMA,2024-12-01,2024-12-01,1,622.784271,622.838333,False
Lake Albert,ARIMA,2024-10-01,2024-12-01,3,622.598519,622.838333,False
Lake Albert,ARIMA,2024-07-01,2024-12-01,6,622.014628,622.838333,False
Lake Albert,ARIMA,2024-01-01,2024-12-01,12,621.474652,622.838333,False
Lake Albert,ARIMA,2025-01-01,2025-01-01,1,622.832046,622.62,False
Lake Albert,ARIMA,2024-11-01,2025-01-01,3,622.817215,622.62,False
Lake Albert,ARIMA,2024-08-01,2025-01-01,6,622.070379,622.62,False
Lake Albert,ARIMA,2024-02-01,2025-01-01,12,621.766693,622.62,False
Lake Albert,ARIMA,2025-02-01,2025-02-01,1,622.552205,622.285,False
Lake Albert,ARIMA,2024-12-01,2025-02-01,3,622.732037,622.285,False
Lake Albert,ARIMA,2024-09-01,2025-02-01,6,622.396169,622.285,False
Lake Albert,ARIMA,2024-03-01,2025-02-01,12,621.588688,622.285,False
Lake Albert,ARIMA,2025-03-01,2025-03-01,1,622.21476,622.025,False
Lake Albert,ARIMA,2025-01-01,2025-03-01,3,622.803376,622.025,False
Lake Albert,ARIMA,2024-10-01,2025-03-01,6,622.530312,622.025,False
Lake Albert,ARIMA,2024-04-01,2025-03-01,12,621.617382,622.025,False
Lake Albert,ARIMA,2025-04-01,2025-04-01,1,621.994076,622.105,False
Lake Albert,ARIMA,2025-02-01,2025-04-01,3,622.562771,622.105,False
Lake Albert,ARIMA,2024-11-01,2025-04-01,6,622.8291,622.105,False
Lake Albert,ARIMA,2024-05-01,2025-04-01,12,621.553384,622.105,False
Lake Albert,ARIMA,2025-05-01,2025-05-01,1,622.13363,622.075,False
Lake Albert,ARIMA,2025-03-01,2025-05-01,3,622.248202,622.075,False
Lake Albert,ARIMA,2024-12-01,2025-05-01,6,622.830631,622.075,False
Lake Albert,ARIMA,2024-06-01,2025-05-01,12,621.713394,622.075,False
Lake Albert,ARIMA,2025-06-01,2025-06-01,1,622.06555,622.025,False
Lake Albert,ARIMA,2025-04-01,2025-06-01,3,621.991264,622.025,False
Lake Albert,ARIMA,2025-01-01,2025-06-01,6,622.92211,622.025,False
Lake Albert,ARIMA,2024-07-01,2025-06-01,12,622.021645,622.025,False
Lake Albert,ARIMA,2025-07-01,2025-07-01,1,621.965138,622.045,False
Lake Albert,ARIMA,2025-05-01,2025-07-01,3,622.088639,622.045,False
Lake Albert,ARIMA,2025-02-01,2025-07-01,6,622.580842,622.045,False
Lake Albert,ARIMA,2024-08-01,2025-07-01,12,622.076379,622.045,False
Lake Albert,ARIMA,2025-08-01,2025-08-01,1,621.992201,622.145,False
Lake Albert,ARIMA,2025-06-01,2025-08-01,3,621.95056,622.145,False
Lake Albert,ARIMA,2025-03-01,2025-08-01,6,622.144202,622.145,False
Lake Albert,ARIMA,2024-09-01,2025-08-01,12,622.407836,622.145,False
Lake Albert,ARIMA,2025-09-01,2025-09-01,1,622.156721,622.165,False
Lake Albert,ARIMA,2025-07-01,2025-09-01,3,621.873619,622.165,False
Lake Albert,ARIMA,2025-04-01,2025-09-01,6,621.853467,622.165,False
Lake Albert,ARIMA,2024-10-01,2025-09-01,12,622.541154,622.165,False
Lake Albert,ARIMA,2025-10-01,2025-10-01,1,622.220529,622.205,False
Lake Albert,ARIMA,2025-08-01,2025-10-01,3,622.013352,622.205,False
Lake Albert,ARIMA,2025-05-01,2025-10-01,6,622.044363,622.205,False
Lake Albert,ARIMA,2024-11-01,2025-10-01,12,622.841414,622.205,False
Lake Albert,ARIMA,2025-11-01,2025-11-01,1,622.264725,622.285,False
Lake Albert,ARIMA,2025-09-01,2025-11-01,3,622.272313,622.285,False
Lake Albert,ARIMA,2025-06-01,2025-11-01,6,622.010611,622.285,False
Lake Albert,ARIMA,2024-12-01,2025-11-01,12,622.837035,622.285,False
Lake Albert,ARIMA,2025-12-01,2025-12-01,1,622.307068,622.145,False
Lake Albert,ARIMA,2025-10-01,2025-12-01,3,622.303261,622.145,False
Lake Albert,ARIMA,2025-07-01,2025-12-01,6,621.965783,622.145,False
Lake Albert,ARIMA,2025-01-01,2025-12-01,12,622.927158,622.145,False
Lake Albert,SARIMA,2021-01-01,2021-01-01,1,622.666106,622.803333,False
Lake Albert,SARIMA,2021-02-01,2021-02-01,1,622.823528,622.6975,False
Lake Albert,SARIMA,2021-03-01,2021-03-01,1,622.673494,622.515,False
Lake Albert,SARIMA,2021-01-01,2021-03-01,3,622.633163,622.515,False
Lake Albert,SARIMA,2021-04-01,2021-04-01,1,622.562325,622.41875,False
Lake Albert,SARIMA,2021-02-01,2021-04-01,3,622.876704,622.41875,False
Lake Albert,SARIMA,2021-05-01,2021-05-01,1,622.495403,622.43,False
Lake Albert,SARIMA,2021-03-01,2021-05-01,3,622.834391,622.43,False
Lake Albert,SARIMA,2021-06-01,2021-06-01,1,622.475534,622.47,False
Lake Albert,SARIMA,2021-04-01,2021-06-01,3,622.717224,622.47,False
Lake Albert,SARIMA,2021-01-01,2021-06-01,6,622.892718,622.47,False
Lake Albert,SARIMA,2021-07-01,2021-07-01,1,622.461786,622.56,False
Lake Albert,SARIMA,2021-05-01,2021-07-01,3,622.547349,622.56,False
Lake Albert,SARIMA,2021-02-01,2021-07-01,6,623.135037,622.56,False
Lake Albert,SARIMA,2021-08-01,2021-08-01,1,622.588884,622.5625,False
Lake Albert,SARIMA,2021-06-01,2021-08-01,3,622.496324,622.5625,False
Lake Albert,SARIMA,2021-03-01,2021-08-01,6,623.010043,622.5625,False
Lake Albert,SARIMA,2021-09-01,2021-09-01,1,622.678146,622.6125,False
Lake Albert,SARIMA,2021-07-01,2021-09-01,3,622.584743,622.6125,False
Lake Albert,SARIMA,2021-04-01,2021-09-01,6,622.892298,622.6125,False
Lake Albert,SARIMA,2021-10-01,2021-10-01,1,622.690747,622.54375,False
Lake Albert,SARIMA,2021-08-01,2021-10-01,3,622.789394,622.54375,False
Lake Albert,SARIMA,2021-05-01,2021-10-01,6,622.765759,622.54375,False
Lake Albert,SARIMA,2021-11-01,2021-11-01,1,622.695235,622.5625,False
Lake Albert,SARIMA,2021-09-01,2021-11-01,3,622.92416,622.5625,False
Lake Albert,SARIMA,2021-06-01,2021-11-01,6,622.83264,622.5625,False
Lake Albert,SARIMA,2021-12-01,2021-12-01,1,622.597551,622.3475,False
Lake Albert,SARIMA,2021-10-01,2021-12-01,3,622.911518,622.3475,False
Lake Albert,SARIMA,2021-07-01,2021-12-01,6,622.888141,622.3475,False
Lake Albert,SARIMA,2021-01-01,2021-12-01,12,623.470501,622.3475,False
Lake Albert,SARIMA,2022-01-01,2022-01-01,1,622.26511,622.125,False
Lake Albert,SARIMA,2021-11-01,2022-01-01,3,622.680283,622.125,False
Lake Albert,SARIMA,2021-08-01,2022-01-01,6,622.999255,622.125,False
Lake Albert,SARIMA,2021-02-01,2022-01-01,12,623.685868,622.125,False
Lake Albert,SARIMA,2022-02-01,2022-02-01,1,621.965525,621.86,False
Lake Albert,SARIMA,2021-12-01,2022-02-01,3,622.412953,621.86,False
Lake Albert,SARIMA,2021-09-01,2022-02-01,6,622.88208,621.86,False
Lake Albert,SARIMA,2021-03-01,2022-02-01,12,623.398495,621.86,False
Lake Albert,SARIMA,2022-03-01,2022-03-01,1,621.676697,621.5625,False
Lake Albert,SARIMA,2022-01-01,2022-03-01,3,621.954727,621.5625,False
Lake Albert,SARIMA,2021-10-01,2022-03-01,6,622.67626,621.5625,False
Lake Albert,SARIMA,2021-04-01,2022-03-01,12,623.023179,621.5625,False
Lake Albert,SARIMA,2022-04-01,2022-04-01,1,621.474293,621.343333,False
Lake Albert,SARIMA,2022-02-01,2022-04-01,3,621.718807,621.343333,False
Lake Albert,SARIMA,2021-11-01,2022-04-01,6,622.436674,621.343333,False
Lake Albert,SARIMA,2021-05-01,2022-04-01,12,622.763673,621.343333,False
Lake Albert,SARIMA,2022-05-01,2022-05-01,1,621.314502,621.22,False
Lake Albert,SARIMA,2022-03-01,2022-05-01,3,621.586571,621.22,False
Lake Albert,SARIMA,2021-12-01,2022-05-01,6,622.282301,621.22,False
Lake Albert,SARIMA,2021-06-01,2022-05-01,12,622.706717,621.22,False
Lake Albert,SARIMA,2022-06-01,2022-06-01,1,621.175633,621.04625,False
Lake Albert,SARIMA,2022-04-01,2022-06-01,3,621.431327,621.04625,False
Lake Albert,SARIMA,2022-01-01,2022-06-01,6,621.929421,621.04625,False
Lake Albert,SARIMA,2021-07-01,2022-06-01,12,622.737449,621.04625,False
Lake Albert,SARIMA,2022-07-01,2022-07-01,1,620.964628,620.95875,False
Lake Albert,SARIMA,2022-05-01,2022-07-01,3,621.211021,620.95875,False
Lake Albert,SARIMA,2022-02-01,2022-07-01,6,621.691801,620.95875,False
Lake Albert,SARIMA,2021-08-01,2022-07-01,12,622.908858,620.95875,False
Lake Albert,SARIMA,2022-08-01,2022-08-01,1,620.89312,621.005,False
Lake Albert,SARIMA,2022-06-01,2022-08-01,3,621.057259,621.005,False
Lake Albert,SARIMA,2022-03-01,2022-08-01,6,621.526357,621.005,False
Lake Albert,SARIMA,2021-09-01,2022-08-01,12,622.889814,621.005,False
Lake Albert,SARIMA,2022-09-01,2022-09-01,1,621.02845,621.033333,False
Lake Albert,SARIMA,2022-07-01,2022-09-01,3,620.92249,621.033333,False
Lake Albert,SARIMA,2022-04-01,2022-09-01,6,621.411795,621.033333,False
Lake Albert,SARIMA,2021-10-01,2022-09-01,12,622.864752,621.033333,False
Lake Albert,SARIMA,2022-10-01,2022-10-01,1,621.062384,621.071667,False
Lake Albert,SARIMA,2022-08-01,2022-10-01,3,620.92065,621.071667,False
Lake Albert,SARIMA,2022-05-01,2022-10-01,6,621.24367,621.071667,False
Lake Albert,SARIMA,2021-11-01,2022-10-01,12,622.671843,621.071667,False
Lake Albert,SARIMA,2022-11-01,2022-11-01,1,621.173637,621.17625,False
Lake Albert,SARIMA,2022-09-01,2022-11-01,3,621.158278,621.17625,False
Lake Albert,SARIMA,2022-06-01,2022-11-01,6,621.21151,621.17625,False
Lake Albert,SARIMA,2021-12-01,2022-11-01,12,622.58347,621.17625,False
Lake Albert,SARIMA,2022-12-01,2022-12-01,1,621.18307,621.17,False
Lake Albert,SARIMA,2022-10-01,2022-12-01,3,621.169078,621.17,False
Lake Albert,SARIMA,2022-07-01,2022-12-01,6,621.018877,621.17,False
Lake Albert,SARIMA,2022-01-01,2022-12-01,12,622.18092,621.17,False
Lake Albert,SARIMA,2023-01-01,2023-01-01,1,621.093724,621.0475,False
Lake Albert,SARIMA,2022-11-01,2023-01-01,3,621.103748,621.0475,False
Lake Albert,SARIMA,2022-08-01,2023-01-01,6,620.920451,621.0475,False
Lake Albert,SARIMA,2022-02-01,2023-01-01,12,621.874864,621.0475,False
Lake Albert,SARIMA,2023-02-01,2023-02-01,1,620.92075,620.83,False
Lake Albert,SARIMA,2022-12-01,2023-02-01,3,620.983479,620.83,False
Lake Albert,SARIMA,2022-09-01,2023-02-01,6,620.960251,620.83,False
Lake Albert,SARIMA,2022-03-01,2023-02-01,12,621.582752,620.83,False
Lake Albert,SARIMA,2023-03-01,2023-03-01,1,620.676638,620.69,False
Lake Albert,SARIMA,2023-01-01,2023-03-01,3,620.824933,620.69,False
Lake Albert,SARIMA,2022-10-01,2023-03-01,6,620.824668,620.69,False
Lake Albert,SARIMA,2022-04-01,2023-03-01,12,621.248484,620.69,False
Lake Albert,SARIMA,2023-04-01,2023-04-01,1,620.617087,620.718333,False
Lake Albert,SARIMA,2023-02-01,2023-04-01,3,620.714533,620.718333,False
Lake Albert,SARIMA,2022-11-01,2023-04-01,6,620.788463,620.718333,False
Lake Albert,SARIMA,2022-05-01,2023-04-01,12,620.975609,620.718333,False
Lake Albert,SARIMA,2023-05-01,2023-05-01,1,620.734311,620.641667,False
Lake Albert,SARIMA,2023-03-01,2023-05-01,3,620.615581,620.641667,False
Lake Albert,SARIMA,2022-12-01,2023-05-01,6,620.815532,620.641667,False
Lake Albert,SARIMA,2022-06-01,2023-05-01,12,620.836297,620.641667,False
Lake Albert,SARIMA,2023-06-01,2023-06-01,1,620.660947,620.778333,False
Lake Albert,SARIMA,2023-04-01,2023-06-01,3,620.630848,620.778333,False
Lake Albert,SARIMA,2023-01-01,2023-06-01,6,620.805226,620.778333,False
Lake Albert,SARIMA,2022-07-01,2023-06-01,12,620.61898,620.778333,False
Lake Albert,SARIMA,2023-07-01,2023-07-01,1,620.738698,620.785,False
Lake Albert,SARIMA,2023-05-01,2023-07-01,3,620.733257,620.785,False
Lake Albert,SARIMA,2023-02-01,2023-07-01,6,620.717224,620.785,False
Lake Albert,SARIMA,2022-08-01,2023-07-01,12,620.587964,620.785,False
Lake Albert,SARIMA,2023-08-01,2023-08-01,1,620.822176,620.7525,False
Lake Albert,SARIMA,2023-06-01,2023-08-01,3,620.631824,620.7525,False
Lake Albert,SARIMA,2023-03-01,2023-08-01,6,620.59432,620.7525,False
Lake Albert,SARIMA,2022-09-01,2023-08-01,12,620.796582,620.7525,False
Lake Albert,SARIMA,2023-09-01,2023-09-01,1,620.841027,620.6275,False
Lake Albert,SARIMA,2023-07-01,2023-09-01,3,620.854878,620.6275,False
Lake Albert,SARIMA,2023-04-01,2023-09-01,6,620.679957,620.6275,False
Lake Albert,SARIMA,2022-10-01,2023-09-01,12,620.878286,620.6275,False
Lake Albert,SARIMA,2023-10-01,2023-10-01,1,620.662403,620.6825,False
Lake Albert,SARIMA,2023-08-01,2023-10-01,3,620.963536,620.6825,False
Lake Albert,SARIMA,2023-05-01,2023-10-01,6,620.879756,620.6825,False
Lake Albert,SARIMA,2022-11-01,2023-10-01,12,620.946808,620.6825,False
Lake Albert,SARIMA,2023-11-01,2023-11-01,1,620.780161,621.1,False
Lake Albert,SARIMA,2023-09-01,2023-11-01,3,621.020912,621.1,False
Lake Albert,SARIMA,2023-06-01,2023-11-01,6,620.875479,621.1,False
Lake Albert,SARIMA,2022-12-01,2023-11-01,12,621.08477,621.1,False
Lake Albert,SARIMA,2023-12-01,2023-12-01,1,621.11955,621.31,False
Lake Albert,SARIMA,2023-10-01,2023-12-01,3,620.771518,621.31,False
Lake Albert,SARIMA,2023-07-01,2023-12-01,6,621.075347,621.31,False
Lake Albert,SARIMA,2023-01-01,2023-12-01,12,621.090012,621.31,False
Lake Albert,SARIMA,2024-01-01,2024-01-01,1,621.301934,621.5575,False
Lake Albert,SARIMA,2023-11-01,2024-01-01,3,620.718267,621.5575,False
Lake Albert,SARIMA,2023-08-01,2024-01-01,6,621.085777,621.5575,False
Lake Albert,SARIMA,2023-02-01,2024-01-01,12,620.947819,621.5575,False
Lake Albert,SARIMA,2024-02-01,2024-02-01,1,621.497679,621.495,False
Lake Albert,SARIMA,2023-12-01,2024-02-01,3,621.006361,621.495,False
Lake Albert,SARIMA,2023-09-01,2024-02-01,6,620.878238,621.495,False
Lake Albert,SARIMA,2023-03-01,2024-02-01,12,620.679531,621.495,False
Lake Albert,SARIMA,2024-03-01,2024-03-01,1,621.45049,621.543333,False
Lake Albert,SARIMA,2024-01-01,2024-03-01,3,621.140723,621.543333,False
Lake Albert,SARIMA,2023-10-01,2024-03-01,6,620.428135,621.543333,False
Lake Albert,SARIMA,2023-04-01,2024-03-01,12,620.573976,621.543333,False
Lake Albert,SARIMA,2024-04-01,2024-04-01,1,621.568778,621.538333,False
Lake Albert,SARIMA,2024-02-01,2024-04-01,3,621.478159,621.538333,False
Lake Albert,SARIMA,2023-11-01,2024-04-01,6,620.41652,621.538333,False
Lake Albert,SARIMA,2023-05-01,2024-04-01,12,620.718379,621.538333,False
Lake Albert,SARIMA,2024-05-01,2024-05-01,1,621.623169,621.67,False
Lake Albert,SARIMA,2024-03-01,2024-05-01,3,621.540441,621.67,False
Lake Albert,SARIMA,2023-12-01,2024-05-01,6,620.91536,621.67,False
Lake Albert,SARIMA,2023-06-01,2024-05-01,12,620.582686,621.67,False
Lake Albert,SARIMA,2024-06-01,2024-06-01,1,621.747089,621.901667,False
Lake Albert,SARIMA,2024-04-01,2024-06-01,3,621.736952,621.901667,False
Lake Albert,SARIMA,2024-01-01,2024-06-01,6,621.244201,621.901667,False
Lake Albert,SARIMA,2023-07-01,2024-06-01,12,620.812762,621.901667,False
Lake Albert,SARIMA,2024-07-01,2024-07-01,1,621.939929,621.971667,False
Lake Albert,SARIMA,2024-05-01,2024-07-01,3,621.726342,621.971667,False
Lake Albert,SARIMA,2024-02-01,2024-07-01,6,621.643213,621.971667,False
Lake Albert,SARIMA,2023-08-01,2024-07-01,12,620.887524,621.971667,False
Lake Albert,SARIMA,2024-08-01,2024-08-01,1,622.064629,622.22,False
Lake Albert,SARIMA,2024-06-01,2024-08-01,3,621.843532,622.22,False
Lake Albert,SARIMA,2024-03-01,2024-08-01,6,621.687702,622.22,False
Lake Albert,SARIMA,2023-09-01,2024-08-01,12,620.786999,622.22,False
Lake Albert,SARIMA,2024-09-01,2024-09-01,1,622.32917,622.375,False
Lake Albert,SARIMA,2024-07-01,2024-09-01,3,622.133235,622.375,False
Lake Albert,SARIMA,2024-04-01,2024-09-01,6,621.913685,622.375,False
Lake Albert,SARIMA,2023-10-01,2024-09-01,12,620.475644,622.375,False
Lake Albert,SARIMA,2024-10-01,2024-10-01,1,622.505907,622.6525,False
Lake Albert,SARIMA,2024-08-01,2024-10-01,3,622.269589,622.6525,False
Lake Albert,SARIMA,2024-05-01,2024-10-01,6,621.948813,622.6525,False
Lake Albert,SARIMA,2023-11-01,2024-10-01,12,620.562533,622.6525,False
Lake Albert,SARIMA,2024-11-01,2024-11-01,1,622.877295,622.735,False
Lake Albert,SARIMA,2024-09-01,2024-11-01,3,622.673008,622.735,False
Lake Albert,SARIMA,2024-06-01,2024-11-01,6,622.200802,622.735,False
Lake Albert,SARIMA,2023-12-01,2024-11-01,12,621.274245,622.735,False
Lake Albert,SARIMA,2024-12-01,2024-12-01,1,622.853081,622.838333,False
Lake Albert,SARIMA,2024-10-01,2024-12-01,3,622.817751,622.838333,False
Lake Albert,SARIMA,2024-07-01,2024-12-01,6,622.499815,622.838333,False
Lake Albert,SARIMA,2024-01-01,2024-12-01,12,621.655963,622.838333,False
Lake Albert,SARIMA,2025-01-01,2025-01-01,1,622.836986,622.62,False
Lake Albert,SARIMA,2024-11-01,2025-01-01,3,623.025882,622.62,False
Lake Albert,SARIMA,2024-08-01,2025-01-01,6,622.544685,622.62,False
Lake Albert,SARIMA,2024-02-01,2025-01-01,12,622.076483,622.62,False
Lake Albert,SARIMA,2025-02-01,2025-02-01,1,622.547524,622.285,False
Lake Albert,SARIMA,2024-12-01,2025-02-01,3,622.784997,622.285,False
Lake Albert,SARIMA,2024-09-01,2025-02-01,6,622.702316,622.285,False
Lake Albert,SARIMA,2024-03-01,2025-02-01,12,621.982857,622.285,False
Lake Albert,SARIMA,2025-03-01,2025-03-01,1,622.165407,622.025,False
Lake Albert,SARIMA,2025-01-01,2025-03-01,3,622.696206,622.025,False
Lake Albert,SARIMA,2024-10-01,2025-03-01,6,622.693645,622.025,False
Lake Albert,SARIMA,2024-04-01,2025-03-01,12,622.047598,622.025,False
Lake Albert,SARIMA,2025-04-01,2025-04-01,1,621.944294,622.105,False
Lake Albert,SARIMA,2025-02-01,2025-04-01,3,622.407272,622.105,False
Lake Albert,SARIMA,2024-11-01,2025-04-01,6,622.918165,622.105,False
Lake Albert,SARIMA,2024-05-01,2025-04-01,12,621.979979,622.105,False
Lake Albert,SARIMA,2025-05-01,2025-05-01,1,622.100999,622.075,False
Lake Albert,SARIMA,2025-03-01,2025-05-01,3,622.110147,622.075,False
Lake Albert,SARIMA,2024-12-01,2025-05-01,6,622.768144,622.075,False
Lake Albert,SARIMA,2024-06-01,2025-05-01,12,622.103975,622.075,False
Lake Albert,SARIMA,2025-06-01,2025-06-01,1,622.122044,622.025,False
Lake Albert,SARIMA,2025-04-01,2025-06-01,3,621.951845,622.025,False
Lake Albert,SARIMA,2025-01-01,2025-06-01,6,622.811043,622.025,False
Lake Albert,SARIMA,2024-07-01,2025-06-01,12,622.426955,622.025,False
Lake Albert,SARIMA,2025-07-01,2025-07-01,1,621.998124,622.045,False
Lake Albert,SARIMA,2025-05-01,2025-07-01,3,622.128055,622.045,False
Lake Albert,SARIMA,2025-02-01,2025-07-01,6,622.497211,622.045,False
Lake Albert,SARIMA,2024-08-01,2025-07-01,12,622.492878,622.045,False
Lake Albert,SARIMA,2025-08-01,2025-08-01,1,622.049253,622.145,False
Lake Albert,SARIMA,2025-06-01,2025-08-01,3,622.1205,622.145,False
Lake Albert,SARIMA,2025-03-01,2025-08-01,6,622.141716,622.145,False
Lake Albert,SARIMA,2024-09-01,2025-08-01,12,622.810735,622.145,False
Lake Albert,SARIMA,2025-09-01,2025-09-01,1,622.209471,622.165,False
Lake Albert,SARIMA,2025-07-01,2025-09-01,3,622.055326,622.165,False
Lake Albert,SARIMA,2025-04-01,2025-09-01,6,621.980218,622.165,False
Lake Albert,SARIMA,2024-10-01,2025-09-01,12,622.968673,622.165,False
Lake Albert,SARIMA,2025-10-01,2025-10-01,1,622.241221,622.205,False
Lake Albert,SARIMA,2025-08-01,2025-10-01,3,622.169126,622.205,False
Lake Albert,SARIMA,2025-05-01,2025-10-01,6,622.278857,622.205,False
Lake Albert,SARIMA,2024-11-01,2025-10-01,12,623.308335,622.205,False
Lake Albert,SARIMA,2025-11-01,2025-11-01,1,622.338077,622.285,False
Lake Albert,SARIMA,2025-09-01,2025-11-01,3,622.429082,622.285,False
Lake Albert,SARIMA,2025-06-01,2025-11-01,6,622.383754,622.285,False
Lake Albert,SARIMA,2024-12-01,2025-11-01,12,623.222521,622.285,False
Lake Albert,SARIMA,2025-12-01,2025-12-01,1,622.324936,622.145,False
Lake Albert,SARIMA,2025-10-01,2025-12-01,3,622.422901,622.145,False
Lake Albert,SARIMA,2025-07-01,2025-12-01,6,622.281102,622.145,False
Lake Albert,SARIMA,2025-01-01,2025-12-01,12,623.254445,622.145,False
Lake Edward,RandomWalk,2021-01-01,2021-01-01,1,914.69,914.8,False
Lake Edward,RandomWalk,2021-02-01,2021-02-01,1,914.8,914.65,False
Lake Edward,RandomWalk,2021-03-01,2021-03-01,1,914.65,914.54,False
Lake Edward,RandomWalk,2021-01-01,2021-03-01,3,914.69,914.54,False
Lake Edward,RandomWalk,2021-04-01,2021-04-01,1,914.54,914.545,False
Lake Edward,RandomWalk,2021-02-01,2021-04-01,3,914.8,914.545,False
Lake Edward,RandomWalk,2021-05-01,2021-05-01,1,914.545,914.506667,False
Lake Edward,RandomWalk,2021-03-01,2021-05-01,3,914.65,914.506667,False
Lake Edward,RandomWalk,2021-06-01,2021-06-01,1,914.506667,914.49,False
Lake Edward,RandomWalk,2021-04-01,2021-06-01,3,914.54,914.49,False
Lake Edward,RandomWalk,2021-01-01,2021-06-01,6,914.69,914.49,False
Lake Edward,RandomWalk,2021-07-01,2021-07-01,1,914.49,914.39,False
Lake Edward,RandomWalk,2021-05-01,2021-07-01,3,914.545,914.39,False
Lake Edward,RandomWalk,2021-02-01,2021-07-01,6,914.8,914.39,False
Lake Edward,RandomWalk,2021-08-01,2021-08-01,1,914.39,914.225,False
Lake Edward,RandomWalk,2021-06-01,2021-08-01,3,914.506667,914.225,False
Lake Edward,RandomWalk,2021-03-01,2021-08-01,6,914.65,914.225,False
Lake Edward,RandomWalk,2021-09-01,2021-09-01,1,914.225,914.22,False
Lake Edward,RandomWalk,2021-07-01,2021-09-01,3,914.49,914.22,False
Lake Edward,RandomWalk,2021-04-01,2021-09-01,6,914.54,914.22,False
Lake Edward,RandomWalk,2021-10-01,2021-10-01,1,914.22,914.26,False
Lake Edward,RandomWalk,2021-08-01,2021-10-01,3,914.39,914.26,False
Lake Edward,RandomWalk,2021-05-01,2021-10-01,6,914.545,914.26,False
Lake Edward,RandomWalk,2021-11-01,2021-11-01,1,914.26,914.355,False
Lake Edward,RandomWalk,2021-09-01,2021-11-01,3,914.225,914.355,False
Lake Edward,RandomWalk,2021-06-01,2021-11-01,6,914.506667,914.355,False
Lake Edward,RandomWalk,2021-12-01,2021-12-01,1,914.355,914.455,False
Lake Edward,RandomWalk,2021-10-01,2021-12-01,3,914.22,914.455,False
Lake Edward,RandomWalk,2021-07-01,2021-12-01,6,914.49,914.455,False
Lake Edward,RandomWalk,2021-01-01,2021-12-01,12,914.69,914.455,False
Lake Edward,RandomWalk,2022-01-01,2022-01-01,1,914.455,914.463333,False
Lake Edward,RandomWalk,2021-11-01,2022-01-01,3,914.26,914.463333,False
Lake Edward,RandomWalk,2021-08-01,2022-01-01,6,914.39,914.463333,False
Lake Edward,RandomWalk,2021-02-01,2022-01-01,12,914.8,914.463333,False
Lake Edward,RandomWalk,2022-02-01,2022-02-01,1,914.463333,914.345,False
Lake Edward,RandomWalk,2021-12-01,2022-02-01,3,914.355,914.345,False
Lake Edward,RandomWalk,2021-09-01,2022-02-01,6,914.225,914.345,False
Lake Edward,RandomWalk,2021-03-01,2022-02-01,12,914.65,914.345,False
Lake Edward,RandomWalk,2022-03-01,2022-03-01,1,914.345,914.275,False
Lake Edward,RandomWalk,2022-01-01,2022-03-01,3,914.455,914.275,False
Lake Edward,RandomWalk,2021-10-01,2022-03-01,6,914.22,914.275,False
Lake Edward,RandomWalk,2021-04-01,2022-03-01,12,914.54,914.275,False
Lake Edward,RandomWalk,2022-04-01,2022-04-01,1,914.275,914.235,False
Lake Edward,RandomWalk,2022-02-01,2022-04-01,3,914.463333,914.235,False
Lake Edward,RandomWalk,2021-11-01,2022-04-01,6,914.26,914.235,False
Lake Edward,RandomWalk,2021-05-01,2022-04-01,12,914.545,914.235,False
Lake Edward,RandomWalk,2022-05-01,2022-05-01,1,914.235,914.31,False
Lake Edward,RandomWalk,2022-03-01,2022-05-01,3,914.345,914.31,False
Lake Edward,RandomWalk,2021-12-01,2022-05-01,6,914.355,914.31,False
Lake Edward,RandomWalk,2021-06-01,2022-05-01,12,914.506667,914.31,False
Lake Edward,RandomWalk,2022-06-01,2022-06-01,1,914.31,914.28,False
Lake Edward,RandomWalk,2022-04-01,2022-06-01,3,914.275,914.28,False
Lake Edward,RandomWalk,2022-01-01,2022-06-01,6,914.455,914.28,False
Lake Edward,RandomWalk,2021-07-01,2022-06-01,12,914.49,914.28,False
Lake Edward,RandomWalk,2022-07-01,2022-07-01,1,914.28,914.125,False
Lake Edward,RandomWalk,2022-05-01,2022-07-01,3,914.235,914.125,False
Lake Edward,RandomWalk,2022-02-01,2022-07-01,6,914.463333,914.125,False
Lake Edward,RandomWalk,2021-08-01,2022-07-01,12,914.39,914.125,False
Lake Edward,RandomWalk,2022-08-01,2022-08-01,1,914.125,914.07,False
Lake Edward,RandomWalk,2022-06-01,2022-08-01,3,914.31,914.07,False
Lake Edward,RandomWalk,2022-03-01,2022-08-01,6,914.345,914.07,False
Lake Edward,RandomWalk,2021-09-01,2022-08-01,12,914.225,914.07,False
Lake Edward,RandomWalk,2022-09-01,2022-09-01,1,914.07,914.12,False
Lake Edward,RandomWalk,2022-07-01,2022-09-01,3,914.28,914.12,False
Lake Edward,RandomWalk,2022-04-01,2022-09-01,6,914.275,914.12,False
Lake Edward,RandomWalk,2021-10-01,2022-09-01,12,914.22,914.12,False
Lake Edward,RandomWalk,2022-10-01,2022-10-01,1,914.12,914.2,False
Lake Edward,RandomWalk,2022-08-01,2022-10-01,3,914.125,914.2,False
Lake Edward,RandomWalk,2022-05-01,2022-10-01,6,914.235,914.2,False
Lake Edward,RandomWalk,2021-11-01,2022-10-01,12,914.26,914.2,False
Lake Edward,RandomWalk,2022-11-01,2022-11-01,1,914.2,914.39,False
Lake Edward,RandomWalk,2022-09-01,2022-11-01,3,914.07,914.39,False
Lake Edward,RandomWalk,2022-06-01,2022-11-01,6,914.31,914.39,False
Lake Edward,RandomWalk,2021-12-01,2022-11-01,12,914.355,914.39,False
Lake Edward,RandomWalk,2022-12-01,2022-12-01,1,914.39,914.645,False
Lake Edward,RandomWalk,2022-10-01,2022-12-01,3,914.12,914.645,False
Lake Edward,RandomWalk,2022-07-01,2022-12-01,6,914.28,914.645,False
Lake Edward,RandomWalk,2022-01-01,2022-12-01,12,914.455,914.645,False
Lake Edward,RandomWalk,2023-01-01,2023-01-01,1,914.645,914.693333,False
Lake Edward,RandomWalk,2022-11-01,2023-01-01,3,914.2,914.693333,False
Lake Edward,RandomWalk,2022-08-01,2023-01-01,6,914.125,914.693333,False
Lake Edward,RandomWalk,2022-02-01,2023-01-01,12,914.463333,914.693333,False
Lake Edward,RandomWalk,2023-02-01,2023-02-01,1,914.693333,914.585,False
Lake Edward,RandomWalk,2022-12-01,2023-02-01,3,914.39,914.585,False
Lake Edward,RandomWalk,2022-09-01,2023-02-01,6,914.07,914.585,False
Lake Edward,RandomWalk,2022-03-01,2023-02-01,12,914.345,914.585,False
Lake Edward,RandomWalk,2023-03-01,2023-03-01,1,914.585,914.55,False
Lake Edward,RandomWalk,2023-01-01,2023-03-01,3,914.645,914.55,False
Lake Edward,RandomWalk,2022-10-01,2023-03-01,6,914.12,914.55,False
Lake Edward,RandomWalk,2022-04-01,2023-03-01,12,914.275,914.55,False
Lake Edward,RandomWalk,2023-04-01,2023-04-01,1,914.55,914.7,False
Lake Edward,RandomWalk,2023-02-01,2023-04-01,3,914.693333,914.7,False
Lake Edward,RandomWalk,2022-11-01,2023-04-01,6,914.2,914.7,False
Lake Edward,RandomWalk,2022-05-01,2023-04-01,12,914.235,914.7,False
Lake Edward,RandomWalk,2023-05-01,2023-05-01,1,914.7,914.835,False
Lake Edward,RandomWalk,2023-03-01,2023-05-01,3,914.585,914.835,False
Lake Edward,RandomWalk,2022-12-01,2023-05-01,6,914.39,914.835,False
Lake Edward,RandomWalk,2022-06-01,2023-05-01,12,914.31,914.835,False
Lake Edward,RandomWalk,2023-06-01,2023-06-01,1,914.835,914.75,False
Lake Edward,RandomWalk,2023-04-01,2023-06-01,3,914.55,914.75,False
Lake Edward,RandomWalk,2023-01-01,2023-06-01,6,914.645,914.75,False
Lake Edward,RandomWalk,2022-07-01,2023-06-01,12,914.28,914.75,False
Lake Edward,RandomWalk,2023-07-01,2023-07-01,1,914.75,914.69,False
Lake Edward,RandomWalk,2023-05-01,2023-07-01,3,914.7,914.69,False
Lake Edward,RandomWalk,2023-02-01,2023-07-01,6,914.693333,914.69,False
Lake Edward,RandomWalk,2022-08-01,2023-07-01,12,914.125,914.69,False
Lake Edward,RandomWalk,2023-08-01,2023-08-01,1,914.69,914.58,False
Lake Edward,RandomWalk,2023-06-01,2023-08-01,3,914.835,914.58,False
Lake Edward,RandomWalk,2023-03-01,2023-08-01,6,914.585,914.58,False
Lake Edward,RandomWalk,2022-09-01,2023-08-01,12,914.07,914.58,False
Lake Edward,RandomWalk,2023-09-01,2023-09-01,1,914.58,914.425,False
Lake Edward,RandomWalk,2023-07-01,2023-09-01,3,914.75,914.425,False
Lake Edward,RandomWalk,2023-04-01,2023-09-01,6,914.55,914.425,False
Lake Edward,RandomWalk,2022-10-01,2023-09-01,12,914.12,914.425,False
Lake Edward,RandomWalk,2023-10-01,2023-10-01,1,914.425,914.49,False
Lake Edward,RandomWalk,2023-08-01,2023-10-01,3,914.69,914.49,False
Lake Edward,RandomWalk,2023-05-01,2023-10-01,6,914.7,914.49,False
Lake Edward,RandomWalk,2022-11-01,2023-10-01,12,914.2,914.49,False
Lake Edward,RandomWalk,2023-11-01,2023-11-01,1,914.49,914.54,False
Lake Edward,RandomWalk,2023-09-01,2023-11-01,3,914.58,914.54,False
Lake Edward,RandomWalk,2023-06-01,2023-11-01,6,914.835,914.54,False
Lake Edward,RandomWalk,2022-12-01,2023-11-01,12,914.39,914.54,False
Lake Edward,RandomWalk,2023-12-01,2023-12-01,1,914.54,914.885,False
Lake Edward,RandomWalk,2023-10-01,2023-12-01,3,914.425,914.885,False
Lake Edward,RandomWalk,2023-07-01,2023-12-01,6,914.75,914.885,False
Lake Edward,RandomWalk,2023-01-01,2023-12-01,12,914.645,914.885,False
Lake Edward,RandomWalk,2024-01-01,2024-01-01,1,914.885,914.85,False
Lake Edward,RandomWalk,2023-11-01,2024-01-01,3,914.49,914.85,False
Lake Edward,RandomWalk,2023-08-01,2024-01-01,6,914.69,914.85,False
Lake Edward,RandomWalk,2023-02-01,2024-01-01,12,914.693333,914.85,False
Lake Edward,RandomWalk,2024-02-01,2024-02-01,1,914.85,914.765,False
Lake Edward,RandomWalk,2023-12-01,2024-02-01,3,914.54,914.765,False
Lake Edward,RandomWalk,2023-09-01,2024-02-01,6,914.58,914.765,False
Lake Edward,RandomWalk,2023-03-01,2024-02-01,12,914.585,914.765,False
Lake Edward,RandomWalk,2024-03-01,2024-03-01,1,914.765,914.75,False
Lake Edward,RandomWalk,2024-01-01,2024-03-01,3,914.885,914.75,False
Lake Edward,RandomWalk,2023-10-01,2024-03-01,6,914.425,914.75,False
Lake Edward,RandomWalk,2023-04-01,2024-03-01,12,914.55,914.75,False
Lake Edward,RandomWalk,2024-04-01,2024-04-01,1,914.75,914.69,False
Lake Edward,RandomWalk,2024-02-01,2024-04-01,3,914.85,914.69,False
Lake Edward,RandomWalk,2023-11-01,2024-04-01,6,914.49,914.69,False
Lake Edward,RandomWalk,2023-05-01,2024-04-01,12,914.7,914.69,False
Lake Edward,RandomWalk,2024-05-01,2024-05-01,1,914.69,914.833333,False
Lake Edward,RandomWalk,2024-03-01,2024-05-01,3,914.765,914.833333,False
Lake Edward,RandomWalk,2023-12-01,2024-05-01,6,914.54,914.833333,False
Lake Edward,RandomWalk,2023-06-01,2024-05-01,12,914.835,914.833333,False
Lake Edward,RandomWalk,2024-06-01,2024-06-01,1,914.833333,914.805,False
Lake Edward,RandomWalk,2024-04-01,2024-06-01,3,914.75,914.805,False
Lake Edward,RandomWalk,2024-01-01,2024-06-01,6,914.885,914.805,False
Lake Edward,RandomWalk,2023-07-01,2024-06-01,12,914.75,914.805,False
Lake Edward,RandomWalk,2024-07-01,2024-07-01,1,914.805,914.63,False
Lake Edward,RandomWalk,2024-05-01,2024-07-01,3,914.69,914.63,False
Lake Edward,RandomWalk,2024-02-01,2024-07-01,6,914.85,914.63,False
Lake Edward,RandomWalk,2023-08-01,2024-07-01,12,914.69,914.63,False
Lake Edward,RandomWalk,2024-08-01,2024-08-01,1,914.63,914.52,False
Lake Edward,RandomWalk,2024-06-01,2024-08-01,3,914.833333,914.52,False
Lake Edward,RandomWalk,2024-03-01,2024-08-01,6,914.765,914.52,False
Lake Edward,RandomWalk,2023-09-01,2024-08-01,12,914.58,914.52,False
Lake Edward,RandomWalk,2024-09-01,2024-09-01,1,914.52,914.425,False
Lake Edward,RandomWalk,2024-07-01,2024-09-01,3,914.805,914.425,False
Lake Edward,RandomWalk,2024-04-01,2024-09-01,6,914.75,914.425,False
Lake Edward,RandomWalk,2023-10-01,2024-09-01,12,914.425,914.425,False
Lake Edward,RandomWalk,2024-10-01,2024-10-01,1,914.425,914.41,False
Lake Edward,RandomWalk,2024-08-01,2024-10-01,3,914.63,914.41,False
Lake Edward,RandomWalk,2024-05-01,2024-10-01,6,914.69,914.41,False
Lake Edward,RandomWalk,2023-11-01,2024-10-01,12,914.49,914.41,False
Lake Edward,RandomWalk,2024-11-01,2024-11-01,1,914.41,914.415,False
Lake Edward,RandomWalk,2024-09-01,2024-11-01,3,914.52,914.415,False
Lake Edward,RandomWalk,2024-06-01,2024-11-01,6,914.833333,914.415,False
Lake Edward,RandomWalk,2023-12-01,2024-11-01,12,914.54,914.415,False
Lake Edward,RandomWalk,2024-12-01,2024-12-01,1,914.415,914.58,False
Lake Edward,RandomWalk,2024-10-01,2024-12-01,3,914.425,914.58,False
Lake Edward,RandomWalk,2024-07-01,2024-12-01,6,914.805,914.58,False
Lake Edward,RandomWalk,2024-01-01,2024-12-01,12,914.885,914.58,False
Lake Edward,RandomWalk,2025-01-01,2025-01-01,1,914.58,914.44,False
Lake Edward,RandomWalk,2024-11-01,2025-01-01,3,914.41,914.44,False
Lake Edward,RandomWalk,2024-08-01,2025-01-01,6,914.63,914.44,False
Lake Edward,RandomWalk,2024-02-01,2025-01-01,12,914.85,914.44,False
Lake Edward,RandomWalk,2025-02-01,2025-02-01,1,914.44,914.33,False
Lake Edward,RandomWalk,2024-12-01,2025-02-01,3,914.415,914.33,False
Lake Edward,RandomWalk,2024-09-01,2025-02-01,6,914.52,914.33,False
Lake Edward,RandomWalk,2024-03-01,2025-02-01,12,914.765,914.33,False
Lake Edward,RandomWalk,2025-03-01,2025-03-01,1,914.33,914.24,False
Lake Edward,RandomWalk,2025-01-01,2025-03-01,3,914.58,914.24,False
Lake Edward,RandomWalk,2024-10-01,2025-03-01,6,914.425,914.24,False
Lake Edward,RandomWalk,2024-04-01,2025-03-01,12,914.75,914.24,False
Lake Edward,RandomWalk,2025-04-01,2025-04-01,1,914.24,914.35,False
Lake Edward,RandomWalk,2025-02-01,2025-04-01,3,914.44,914.35,False
Lake Edward,RandomWalk,2024-11-01,2025-04-01,6,914.41,914.35,False
Lake Edward,RandomWalk,2024-05-01,2025-04-01,12,914.69,914.35,False
Lake Edward,RandomWalk,2025-05-01,2025-05-01,1,914.35,914.38,False
Lake Edward,RandomWalk,2025-03-01,2025-05-01,3,914.33,914.38,False
Lake Edward,RandomWalk,2024-12-01,2025-05-01,6,914.415,914.38,False
Lake Edward,RandomWalk,2024-06-01,2025-05-01,12,914.833333,914.38,False
Lake Edward,RandomWalk,2025-06-01,2025-06-01,1,914.38,914.39,False
Lake Edward,RandomWalk,2025-04-01,2025-06-01,3,914.24,914.39,False
Lake Edward,RandomWalk,2025-01-01,2025-06-01,6,914.58,914.39,False
Lake Edward,RandomWalk,2024-07-01,2025-06-01,12,914.805,914.39,False
Lake Edward,RandomWalk,2025-07-01,2025-07-01,1,914.39,914.32,False
Lake Edward,RandomWalk,2025-05-01,2025-07-01,3,914.35,914.32,False
Lake Edward,RandomWalk,2025-02-01,2025-07-01,6,914.44,914.32,False
Lake Edward,RandomWalk,2024-08-01,2025-07-01,12,914.63,914.32,False
Lake Edward,RandomWalk,2025-08-01,2025-08-01,1,914.32,914.35,False
Lake Edward,RandomWalk,2025-06-01,2025-08-01,3,914.38,914.35,False
Lake Edward,RandomWalk,2025-03-01,2025-08-01,6,914.33,914.35,False
Lake Edward,RandomWalk,2024-09-01,2025-08-01,12,914.52,914.35,False
Lake Edward,RandomWalk,2025-09-01,2025-09-01,1,914.35,914.32,False
Lake Edward,RandomWalk,2025-07-01,2025-09-01,3,914.39,914.32,False
Lake Edward,RandomWalk,2025-04-01,2025-09-01,6,914.24,914.32,False
Lake Edward,RandomWalk,2024-10-01,2025-09-01,12,914.425,914.32,False
Lake Edward,RandomWalk,2025-10-01,2025-10-01,1,914.32,914.32,False
Lake Edward,RandomWalk,2025-08-01,2025-10-01,3,914.32,914.32,False
Lake Edward,RandomWalk,2025-05-01,2025-10-01,6,914.35,914.32,False
Lake Edward,RandomWalk,2024-11-01,2025-10-01,12,914.41,914.32,False
Lake Edward,RandomWalk,2025-11-01,2025-11-01,1,914.32,914.46,False
Lake Edward,RandomWalk,2025-09-01,2025-11-01,3,914.35,914.46,False
Lake Edward,RandomWalk,2025-06-01,2025-11-01,6,914.38,914.46,False
Lake Edward,RandomWalk,2024-12-01,2025-11-01,12,914.415,914.46,False
Lake Edward,RandomWalk,2025-12-01,2025-12-01,1,914.46,914.44,False
Lake Edward,RandomWalk,2025-10-01,2025-12-01,3,914.32,914.44,False
Lake Edward,RandomWalk,2025-07-01,2025-12-01,6,914.39,914.44,False
Lake Edward,RandomWalk,2025-01-01,2025-12-01,12,914.58,914.44,False
Lake Edward,SeasonalNaive,2021-01-01,2021-01-01,1,914.27,914.8,False
Lake Edward,SeasonalNaive,2021-02-01,2021-02-01,1,914.26,914.65,False
Lake Edward,SeasonalNaive,2021-03-01,2021-03-01,1,914.285,914.54,False
Lake Edward,SeasonalNaive,2021-01-01,2021-03-01,3,914.285,914.54,False
Lake Edward,SeasonalNaive,2021-04-01,2021-04-01,1,914.29,914.545,False
Lake Edward,SeasonalNaive,2021-02-01,2021-04-01,3,914.29,914.545,False
Lake Edward,SeasonalNaive,2021-05-01,2021-05-01,1,914.405,914.506667,False
Lake Edward,SeasonalNaive,2021-03-01,2021-05-01,3,914.405,914.506667,False
Lake Edward,SeasonalNaive,2021-06-01,2021-06-01,1,914.343333,914.49,False
Lake Edward,SeasonalNaive,2021-04-01,2021-06-01,3,914.343333,914.49,False
Lake Edward,SeasonalNaive,2021-01-01,2021-06-01,6,914.343333,914.49,False
Lake Edward,SeasonalNaive,2021-07-01,2021-07-01,1,914.27,914.39,False
Lake Edward,SeasonalNaive,2021-05-01,2021-07-01,3,914.27,914.39,False
Lake Edward,SeasonalNaive,2021-02-01,2021-07-01,6,914.27,914.39,False
Lake Edward,SeasonalNaive,2021-08-01,2021-08-01,1,914.26,914.225,False
Lake Edward,SeasonalNaive,2021-06-01,2021-08-01,3,914.26,914.225,False
Lake Edward,SeasonalNaive,2021-03-01,2021-08-01,6,914.26,914.225,False
Lake Edward,SeasonalNaive,2021-09-01,2021-09-01,1,914.296667,914.22,False
Lake Edward,SeasonalNaive,2021-07-01,2021-09-01,3,914.296667,914.22,False
Lake Edward,SeasonalNaive,2021-04-01,2021-09-01,6,914.296667,914.22,False
Lake Edward,SeasonalNaive,2021-10-01,2021-10-01,1,914.45,914.26,False
Lake Edward,SeasonalNaive,2021-08-01,2021-10-01,3,914.45,914.26,False
Lake Edward,SeasonalNaive,2021-05-01,2021-10-01,6,914.45,914.26,False
Lake Edward,SeasonalNaive,2021-11-01,2021-11-01,1,914.595,914.355,False
Lake Edward,SeasonalNaive,2021-09-01,2021-11-01,3,914.595,914.355,False
Lake Edward,SeasonalNaive,2021-06-01,2021-11-01,6,914.595,914.355,False
Lake Edward,SeasonalNaive,2021-12-01,2021-12-01,1,914.69,914.455,False
Lake Edward,SeasonalNaive,2021-10-01,2021-12-01,3,914.69,914.455,False
Lake Edward,SeasonalNaive,2021-07-01,2021-12-01,6,914.69,914.455,False
Lake Edward,SeasonalNaive,2021-01-01,2021-12-01,12,914.69,914.455,False
Lake Edward,SeasonalNaive,2022-01-01,2022-01-01,1,914.8,914.463333,False
Lake Edward,SeasonalNaive,2021-11-01,2022-01-01,3,914.8,914.463333,False
Lake Edward,SeasonalNaive,2021-08-01,2022-01-01,6,914.8,914.463333,False
Lake Edward,SeasonalNaive,2021-02-01,2022-01-01,12,914.8,914.463333,False
Lake Edward,SeasonalNaive,2022-02-01,2022-02-01,1,914.65,914.345,False
Lake Edward,SeasonalNaive,2021-12-01,2022-02-01,3,914.65,914.345,False
Lake Edward,SeasonalNaive,2021-09-01,2022-02-01,6,914.65,914.345,False
Lake Edward,SeasonalNaive,2021-03-01,2022-02-01,12,914.65,914.345,False
Lake Edward,SeasonalNaive,2022-03-01,2022-03-01,1,914.54,914.275,False
Lake Edward,SeasonalNaive,2022-01-01,2022-03-01,3,914.54,914.275,False
Lake Edward,SeasonalNaive,2021-10-01,2022-03-01,6,914.54,914.275,False
Lake Edward,SeasonalNaive,2021-04-01,2022-03-01,12,914.54,914.275,False
Lake Edward,SeasonalNaive,2022-04-01,2022-04-01,1,914.545,914.235,False
Lake Edward,SeasonalNaive,2022-02-01,2022-04-01,3,914.545,914.235,False
Lake Edward,SeasonalNaive,2021-11-01,2022-04-01,6,914.545,914.235,False
Lake Edward,SeasonalNaive,2021-05-01,2022-04-01,12,914.545,914.235,False
Lake Edward,SeasonalNaive,2022-05-01,2022-05-01,1,914.506667,914.31,False
Lake Edward,SeasonalNaive,2022-03-01,2022-05-01,3,914.506667,914.31,False
Lake Edward,SeasonalNaive,2021-12-01,2022-05-01,6,914.506667,914.31,False
Lake Edward,SeasonalNaive,2021-06-01,2022-05-01,12,914.506667,914.31,False
Lake Edward,SeasonalNaive,2022-06-01,2022-06-01,1,914.49,914.28,False
Lake Edward,SeasonalNaive,2022-04-01,2022-06-01,3,914.49,914.28,False
Lake Edward,SeasonalNaive,2022-01-01,2022-06-01,6,914.49,914.28,False
Lake Edward,SeasonalNaive,2021-07-01,2022-06-01,12,914.49,914.28,False
Lake Edward,SeasonalNaive,2022-07-01,2022-07-01,1,914.39,914.125,False
Lake Edward,SeasonalNaive,2022-05-01,2022-07-01,3,914.39,914.125,False
Lake Edward,SeasonalNaive,2022-02-01,2022-07-01,6,914.39,914.125,False
Lake Edward,SeasonalNaive,2021-08-01,2022-07-01,12,914.39,914.125,False
Lake Edward,SeasonalNaive,2022-08-01,2022-08-01,1,914.225,914.07,False
Lake Edward,SeasonalNaive,2022-06-01,2022-08-01,3,914.225,914.07,False
Lake Edward,SeasonalNaive,2022-03-01,2022-08-01,6,914.225,914.07,False
Lake Edward,SeasonalNaive,2021-09-01,2022-08-01,12,914.225,914.07,False
Lake Edward,SeasonalNaive,2022-09-01,2022-09-01,1,914.22,914.12,False
Lake Edward,SeasonalNaive,2022-07-01,2022-09-01,3,914.22,914.12,False
Lake Edward,SeasonalNaive,2022-04-01,2022-09-01,6,914.22,914.12,False
Lake Edward,SeasonalNaive,2021-10-01,2022-09-01,12,914.22,914.12,False
Lake Edward,SeasonalNaive,2022-10-01,2022-10-01,1,914.26,914.2,False
Lake Edward,SeasonalNaive,2022-08-01,2022-10-01,3,914.26,914.2,False
Lake Edward,SeasonalNaive,2022-05-01,2022-10-01,6,914.26,914.2,False
Lake Edward,SeasonalNaive,2021-11-01,2022-10-01,12,914.26,914.2,False
Lake Edward,SeasonalNaive,2022-11-01,2022-11-01,1,914.355,914.39,False
Lake Edward,SeasonalNaive,2022-09-01,2022-11-01,3,914.355,914.39,False
Lake Edward,SeasonalNaive,2022-06-01,2022-11-01,6,914.355,914.39,False
Lake Edward,SeasonalNaive,2021-12-01,2022-11-01,12,914.355,914.39,False
Lake Edward,SeasonalNaive,2022-12-01,2022-12-01,1,914.455,914.645,False
Lake Edward,SeasonalNaive,2022-10-01,2022-12-01,3,914.455,914.645,False
Lake Edward,SeasonalNaive,2022-07-01,2022-12-01,6,914.455,914.645,False
Lake Edward,SeasonalNaive,2022-01-01,2022-12-01,12,914.455,914.645,False
Lake Edward,SeasonalNaive,2023-01-01,2023-01-01,1,914.463333,914.693333,False
Lake Edward,SeasonalNaive,2022-11-01,2023-01-01,3,914.463333,914.693333,False
Lake Edward,SeasonalNaive,2022-08-01,2023-01-01,6,914.463333,914.693333,False
Lake Edward,SeasonalNaive,2022-02-01,2023-01-01,12,914.463333,914.693333,False
Lake Edward,SeasonalNaive,2023-02-01,2023-02-01,1,914.345,914.585,False
Lake Edward,SeasonalNaive,2022-12-01,2023-02-01,3,914.345,914.585,False
Lake Edward,SeasonalNaive,2022-09-01,2023-02-01,6,914.345,914.585,False
Lake Edward,SeasonalNaive,2022-03-01,2023-02-01,12,914.345,914.585,False
Lake Edward,SeasonalNaive,2023-03-01,2023-03-01,1,914.275,914.55,False
Lake Edward,SeasonalNaive,2023-01-01,2023-03-01,3,914.275,914.55,False
Lake Edward,SeasonalNaive,2022-10-01,2023-03-01,6,914.275,914.55,False
Lake Edward,SeasonalNaive,2022-04-01,2023-03-01,12,914.275,914.55,False
Lake Edward,SeasonalNaive,2023-04-01,2023-04-01,1,914.235,914.7,False
Lake Edward,SeasonalNaive,2023-02-01,2023-04-01,3,914.235,914.7,False
Lake Edward,SeasonalNaive,2022-11-01,2023-04-01,6,914.235,914.7,False
Lake Edward,SeasonalNaive,2022-05-01,2023-04-01,12,914.235,914.7,False
Lake Edward,SeasonalNaive,2023-05-01,2023-05-01,1,914.31,914.835,False
Lake Edward,SeasonalNaive,2023-03-01,2023-05-01,3,914.31,914.835,False
Lake Edward,SeasonalNaive,2022-12-01,2023-05-01,6,914.31,914.835,False
Lake Edward,SeasonalNaive,2022-06-01,2023-05-01,12,914.31,914.835,False
Lake Edward,SeasonalNaive,2023-06-01,2023-06-01,1,914.28,914.75,False
Lake Edward,SeasonalNaive,2023-04-01,2023-06-01,3,914.28,914.75,False
Lake Edward,SeasonalNaive,2023-01-01,2023-06-01,6,914.28,914.75,False
Lake Edward,SeasonalNaive,2022-07-01,2023-06-01,12,914.28,914.75,False
Lake Edward,SeasonalNaive,2023-07-01,2023-07-01,1,914.125,914.69,False
Lake Edward,SeasonalNaive,2023-05-01,2023-07-01,3,914.125,914.69,False
Lake Edward,SeasonalNaive,2023-02-01,2023-07-01,6,914.125,914.69,False
Lake Edward,SeasonalNaive,2022-08-01,2023-07-01,12,914.125,914.69,False
Lake Edward,SeasonalNaive,2023-08-01,2023-08-01,1,914.07,914.58,False
Lake Edward,SeasonalNaive,2023-06-01,2023-08-01,3,914.07,914.58,False
Lake Edward,SeasonalNaive,2023-03-01,2023-08-01,6,914.07,914.58,False
Lake Edward,SeasonalNaive,2022-09-01,2023-08-01,12,914.07,914.58,False
Lake Edward,SeasonalNaive,2023-09-01,2023-09-01,1,914.12,914.425,False
Lake Edward,SeasonalNaive,2023-07-01,2023-09-01,3,914.12,914.425,False
Lake Edward,SeasonalNaive,2023-04-01,2023-09-01,6,914.12,914.425,False
Lake Edward,SeasonalNaive,2022-10-01,2023-09-01,12,914.12,914.425,False
Lake Edward,SeasonalNaive,2023-10-01,2023-10-01,1,914.2,914.49,False
Lake Edward,SeasonalNaive,2023-08-01,2023-10-01,3,914.2,914.49,False
Lake Edward,SeasonalNaive,2023-05-01,2023-10-01,6,914.2,914.49,False
Lake Edward,SeasonalNaive,2022-11-01,2023-10-01,12,914.2,914.49,False
Lake Edward,SeasonalNaive,2023-11-01,2023-11-01,1,914.39,914.54,False
Lake Edward,SeasonalNaive,2023-09-01,2023-11-01,3,914.39,914.54,False
Lake Edward,SeasonalNaive,2023-06-01,2023-11-01,6,914.39,914.54,False
Lake Edward,SeasonalNaive,2022-12-01,2023-11-01,12,914.39,914.54,False
Lake Edward,SeasonalNaive,2023-12-01,2023-12-01,1,914.645,914.885,False
Lake Edward,SeasonalNaive,2023-10-01,2023-12-01,3,914.645,914.885,False
Lake Edward,SeasonalNaive,2023-07-01,2023-12-01,6,914.645,914.885,False
Lake Edward,SeasonalNaive,2023-01-01,2023-12-01,12,914.645,914.885,False
Lake Edward,SeasonalNaive,2024-01-01,2024-01-01,1,914.693333,914.85,False
Lake Edward,SeasonalNaive,2023-11-01,2024-01-01,3,914.693333,914.85,False
Lake Edward,SeasonalNaive,2023-08-01,2024-01-01,6,914.693333,914.85,False
Lake Edward,SeasonalNaive,2023-02-01,2024-01-01,12,914.693333,914.85,False
Lake Edward,SeasonalNaive,2024-02-01,2024-02-01,1,914.585,914.765,False
Lake Edward,SeasonalNaive,2023-12-01,2024-02-01,3,914.585,914.765,False
Lake Edward,SeasonalNaive,2023-09-01,2024-02-01,6,914.585,914.765,False
Lake Edward,SeasonalNaive,2023-03-01,2024-02-01,12,914.585,914.765,False
Lake Edward,SeasonalNaive,2024-03-01,2024-03-01,1,914.55,914.75,False
Lake Edward,SeasonalNaive,2024-01-01,2024-03-01,3,914.55,914.75,False
Lake Edward,SeasonalNaive,2023-10-01,2024-03-01,6,914.55,914.75,False
Lake Edward,SeasonalNaive,2023-04-01,2024-03-01,12,914.55,914.75,False
Lake Edward,SeasonalNaive,2024-04-01,2024-04-01,1,914.7,914.69,False
Lake Edward,SeasonalNaive,2024-02-01,2024-04-01,3,914.7,914.69,False
Lake Edward,SeasonalNaive,2023-11-01,2024-04-01,6,914.7,914.69,False
Lake Edward,SeasonalNaive,2023-05-01,2024-04-01,12,914.7,914.69,False
Lake Edward,SeasonalNaive,2024-05-01,2024-05-01,1,914.835,914.833333,False
Lake Edward,SeasonalNaive,2024-03-01,2024-05-01,3,914.835,914.833333,False
Lake Edward,SeasonalNaive,2023-12-01,2024-05-01,6,914.835,914.833333,False
Lake Edward,SeasonalNaive,2023-06-01,2024-05-01,12,914.835,914.833333,False
Lake Edward,SeasonalNaive,2024-06-01,2024-06-01,1,914.75,914.805,False
Lake Edward,SeasonalNaive,2024-04-01,2024-06-01,3,914.75,914.805,False
Lake Edward,SeasonalNaive,2024-01-01,2024-06-01,6,914.75,914.805,False
Lake Edward,SeasonalNaive,2023-07-01,2024-06-01,12,914.75,914.805,False
Lake Edward,SeasonalNaive,2024-07-01,2024-07-01,1,914.69,914.63,False
Lake Edward,SeasonalNaive,2024-05-01,2024-07-01,3,914.69,914.63,False
Lake Edward,SeasonalNaive,2024-02-01,2024-07-01,6,914.69,914.63,False
Lake Edward,SeasonalNaive,2023-08-01,2024-07-01,12,914.69,914.63,False
Lake Edward,SeasonalNaive,2024-08-01,2024-08-01,1,914.58,914.52,False
Lake Edward,SeasonalNaive,2024-06-01,2024-08-01,3,914.58,914.52,False
Lake Edward,SeasonalNaive,2024-03-01,2024-08-01,6,914.58,914.52,False
Lake Edward,SeasonalNaive,2023-09-01,2024-08-01,12,914.58,914.52,False
Lake Edward,SeasonalNaive,2024-09-01,2024-09-01,1,914.425,914.425,False
Lake Edward,SeasonalNaive,2024-07-01,2024-09-01,3,914.425,914.425,False
Lake Edward,SeasonalNaive,2024-04-01,2024-09-01,6,914.425,914.425,False
Lake Edward,SeasonalNaive,2023-10-01,2024-09-01,12,914.425,914.425,False
Lake Edward,SeasonalNaive,2024-10-01,2024-10-01,1,914.49,914.41,False
Lake Edward,SeasonalNaive,2024-08-01,2024-10-01,3,914.49,914.41,False
Lake Edward,SeasonalNaive,2024-05-01,2024-10-01,6,914.49,914.41,False
Lake Edward,SeasonalNaive,2023-11-01,2024-10-01,12,914.49,914.41,False
Lake Edward,SeasonalNaive,2024-11-01,2024-11-01,1,914.54,914.415,False
Lake Edward,SeasonalNaive,2024-09-01,2024-11-01,3,914.54,914.415,False
Lake Edward,SeasonalNaive,2024-06-01,2024-11-01,6,914.54,914.415,False
Lake Edward,SeasonalNaive,2023-12-01,2024-11-01,12,914.54,914.415,False
Lake Edward,SeasonalNaive,2024-12-01,2024-12-01,1,914.885,914.58,False
Lake Edward,SeasonalNaive,2024-10-01,2024-12-01,3,914.885,914.58,False
Lake Edward,SeasonalNaive,2024-07-01,2024-12-01,6,914.885,914.58,False
Lake Edward,SeasonalNaive,2024-01-01,2024-12-01,12,914.885,914.58,False
Lake Edward,SeasonalNaive,2025-01-01,2025-01-01,1,914.85,914.44,False
Lake Edward,SeasonalNaive,2024-11-01,2025-01-01,3,914.85,914.44,False
Lake Edward,SeasonalNaive,2024-08-01,2025-01-01,6,914.85,914.44,False
Lake Edward,SeasonalNaive,2024-02-01,2025-01-01,12,914.85,914.44,False
Lake Edward,SeasonalNaive,2025-02-01,2025-02-01,1,914.765,914.33,False
Lake Edward,SeasonalNaive,2024-12-01,2025-02-01,3,914.765,914.33,False
Lake Edward,SeasonalNaive,2024-09-01,2025-02-01,6,914.765,914.33,False
Lake Edward,SeasonalNaive,2024-03-01,2025-02-01,12,914.765,914.33,False
Lake Edward,SeasonalNaive,2025-03-01,2025-03-01,1,914.75,914.24,False
Lake Edward,SeasonalNaive,2025-01-01,2025-03-01,3,914.75,914.24,False
Lake Edward,SeasonalNaive,2024-10-01,2025-03-01,6,914.75,914.24,False
Lake Edward,SeasonalNaive,2024-04-01,2025-03-01,12,914.75,914.24,False
Lake Edward,SeasonalNaive,2025-04-01,2025-04-01,1,914.69,914.35,False
Lake Edward,SeasonalNaive,2025-02-01,2025-04-01,3,914.69,914.35,False
Lake Edward,SeasonalNaive,2024-11-01,2025-04-01,6,914.69,914.35,False
Lake Edward,SeasonalNaive,2024-05-01,2025-04-01,12,914.69,914.35,False
Lake Edward,SeasonalNaive,2025-05-01,2025-05-01,1,914.833333,914.38,False
Lake Edward,SeasonalNaive,2025-03-01,2025-05-01,3,914.833333,914.38,False
Lake Edward,SeasonalNaive,2024-12-01,2025-05-01,6,914.833333,914.38,False
Lake Edward,SeasonalNaive,2024-06-01,2025-05-01,12,914.833333,914.38,False
Lake Edward,SeasonalNaive,2025-06-01,2025-06-01,1,914.805,914.39,False
Lake Edward,SeasonalNaive,2025-04-01,2025-06-01,3,914.805,914.39,False
Lake Edward,SeasonalNaive,2025-01-01,2025-06-01,6,914.805,914.39,False
Lake Edward,SeasonalNaive,2024-07-01,2025-06-01,12,914.805,914.39,False
Lake Edward,SeasonalNaive,2025-07-01,2025-07-01,1,914.63,914.32,False
Lake Edward,SeasonalNaive,2025-05-01,2025-07-01,3,914.63,914.32,False
Lake Edward,SeasonalNaive,2025-02-01,2025-07-01,6,914.63,914.32,False
Lake Edward,SeasonalNaive,2024-08-01,2025-07-01,12,914.63,914.32,False
Lake Edward,SeasonalNaive,2025-08-01,2025-08-01,1,914.52,914.35,False
Lake Edward,SeasonalNaive,2025-06-01,2025-08-01,3,914.52,914.35,False
Lake Edward,SeasonalNaive,2025-03-01,2025-08-01,6,914.52,914.35,False
Lake Edward,SeasonalNaive,2024-09-01,2025-08-01,12,914.52,914.35,False
Lake Edward,SeasonalNaive,2025-09-01,2025-09-01,1,914.425,914.32,False
Lake Edward,SeasonalNaive,2025-07-01,2025-09-01,3,914.425,914.32,False
Lake Edward,SeasonalNaive,2025-04-01,2025-09-01,6,914.425,914.32,False
Lake Edward,SeasonalNaive,2024-10-01,2025-09-01,12,914.425,914.32,False
Lake Edward,SeasonalNaive,2025-10-01,2025-10-01,1,914.41,914.32,False
Lake Edward,SeasonalNaive,2025-08-01,2025-10-01,3,914.41,914.32,False
Lake Edward,SeasonalNaive,2025-05-01,2025-10-01,6,914.41,914.32,False
Lake Edward,SeasonalNaive,2024-11-01,2025-10-01,12,914.41,914.32,False
Lake Edward,SeasonalNaive,2025-11-01,2025-11-01,1,914.415,914.46,False
Lake Edward,SeasonalNaive,2025-09-01,2025-11-01,3,914.415,914.46,False
Lake Edward,SeasonalNaive,2025-06-01,2025-11-01,6,914.415,914.46,False
Lake Edward,SeasonalNaive,2024-12-01,2025-11-01,12,914.415,914.46,False
Lake Edward,SeasonalNaive,2025-12-01,2025-12-01,1,914.58,914.44,False
Lake Edward,SeasonalNaive,2025-10-01,2025-12-01,3,914.58,914.44,False
Lake Edward,SeasonalNaive,2025-07-01,2025-12-01,6,914.58,914.44,False
Lake Edward,SeasonalNaive,2025-01-01,2025-12-01,12,914.58,914.44,False
Lake Edward,ARIMA,2021-01-01,2021-01-01,1,914.651057,914.8,False
Lake Edward,ARIMA,2021-02-01,2021-02-01,1,914.749465,914.65,False
Lake Edward,ARIMA,2021-03-01,2021-03-01,1,914.624117,914.54,False
Lake Edward,ARIMA,2021-01-01,2021-03-01,3,914.573181,914.54,False
Lake Edward,ARIMA,2021-04-01,2021-04-01,1,914.5797,914.545,False
Lake Edward,ARIMA,2021-02-01,2021-04-01,3,914.775343,914.545,False
Lake Edward,ARIMA,2021-05-01,2021-05-01,1,914.606749,914.506667,False
Lake Edward,ARIMA,2021-03-01,2021-05-01,3,914.73308,914.506667,False
Lake Edward,ARIMA,2021-06-01,2021-06-01,1,914.517198,914.49,False
Lake Edward,ARIMA,2021-04-01,2021-06-01,3,914.661397,914.49,False
Lake Edward,ARIMA,2021-01-01,2021-06-01,6,914.695237,914.49,False
Lake Edward,ARIMA,2021-07-01,2021-07-01,1,914.442866,914.39,False
Lake Edward,ARIMA,2021-05-01,2021-07-01,3,914.578052,914.39,False
Lake Edward,ARIMA,2021-02-01,2021-07-01,6,914.811972,914.39,False
Lake Edward,ARIMA,2021-08-01,2021-08-01,1,914.322614,914.225,False
Lake Edward,ARIMA,2021-06-01,2021-08-01,3,914.408172,914.225,False
Lake Edward,ARIMA,2021-03-01,2021-08-01,6,914.641803,914.225,False
Lake Edward,ARIMA,2021-09-01,2021-09-01,1,914.199994,914.22,False
Lake Edward,ARIMA,2021-07-01,2021-09-01,3,914.360776,914.22,False
Lake Edward,ARIMA,2021-04-01,2021-09-01,6,914.533786,914.22,False
Lake Edward,ARIMA,2021-10-01,2021-10-01,1,914.267783,914.26,False
Lake Edward,ARIMA,2021-08-01,2021-10-01,3,914.349677,914.26,False
Lake Edward,ARIMA,2021-05-01,2021-10-01,6,914.542733,914.26,False
Lake Edward,ARIMA,2021-11-01,2021-11-01,1,914.321903,914.355,False
Lake Edward,ARIMA,2021-09-01,2021-11-01,3,914.309073,914.355,False
Lake Edward,ARIMA,2021-06-01,2021-11-01,6,914.497942,914.355,False
Lake Edward,ARIMA,2021-12-01,2021-12-01,1,914.373873,914.455,False
Lake Edward,ARIMA,2021-10-01,2021-12-01,3,914.346583,914.455,False
Lake Edward,ARIMA,2021-07-01,2021-12-01,6,914.486787,914.455,False
Lake Edward,ARIMA,2021-01-01,2021-12-01,12,914.694357,914.455,False
Lake Edward,ARIMA,2022-01-01,2022-01-01,1,914.414552,914.463333,False
Lake Edward,ARIMA,2021-11-01,2022-01-01,3,914.29241,914.463333,False
Lake Edward,ARIMA,2021-08-01,2022-01-01,6,914.384847,914.463333,False
Lake Edward,ARIMA,2021-02-01,2022-01-01,12,914.811312,914.463333,False
Lake Edward,ARIMA,2022-02-01,2022-02-01,1,914.40352,914.345,False
Lake Edward,ARIMA,2021-12-01,2022-02-01,3,914.265243,914.345,False
Lake Edward,ARIMA,2021-09-01,2022-02-01,6,914.216969,914.345,False
Lake Edward,ARIMA,2021-03-01,2022-02-01,12,914.642054,914.345,False
Lake Edward,ARIMA,2022-03-01,2022-03-01,1,914.323986,914.275,False
Lake Edward,ARIMA,2022-01-01,2022-03-01,3,914.335152,914.275,False
Lake Edward,ARIMA,2021-10-01,2022-03-01,6,914.222604,914.275,False
Lake Edward,ARIMA,2021-04-01,2022-03-01,12,914.534704,914.275,False
Lake Edward,ARIMA,2022-04-01,2022-04-01,1,914.319298,914.235,False
Lake Edward,ARIMA,2022-02-01,2022-04-01,3,914.433856,914.235,False
Lake Edward,ARIMA,2021-11-01,2022-04-01,6,914.259989,914.235,False
Lake Edward,ARIMA,2021-05-01,2022-04-01,12,914.543399,914.235,False
Lake Edward,ARIMA,2022-05-01,2022-05-01,1,914.293195,914.31,False
Lake Edward,ARIMA,2022-03-01,2022-05-01,3,914.435562,914.31,False
Lake Edward,ARIMA,2021-12-01,2022-05-01,6,914.357547,914.31,False
Lake Edward,ARIMA,2021-06-01,2022-05-01,12,914.497711,914.31,False
Lake Edward,ARIMA,2022-06-01,2022-06-01,1,914.328331,914.28,False
Lake Edward,ARIMA,2022-04-01,2022-06-01,3,914.399558,914.28,False
Lake Edward,ARIMA,2022-01-01,2022-06-01,6,914.460965,914.28,False
Lake Edward,ARIMA,2021-07-01,2022-06-01,12,914.485892,914.28,False
Lake Edward,ARIMA,2022-07-01,2022-07-01,1,914.22815,914.125,False
Lake Edward,ARIMA,2022-05-01,2022-07-01,3,914.262235,914.125,False
Lake Edward,ARIMA,2022-02-01,2022-07-01,6,914.466812,914.125,False
Lake Edward,ARIMA,2021-08-01,2022-07-01,12,914.384196,914.125,False
Lake Edward,ARIMA,2022-08-01,2022-08-01,1,914.053193,914.07,False
Lake Edward,ARIMA,2022-06-01,2022-08-01,3,914.215101,914.07,False
Lake Edward,ARIMA,2022-03-01,2022-08-01,6,914.340306,914.07,False
Lake Edward,ARIMA,2021-09-01,2022-08-01,12,914.217228,914.07,False
Lake Edward,ARIMA,2022-09-01,2022-09-01,1,914.056316,914.12,False
Lake Edward,ARIMA,2022-07-01,2022-09-01,3,914.147505,914.12,False
Lake Edward,ARIMA,2022-04-01,2022-09-01,6,914.271782,914.12,False
Lake Edward,ARIMA,2021-10-01,2022-09-01,12,914.2235,914.12,False
Lake Edward,ARIMA,2022-10-01,2022-10-01,1,914.172359,914.2,False
Lake Edward,ARIMA,2022-08-01,2022-10-01,3,914.0862,914.2,False
Lake Edward,ARIMA,2022-05-01,2022-10-01,6,914.228519,914.2,False
Lake Edward,ARIMA,2021-11-01,2022-10-01,12,914.260625,914.2,False
Lake Edward,ARIMA,2022-11-01,2022-11-01,1,914.263637,914.39,False
Lake Edward,ARIMA,2022-09-01,2022-11-01,3,914.166529,914.39,False
Lake Edward,ARIMA,2022-06-01,2022-11-01,6,914.311155,914.39,False
Lake Edward,ARIMA,2021-12-01,2022-11-01,12,914.357282,914.39,False
Lake Edward,ARIMA,2022-12-01,2022-12-01,1,914.413478,914.645,False
Lake Edward,ARIMA,2022-10-01,2022-12-01,3,914.248564,914.645,False
Lake Edward,ARIMA,2022-07-01,2022-12-01,6,914.274962,914.645,False
Lake Edward,ARIMA,2022-01-01,2022-12-01,12,914.460051,914.645,False
Lake Edward,ARIMA,2023-01-01,2023-01-01,1,914.613275,914.693333,False
Lake Edward,ARIMA,2022-11-01,2023-01-01,3,914.23094,914.693333,False
Lake Edward,ARIMA,2022-08-01,2023-01-01,6,914.115599,914.693333,False
Lake Edward,ARIMA,2022-02-01,2023-01-01,12,914.466162,914.693333,False
Lake Edward,ARIMA,2023-02-01,2023-02-01,1,914.634641,914.585,False
Lake Edward,ARIMA,2022-12-01,2023-02-01,3,914.30354,914.585,False
Lake Edward,ARIMA,2022-09-01,2023-02-01,6,914.071709,914.585,False
Lake Edward,ARIMA,2022-03-01,2023-02-01,12,914.340585,914.585,False
Lake Edward,ARIMA,2023-03-01,2023-03-01,1,914.567068,914.55,False
Lake Edward,ARIMA,2023-01-01,2023-03-01,3,914.535577,914.55,False
Lake Edward,ARIMA,2022-10-01,2023-03-01,6,914.126314,914.55,False
Lake Edward,ARIMA,2022-04-01,2023-03-01,12,914.272713,914.55,False
Lake Edward,ARIMA,2023-04-01,2023-04-01,1,914.600454,914.7,False
Lake Edward,ARIMA,2023-02-01,2023-04-01,3,914.671343,914.7,False
Lake Edward,ARIMA,2022-11-01,2023-04-01,6,914.202968,914.7,False
Lake Edward,ARIMA,2022-05-01,2023-04-01,12,914.229184,914.7,False
Lake Edward,ARIMA,2023-05-01,2023-05-01,1,914.772702,914.835,False
Lake Edward,ARIMA,2023-03-01,2023-05-01,3,914.683924,914.835,False
Lake Edward,ARIMA,2022-12-01,2023-05-01,6,914.400422,914.835,False
Lake Edward,ARIMA,2022-06-01,2023-05-01,12,914.31088,914.835,False
Lake Edward,ARIMA,2023-06-01,2023-06-01,1,914.851575,914.75,False
Lake Edward,ARIMA,2023-04-01,2023-06-01,3,914.679291,914.75,False
Lake Edward,ARIMA,2023-01-01,2023-06-01,6,914.663696,914.75,False
Lake Edward,ARIMA,2022-07-01,2023-06-01,12,914.274037,914.75,False
Lake Edward,ARIMA,2023-07-01,2023-07-01,1,914.689624,914.69,False
Lake Edward,ARIMA,2023-05-01,2023-07-01,3,914.73268,914.69,False
Lake Edward,ARIMA,2023-02-01,2023-07-01,6,914.699478,914.69,False
Lake Edward,ARIMA,2022-08-01,2023-07-01,12,914.114972,914.69,False
Lake Edward,ARIMA,2023-08-01,2023-08-01,1,914.627554,914.58,False
Lake Edward,ARIMA,2023-06-01,2023-08-01,3,914.734711,914.58,False
Lake Edward,ARIMA,2023-03-01,2023-08-01,6,914.581111,914.58,False
Lake Edward,ARIMA,2022-09-01,2023-08-01,12,914.071993,914.58,False
Lake Edward,ARIMA,2023-09-01,2023-09-01,1,914.565823,914.425,False
Lake Edward,ARIMA,2023-07-01,2023-09-01,3,914.616468,914.425,False
Lake Edward,ARIMA,2023-04-01,2023-09-01,6,914.549528,914.425,False
Lake Edward,ARIMA,2022-10-01,2023-09-01,12,914.127209,914.425,False
Lake Edward,ARIMA,2023-10-01,2023-10-01,1,914.466928,914.49,False
Lake Edward,ARIMA,2023-08-01,2023-10-01,3,914.668438,914.49,False
Lake Edward,ARIMA,2023-05-01,2023-10-01,6,914.709081,914.49,False
Lake Edward,ARIMA,2022-11-01,2023-10-01,12,914.203575,914.49,False
Lake Edward,ARIMA,2023-11-01,2023-11-01,1,914.555857,914.54,False
Lake Edward,ARIMA,2023-09-01,2023-11-01,3,914.680215,914.54,False
Lake Edward,ARIMA,2023-06-01,2023-11-01,6,914.839934,914.54,False
Lake Edward,ARIMA,2022-12-01,2023-11-01,12,914.400111,914.54,False
Lake Edward,ARIMA,2023-12-01,2023-12-01,1,914.54874,914.885,False
Lake Edward,ARIMA,2023-10-01,2023-12-01,3,914.541328,914.885,False
Lake Edward,ARIMA,2023-07-01,2023-12-01,6,914.74042,914.885,False
Lake Edward,ARIMA,2023-01-01,2023-12-01,12,914.66274,914.885,False
Lake Edward,ARIMA,2024-01-01,2024-01-01,1,914.856114,914.85,False
Lake Edward,ARIMA,2023-11-01,2024-01-01,3,914.511992,914.85,False
Lake Edward,ARIMA,2023-08-01,2024-01-01,6,914.689432,914.85,False
Lake Edward,ARIMA,2023-02-01,2024-01-01,12,914.698836,914.85,False
Lake Edward,ARIMA,2024-02-01,2024-02-01,1,914.781351,914.765,False
Lake Edward,ARIMA,2023-12-01,2024-02-01,3,914.431838,914.765,False
Lake Edward,ARIMA,2023-09-01,2024-02-01,6,914.576321,914.765,False
Lake Edward,ARIMA,2023-03-01,2024-02-01,12,914.58144,914.765,False
Lake Edward,ARIMA,2024-03-01,2024-03-01,1,914.75318,914.75,False
Lake Edward,ARIMA,2024-01-01,2024-03-01,3,914.777205,914.75,False
Lake Edward,ARIMA,2023-10-01,2024-03-01,6,914.414022,914.75,False
Lake Edward,ARIMA,2023-04-01,2024-03-01,12,914.550495,914.75,False
Lake Edward,ARIMA,2024-04-01,2024-04-01,1,914.807269,914.69,False
Lake Edward,ARIMA,2024-02-01,2024-04-01,3,914.827997,914.69,False
Lake Edward,ARIMA,2023-11-01,2024-04-01,6,914.492565,914.69,False
Lake Edward,ARIMA,2023-05-01,2024-04-01,12,914.709693,914.69,False
Lake Edward,ARIMA,2024-05-01,2024-05-01,1,914.749103,914.833333,False
Lake Edward,ARIMA,2024-03-01,2024-05-01,3,914.878333,914.833333,False
Lake Edward,ARIMA,2023-12-01,2024-05-01,6,914.538281,914.833333,False
Lake Edward,ARIMA,2023-06-01,2024-05-01,12,914.839575,914.833333,False
Lake Edward,ARIMA,2024-06-01,2024-06-01,1,914.851306,914.805,False
Lake Edward,ARIMA,2024-04-01,2024-06-01,3,914.885082,914.805,False
Lake Edward,ARIMA,2024-01-01,2024-06-01,6,914.912518,914.805,False
Lake Edward,ARIMA,2023-07-01,2024-06-01,12,914.739479,914.805,False
Lake Edward,ARIMA,2024-07-01,2024-07-01,1,914.743376,914.63,False
Lake Edward,ARIMA,2024-05-01,2024-07-01,3,914.703878,914.63,False
Lake Edward,ARIMA,2024-02-01,2024-07-01,6,914.848835,914.63,False
Lake Edward,ARIMA,2023-08-01,2024-07-01,12,914.688845,914.63,False
Lake Edward,ARIMA,2024-08-01,2024-08-01,1,914.553597,914.52,False
Lake Edward,ARIMA,2024-06-01,2024-08-01,3,914.724313,914.52,False
Lake Edward,ARIMA,2024-03-01,2024-08-01,6,914.764014,914.52,False
Lake Edward,ARIMA,2023-09-01,2024-08-01,12,914.576684,914.52,False
Lake Edward,ARIMA,2024-09-01,2024-09-01,1,914.508796,914.425,False
Lake Edward,ARIMA,2024-07-01,2024-09-01,3,914.664911,914.425,False
Lake Edward,ARIMA,2024-04-01,2024-09-01,6,914.750773,914.425,False
Lake Edward,ARIMA,2023-10-01,2024-09-01,12,914.414994,914.425,False
Lake Edward,ARIMA,2024-10-01,2024-10-01,1,914.477128,914.41,False
Lake Edward,ARIMA,2024-08-01,2024-10-01,3,914.602639,914.41,False
Lake Edward,ARIMA,2024-05-01,2024-10-01,6,914.680701,914.41,False
Lake Edward,ARIMA,2023-11-01,2024-10-01,12,914.493157,914.41,False
Lake Edward,ARIMA,2024-11-01,2024-11-01,1,914.472622,914.415,False
Lake Edward,ARIMA,2024-09-01,2024-11-01,3,914.633399,914.415,False
Lake Edward,ARIMA,2024-06-01,2024-11-01,6,914.840083,914.415,False
Lake Edward,ARIMA,2023-12-01,2024-11-01,12,914.537907,914.415,False
Lake Edward,ARIMA,2024-12-01,2024-12-01,1,914.419999,914.58,False
Lake Edward,ARIMA,2024-10-01,2024-12-01,3,914.552925,914.58,False
Lake Edward,ARIMA,2024-07-01,2024-12-01,6,914.800018,914.58,False
Lake Edward,ARIMA,2024-01-01,2024-12-01,12,914.911483,914.58,False
Lake Edward,ARIMA,2025-01-01,2025-01-01,1,914.533681,914.44,False
Lake Edward,ARIMA,2024-11-01,2025-01-01,3,914.422984,914.44,False
Lake Edward,ARIMA,2024-08-01,2025-01-01,6,914.619749,914.44,False
Lake Edward,ARIMA,2024-02-01,2025-01-01,12,914.848203,914.44,False
Lake Edward,ARIMA,2025-02-01,2025-02-01,1,914.363207,914.33,False
Lake Edward,ARIMA,2024-12-01,2025-02-01,3,914.294318,914.33,False
Lake Edward,ARIMA,2024-09-01,2025-02-01,6,914.517572,914.33,False
Lake Edward,ARIMA,2024-03-01,2025-02-01,12,914.764418,914.33,False
Lake Edward,ARIMA,2025-03-01,2025-03-01,1,914.318924,914.24,False
Lake Edward,ARIMA,2025-01-01,2025-03-01,3,914.453763,914.24,False
Lake Edward,ARIMA,2024-10-01,2025-03-01,6,914.418937,914.24,False
Lake Edward,ARIMA,2024-04-01,2025-03-01,12,914.751805,914.24,False
Lake Edward,ARIMA,2025-04-01,2025-04-01,1,914.294633,914.35,False
Lake Edward,ARIMA,2025-02-01,2025-04-01,3,914.414498,914.35,False
Lake Edward,ARIMA,2024-11-01,2025-04-01,6,914.404932,914.35,False
Lake Edward,ARIMA,2024-05-01,2025-04-01,12,914.68135,914.35,False
Lake Edward,ARIMA,2025-05-01,2025-05-01,1,914.423557,914.38,False
Lake Edward,ARIMA,2025-03-01,2025-05-01,3,914.447712,914.38,False
Lake Edward,ARIMA,2024-12-01,2025-05-01,6,914.409692,914.38,False
Lake Edward,ARIMA,2024-06-01,2025-05-01,12,914.839676,914.38,False
Lake Edward,ARIMA,2025-06-01,2025-06-01,1,914.384158,914.39,False
Lake Edward,ARIMA,2025-04-01,2025-06-01,3,914.372274,914.39,False
Lake Edward,ARIMA,2025-01-01,2025-06-01,6,914.592513,914.39,False
Lake Edward,ARIMA,2024-07-01,2025-06-01,12,914.798982,914.39,False
Lake Edward,ARIMA,2025-07-01,2025-07-01,1,914.3298,914.32,False
Lake Edward,ARIMA,2025-05-01,2025-07-01,3,914.369655,914.32,False
Lake Edward,ARIMA,2025-02-01,2025-07-01,6,914.431406,914.32,False
Lake Edward,ARIMA,2024-08-01,2025-07-01,12,914.619144,914.32,False
Lake Edward,ARIMA,2025-08-01,2025-08-01,1,914.250997,914.35,False
Lake Edward,ARIMA,2025-06-01,2025-08-01,3,914.255328,914.35,False
Lake Edward,ARIMA,2025-03-01,2025-08-01,6,914.327624,914.35,False
Lake Edward,ARIMA,2024-09-01,2025-08-01,12,914.517999,914.35,False
Lake Edward,ARIMA,2025-09-01,2025-09-01,1,914.349823,914.32,False
Lake Edward,ARIMA,2025-07-01,2025-09-01,3,914.253954,914.32,False
Lake Edward,ARIMA,2025-04-01,2025-09-01,6,914.234384,914.32,False
Lake Edward,ARIMA,2024-10-01,2025-09-01,12,914.41998,914.32,False
Lake Edward,ARIMA,2025-10-01,2025-10-01,1,914.376904,914.32,False
Lake Edward,ARIMA,2025-08-01,2025-10-01,3,914.30407,914.32,False
Lake Edward,ARIMA,2025-05-01,2025-10-01,6,914.355328,914.32,False
Lake Edward,ARIMA,2024-11-01,2025-10-01,12,914.405553,914.32,False
Lake Edward,ARIMA,2025-11-01,2025-11-01,1,914.383657,914.46,False
Lake Edward,ARIMA,2025-09-01,2025-11-01,3,914.476302,914.46,False
Lake Edward,ARIMA,2025-06-01,2025-11-01,6,914.375849,914.46,False
Lake Edward,ARIMA,2024-12-01,2025-11-01,12,914.409279,914.46,False
Lake Edward,ARIMA,2025-12-01,2025-12-01,1,914.474742,914.44,False
Lake Edward,ARIMA,2025-10-01,2025-12-01,3,914.453072,914.44,False
Lake Edward,ARIMA,2025-07-01,2025-12-01,6,914.389422,914.44,False
Lake Edward,ARIMA,2025-01-01,2025-12-01,12,914.591443,914.44,False
Lake Edward,SARIMA,2021-01-01,2021-01-01,1,914.665785,914.8,False
Lake Edward,SARIMA,2021-02-01,2021-02-01,1,914.755499,914.65,False
Lake Edward,SARIMA,2021-03-01,2021-03-01,1,914.616282,914.54,False
Lake Edward,SARIMA,2021-01-01,2021-03-01,3,914.586868,914.54,False
Lake Edward,SARIMA,2021-04-01,2021-04-01,1,914.561834,914.545,False
Lake Edward,SARIMA,2021-02-01,2021-04-01,3,914.755269,914.545,False
Lake Edward,SARIMA,2021-05-01,2021-05-01,1,914.599659,914.506667,False
Lake Edward,SARIMA,2021-03-01,2021-05-01,3,914.698526,914.506667,False
Lake Edward,SARIMA,2021-06-01,2021-06-01,1,914.526018,914.49,False
Lake Edward,SARIMA,2021-04-01,2021-06-01,3,914.64334,914.49,False
Lake Edward,SARIMA,2021-01-01,2021-06-01,6,914.692123,914.49,False
Lake Edward,SARIMA,2021-07-01,2021-07-01,1,914.459337,914.39,False
Lake Edward,SARIMA,2021-05-01,2021-07-01,3,914.59644,914.39,False
Lake Edward,SARIMA,2021-02-01,2021-07-01,6,914.808506,914.39,False
Lake Edward,SARIMA,2021-08-01,2021-08-01,1,914.331348,914.225,False
Lake Edward,SARIMA,2021-06-01,2021-08-01,3,914.443697,914.225,False
Lake Edward,SARIMA,2021-03-01,2021-08-01,6,914.641706,914.225,False
Lake Edward,SARIMA,2021-09-01,2021-09-01,1,914.192255,914.22,False
Lake Edward,SARIMA,2021-07-01,2021-09-01,3,914.379515,914.22,False
Lake Edward,SARIMA,2021-04-01,2021-09-01,6,914.534511,914.22,False
Lake Edward,SARIMA,2021-10-01,2021-10-01,1,914.253202,914.26,False
Lake Edward,SARIMA,2021-08-01,2021-10-01,3,914.336256,914.26,False
Lake Edward,SARIMA,2021-05-01,2021-10-01,6,914.547603,914.26,False
Lake Edward,SARIMA,2021-11-01,2021-11-01,1,914.317835,914.355,False
Lake Edward,SARIMA,2021-09-01,2021-11-01,3,914.281154,914.355,False
Lake Edward,SARIMA,2021-06-01,2021-11-01,6,914.505925,914.355,False
Lake Edward,SARIMA,2021-12-01,2021-12-01,1,914.386636,914.455,False
Lake Edward,SARIMA,2021-10-01,2021-12-01,3,914.339677,914.455,False
Lake Edward,SARIMA,2021-07-01,2021-12-01,6,914.497834,914.455,False
Lake Edward,SARIMA,2021-01-01,2021-12-01,12,914.70273,914.455,False
Lake Edward,SARIMA,2022-01-01,2022-01-01,1,914.433709,914.463333,False
Lake Edward,SARIMA,2021-11-01,2022-01-01,3,914.32119,914.463333,False
Lake Edward,SARIMA,2021-08-01,2022-01-01,6,914.398608,914.463333,False
Lake Edward,SARIMA,2021-02-01,2022-01-01,12,914.822392,914.463333,False
Lake Edward,SARIMA,2022-02-01,2022-02-01,1,914.409807,914.345,False
Lake Edward,SARIMA,2021-12-01,2022-02-01,3,914.305655,914.345,False
Lake Edward,SARIMA,2021-09-01,2022-02-01,6,914.229373,914.345,False
Lake Edward,SARIMA,2021-03-01,2022-02-01,12,914.654182,914.345,False
Lake Edward,SARIMA,2022-03-01,2022-03-01,1,914.313693,914.275,False
Lake Edward,SARIMA,2022-01-01,2022-03-01,3,914.351609,914.275,False
Lake Edward,SARIMA,2021-10-01,2022-03-01,6,914.232533,914.275,False
Lake Edward,SARIMA,2021-04-01,2022-03-01,12,914.544944,914.275,False
Lake Edward,SARIMA,2022-04-01,2022-04-01,1,914.29994,914.235,False
Lake Edward,SARIMA,2022-02-01,2022-04-01,3,914.410022,914.235,False
Lake Edward,SARIMA,2021-11-01,2022-04-01,6,914.266121,914.235,False
Lake Edward,SARIMA,2021-05-01,2022-04-01,12,914.553217,914.235,False
Lake Edward,SARIMA,2022-05-01,2022-05-01,1,914.283444,914.31,False
Lake Edward,SARIMA,2022-03-01,2022-05-01,3,914.393917,914.31,False
Lake Edward,SARIMA,2021-12-01,2022-05-01,6,914.357551,914.31,False
Lake Edward,SARIMA,2021-06-01,2022-05-01,12,914.505651,914.31,False
Lake Edward,SARIMA,2022-06-01,2022-06-01,1,914.336619,914.28,False
Lake Edward,SARIMA,2022-04-01,2022-06-01,3,914.377053,914.28,False
Lake Edward,SARIMA,2022-01-01,2022-06-01,6,914.455092,914.28,False
Lake Edward,SARIMA,2021-07-01,2022-06-01,12,914.492706,914.28,False
Lake Edward,SARIMA,2022-07-01,2022-07-01,1,914.245796,914.125,False
Lake Edward,SARIMA,2022-05-01,2022-07-01,3,914.278202,914.125,False
Lake Edward,SARIMA,2022-02-01,2022-07-01,6,914.457556,914.125,False
Lake Edward,SARIMA,2021-08-01,2022-07-01,12,914.390553,914.125,False
Lake Edward,SARIMA,2022-08-01,2022-08-01,1,914.061179,914.07,False
Lake Edward,SARIMA,2022-06-01,2022-08-01,3,914.250391,914.07,False
Lake Edward,SARIMA,2022-03-01,2022-08-01,6,914.332922,914.07,False
Lake Edward,SARIMA,2021-09-01,2022-08-01,12,914.222218,914.07,False
Lake Edward,SARIMA,2022-09-01,2022-09-01,1,914.047155,914.12,False
Lake Edward,SARIMA,2022-07-01,2022-09-01,3,914.165767,914.12,False
Lake Edward,SARIMA,2022-04-01,2022-09-01,6,914.267067,914.12,False
Lake Edward,SARIMA,2021-10-01,2022-09-01,12,914.227535,914.12,False
Lake Edward,SARIMA,2022-10-01,2022-10-01,1,914.155223,914.2,False
Lake Edward,SARIMA,2022-08-01,2022-10-01,3,914.067964,914.2,False
Lake Edward,SARIMA,2022-05-01,2022-10-01,6,914.227399,914.2,False
Lake Edward,SARIMA,2021-11-01,2022-10-01,12,914.263476,914.2,False
Lake Edward,SARIMA,2022-11-01,2022-11-01,1,914.257876,914.39,False
Lake Edward,SARIMA,2022-09-01,2022-11-01,3,914.132771,914.39,False
Lake Edward,SARIMA,2022-06-01,2022-11-01,6,914.312723,914.39,False
Lake Edward,SARIMA,2021-12-01,2022-11-01,12,914.358277,914.39,False
Lake Edward,SARIMA,2022-12-01,2022-12-01,1,914.426279,914.645,False
Lake Edward,SARIMA,2022-10-01,2022-12-01,3,914.237506,914.645,False
Lake Edward,SARIMA,2022-07-01,2022-12-01,6,914.280762,914.645,False
Lake Edward,SARIMA,2022-01-01,2022-12-01,12,914.460183,914.645,False
Lake Edward,SARIMA,2023-01-01,2023-01-01,1,914.633189,914.693333,False
Lake Edward,SARIMA,2022-11-01,2023-01-01,3,914.25922,914.693333,False
Lake Edward,SARIMA,2022-08-01,2023-01-01,6,914.124911,914.693333,False
Lake Edward,SARIMA,2022-02-01,2023-01-01,12,914.46666,914.693333,False
Lake Edward,SARIMA,2023-02-01,2023-02-01,1,914.641778,914.585,False
Lake Edward,SARIMA,2022-12-01,2023-02-01,3,914.345616,914.585,False
Lake Edward,SARIMA,2022-09-01,2023-02-01,6,914.080095,914.585,False
Lake Edward,SARIMA,2022-03-01,2023-02-01,12,914.342346,914.585,False
Lake Edward,SARIMA,2023-03-01,2023-03-01,1,914.555628,914.55,False
Lake Edward,SARIMA,2023-01-01,2023-03-01,3,914.552597,914.55,False
Lake Edward,SARIMA,2022-10-01,2023-03-01,6,914.132709,914.55,False
Lake Edward,SARIMA,2022-04-01,2023-03-01,12,914.274245,914.55,False
Lake Edward,SARIMA,2023-04-01,2023-04-01,1,914.578119,914.7,False
Lake Edward,SARIMA,2023-02-01,2023-04-01,3,914.644323,914.7,False
Lake Edward,SARIMA,2022-11-01,2023-04-01,6,914.206186,914.7,False
Lake Edward,SARIMA,2022-05-01,2023-04-01,12,914.230191,914.7,False
Lake Edward,SARIMA,2023-05-01,2023-05-01,1,914.761987,914.835,False
Lake Edward,SARIMA,2023-03-01,2023-05-01,3,914.637609,914.835,False
Lake Edward,SARIMA,2022-12-01,2023-05-01,6,914.39886,914.835,False
Lake Edward,SARIMA,2022-06-01,2023-05-01,12,914.311499,914.835,False
Lake Edward,SARIMA,2023-06-01,2023-06-01,1,914.860939,914.75,False
Lake Edward,SARIMA,2023-04-01,2023-06-01,3,914.653661,914.75,False
Lake Edward,SARIMA,2023-01-01,2023-06-01,6,914.655465,914.75,False
Lake Edward,SARIMA,2022-07-01,2023-06-01,12,914.274535,914.75,False
Lake Edward,SARIMA,2023-07-01,2023-07-01,1,914.70825,914.69,False
Lake Edward,SARIMA,2023-05-01,2023-07-01,3,914.749493,914.69,False
Lake Edward,SARIMA,2023-02-01,2023-07-01,6,914.687553,914.69,False
Lake Edward,SARIMA,2022-08-01,2023-07-01,12,914.114524,914.69,False
Lake Edward,SARIMA,2023-08-01,2023-08-01,1,914.635979,914.58,False
Lake Edward,SARIMA,2023-06-01,2023-08-01,3,914.773087,914.58,False
Lake Edward,SARIMA,2023-03-01,2023-08-01,6,914.572219,914.58,False
Lake Edward,SARIMA,2022-09-01,2023-08-01,12,914.0716,914.58,False
Lake Edward,SARIMA,2023-09-01,2023-09-01,1,914.556433,914.425,False
Lake Edward,SARIMA,2023-07-01,2023-09-01,3,914.635641,914.425,False
Lake Edward,SARIMA,2023-04-01,2023-09-01,6,914.544403,914.425,False
Lake Edward,SARIMA,2022-10-01,2023-09-01,12,914.127514,914.425,False
Lake Edward,SARIMA,2023-10-01,2023-10-01,1,914.448315,914.49,False
Lake Edward,SARIMA,2023-08-01,2023-10-01,3,914.648202,914.49,False
Lake Edward,SARIMA,2023-05-01,2023-10-01,6,914.707182,914.49,False
Lake Edward,SARIMA,2022-11-01,2023-10-01,12,914.204108,914.49,False
Lake Edward,SARIMA,2023-11-01,2023-11-01,1,914.549564,914.54,False
Lake Edward,SARIMA,2023-09-01,2023-11-01,3,914.644301,914.54,False
Lake Edward,SARIMA,2023-06-01,2023-11-01,6,914.842025,914.54,False
Lake Edward,SARIMA,2022-12-01,2023-11-01,12,914.400362,914.54,False
Lake Edward,SARIMA,2023-12-01,2023-12-01,1,914.566196,914.885,False
Lake Edward,SARIMA,2023-10-01,2023-12-01,3,914.532237,914.885,False
Lake Edward,SARIMA,2023-07-01,2023-12-01,6,914.750397,914.885,False
Lake Edward,SARIMA,2023-01-01,2023-12-01,12,914.664301,914.885,False
Lake Edward,SARIMA,2024-01-01,2024-01-01,1,914.878404,914.85,False
Lake Edward,SARIMA,2023-11-01,2024-01-01,3,914.547635,914.85,False
Lake Edward,SARIMA,2023-08-01,2024-01-01,6,914.703542,914.85,False
Lake Edward,SARIMA,2023-02-01,2024-01-01,12,914.702453,914.85,False
Lake Edward,SARIMA,2024-02-01,2024-02-01,1,914.790899,914.765,False
Lake Edward,SARIMA,2023-12-01,2024-02-01,3,914.483351,914.765,False
Lake Edward,SARIMA,2023-09-01,2024-02-01,6,914.590211,914.765,False
Lake Edward,SARIMA,2023-03-01,2024-02-01,12,914.586702,914.765,False
Lake Edward,SARIMA,2024-03-01,2024-03-01,1,914.740635,914.75,False
Lake Edward,SARIMA,2024-01-01,2024-03-01,3,914.798437,914.75,False
Lake Edward,SARIMA,2023-10-01,2024-03-01,6,914.426709,914.75,False
Lake Edward,SARIMA,2023-04-01,2024-03-01,12,914.55616,914.75,False
Lake Edward,SARIMA,2024-04-01,2024-04-01,1,914.784903,914.69,False
Lake Edward,SARIMA,2024-02-01,2024-04-01,3,914.802342,914.69,False
Lake Edward,SARIMA,2023-11-01,2024-04-01,6,914.5033,914.69,False
Lake Edward,SARIMA,2023-05-01,2024-04-01,12,914.717328,914.69,False
Lake Edward,SARIMA,2024-05-01,2024-05-01,1,914.739028,914.833333,False
Lake Edward,SARIMA,2024-03-01,2024-05-01,3,914.830581,914.833333,False
Lake Edward,SARIMA,2023-12-01,2024-05-01,6,914.545892,914.833333,False
Lake Edward,SARIMA,2023-06-01,2024-05-01,12,914.848655,914.833333,False
Lake Edward,SARIMA,2024-06-01,2024-06-01,1,914.85935,914.805,False
Lake Edward,SARIMA,2024-04-01,2024-06-01,3,914.859106,914.805,False
Lake Edward,SARIMA,2024-01-01,2024-06-01,6,914.907271,914.805,False
Lake Edward,SARIMA,2023-07-01,2024-06-01,12,914.748388,914.805,False
Lake Edward,SARIMA,2024-07-01,2024-07-01,1,914.76555,914.63,False
Lake Edward,SARIMA,2024-05-01,2024-07-01,3,914.723702,914.63,False
Lake Edward,SARIMA,2024-02-01,2024-07-01,6,914.841919,914.63,False
Lake Edward,SARIMA,2023-08-01,2024-07-01,12,914.697603,914.63,False
Lake Edward,SARIMA,2024-08-01,2024-08-01,1,914.564703,914.52,False
Lake Edward,SARIMA,2024-06-01,2024-08-01,3,914.76725,914.52,False
Lake Edward,SARIMA,2024-03-01,2024-08-01,6,914.758486,914.52,False
Lake Edward,SARIMA,2023-09-01,2024-08-01,12,914.585607,914.52,False
Lake Edward,SARIMA,2024-09-01,2024-09-01,1,914.495475,914.425,False
Lake Edward,SARIMA,2024-07-01,2024-09-01,3,914.686957,914.425,False
Lake Edward,SARIMA,2024-04-01,2024-09-01,6,914.745955,914.425,False
Lake Edward,SARIMA,2023-10-01,2024-09-01,12,914.421921,914.425,False
Lake Edward,SARIMA,2024-10-01,2024-10-01,1,914.455245,914.41,False
Lake Edward,SARIMA,2024-08-01,2024-10-01,3,914.577984,914.41,False
Lake Edward,SARIMA,2024-05-01,2024-10-01,6,914.677954,914.41,False
Lake Edward,SARIMA,2023-11-01,2024-10-01,12,914.498498,914.41,False
Lake Edward,SARIMA,2024-11-01,2024-11-01,1,914.462899,914.415,False
Lake Edward,SARIMA,2024-09-01,2024-11-01,3,914.585977,914.415,False
Lake Edward,SARIMA,2024-06-01,2024-11-01,6,914.835951,914.415,False
Lake Edward,SARIMA,2023-12-01,2024-11-01,12,914.541374,914.415,False
Lake Edward,SARIMA,2024-12-01,2024-12-01,1,914.440969,914.58,False
Lake Edward,SARIMA,2024-10-01,2024-12-01,3,914.540143,914.58,False
Lake Edward,SARIMA,2024-07-01,2024-12-01,6,914.807856,914.58,False
Lake Edward,SARIMA,2024-01-01,2024-12-01,12,914.914274,914.58,False
Lake Edward,SARIMA,2025-01-01,2025-01-01,1,914.557866,914.44,False
Lake Edward,SARIMA,2024-11-01,2025-01-01,3,914.459986,914.44,False
Lake Edward,SARIMA,2024-08-01,2025-01-01,6,914.630893,914.44,False
Lake Edward,SARIMA,2024-02-01,2025-01-01,12,914.853137,914.44,False
Lake Edward,SARIMA,2025-02-01,2025-02-01,1,914.375128,914.33,False
Lake Edward,SARIMA,2024-12-01,2025-02-01,3,914.353783,914.33,False
Lake Edward,SARIMA,2024-09-01,2025-02-01,6,914.528317,914.33,False
Lake Edward,SARIMA,2024-03-01,2025-02-01,12,914.770208,914.33,False
Lake Edward,SARIMA,2025-03-01,2025-03-01,1,914.306451,914.24,False
Lake Edward,SARIMA,2025-01-01,2025-03-01,3,914.479638,914.24,False
Lake Edward,SARIMA,2024-10-01,2025-03-01,6,914.432168,914.24,False
Lake Edward,SARIMA,2024-04-01,2025-03-01,12,914.758508,914.24,False
Lake Edward,SARIMA,2025-04-01,2025-04-01,1,914.268736,914.35,False
Lake Edward,SARIMA,2025-02-01,2025-04-01,3,914.387618,914.35,False
Lake Edward,SARIMA,2024-11-01,2025-04-01,6,914.4157,914.35,False
Lake Edward,SARIMA,2024-05-01,2025-04-01,12,914.687139,914.35,False
Lake Edward,SARIMA,2025-05-01,2025-05-01,1,914.412314,914.38,False
Lake Edward,SARIMA,2025-03-01,2025-05-01,3,914.395863,914.38,False
Lake Edward,SARIMA,2024-12-01,2025-05-01,6,914.419796,914.38,False
Lake Edward,SARIMA,2024-06-01,2025-05-01,12,914.844403,914.38,False
Lake Edward,SARIMA,2025-06-01,2025-06-01,1,914.394394,914.39,False
Lake Edward,SARIMA,2025-04-01,2025-06-01,3,914.342804,914.39,False
Lake Edward,SARIMA,2025-01-01,2025-06-01,6,914.587755,914.39,False
Lake Edward,SARIMA,2024-07-01,2025-06-01,12,914.805012,914.39,False
Lake Edward,SARIMA,2025-07-01,2025-07-01,1,914.351682,914.32,False
Lake Edward,SARIMA,2025-05-01,2025-07-01,3,914.390631,914.32,False
Lake Edward,SARIMA,2025-02-01,2025-07-01,6,914.423897,914.32,False
Lake Edward,SARIMA,2024-08-01,2025-07-01,12,914.623774,914.32,False
Lake Edward,SARIMA,2025-08-01,2025-08-01,1,914.262565,914.35,False
Lake Edward,SARIMA,2025-06-01,2025-08-01,3,914.301094,914.35,False
Lake Edward,SARIMA,2025-03-01,2025-08-01,6,914.320107,914.35,False
Lake Edward,SARIMA,2024-09-01,2025-08-01,12,914.521841,914.35,False
Lake Edward,SARIMA,2025-09-01,2025-09-01,1,914.335091,914.32,False
Lake Edward,SARIMA,2025-07-01,2025-09-01,3,914.275193,914.32,False
Lake Edward,SARIMA,2025-04-01,2025-09-01,6,914.226965,914.32,False
Lake Edward,SARIMA,2024-10-01,2025-09-01,12,914.424191,914.32,False
Lake Edward,SARIMA,2025-10-01,2025-10-01,1,914.352273,914.32,False
Lake Edward,SARIMA,2025-08-01,2025-10-01,3,914.275728,914.32,False
Lake Edward,SARIMA,2025-05-01,2025-10-01,6,914.348635,914.32,False
Lake Edward,SARIMA,2024-11-01,2025-10-01,12,914.408162,914.32,False
Lake Edward,SARIMA,2025-11-01,2025-11-01,1,914.370985,914.46,False
Lake Edward,SARIMA,2025-09-01,2025-11-01,3,914.421484,914.46,False
Lake Edward,SARIMA,2025-06-01,2025-11-01,6,914.367442,914.46,False
Lake Edward,SARIMA,2024-12-01,2025-11-01,12,914.409731,914.46,False
Lake Edward,SARIMA,2025-12-01,2025-12-01,1,914.493572,914.44,False
Lake Edward,SARIMA,2025-10-01,2025-12-01,3,914.432614,914.44,False
Lake Edward,SARIMA,2025-07-01,2025-12-01,6,914.389485,914.44,False
Lake Edward,SARIMA,2025-01-01,2025-12-01,12,914.587553,914.44,False
Lake Kivu,RandomWalk,2021-01-01,2021-01-01,1,1461.66,1461.793333,False
Lake Kivu,RandomWalk,2021-02-01,2021-02-01,1,1461.793333,1461.86,False
Lake Kivu,RandomWalk,2021-03-01,2021-03-01,1,1461.86,1461.89,False
Lake Kivu,RandomWalk,2021-01-01,2021-03-01,3,1461.66,1461.89,False
Lake Kivu,RandomWalk,2021-04-01,2021-04-01,1,1461.89,1461.93,False
Lake Kivu,RandomWalk,2021-02-01,2021-04-01,3,1461.793333,1461.93,False
Lake Kivu,RandomWalk,2021-05-01,2021-05-01,1,1461.93,1462.07,False
Lake Kivu,RandomWalk,2021-03-01,2021-05-01,3,1461.86,1462.07,False
Lake Kivu,RandomWalk,2021-06-01,2021-06-01,1,1462.07,1462.0,False
Lake Kivu,RandomWalk,2021-04-01,2021-06-01,3,1461.89,1462.0,False
Lake Kivu,RandomWalk,2021-01-01,2021-06-01,6,1461.66,1462.0,False
Lake Kivu,RandomWalk,2021-07-01,2021-07-01,1,1462.0,1461.94,False
Lake Kivu,RandomWalk,2021-05-01,2021-07-01,3,1461.93,1461.94,False
Lake Kivu,RandomWalk,2021-02-01,2021-07-01,6,1461.793333,1461.94,False
Lake Kivu,RandomWalk,2021-08-01,2021-08-01,1,1461.94,1461.755,False
Lake Kivu,RandomWalk,2021-06-01,2021-08-01,3,1462.07,1461.755,False
Lake Kivu,RandomWalk,2021-03-01,2021-08-01,6,1461.86,1461.755,False
Lake Kivu,RandomWalk,2021-09-01,2021-09-01,1,1461.755,1461.693333,False
Lake Kivu,RandomWalk,2021-07-01,2021-09-01,3,1462.0,1461.693333,False
Lake Kivu,RandomWalk,2021-04-01,2021-09-01,6,1461.89,1461.693333,False
Lake Kivu,RandomWalk,2021-10-01,2021-10-01,1,1461.693333,1461.67,False
Lake Kivu,RandomWalk,2021-08-01,2021-10-01,3,1461.94,1461.67,False
Lake Kivu,RandomWalk,2021-05-01,2021-10-01,6,1461.93,1461.67,False
Lake Kivu,RandomWalk,2021-11-01,2021-11-01,1,1461.67,1461.7,False
Lake Kivu,RandomWalk,2021-09-01,2021-11-01,3,1461.755,1461.7,False
Lake Kivu,RandomWalk,2021-06-01,2021-11-01,6,1462.07,1461.7,False
Lake Kivu,RandomWalk,2021-12-01,2021-12-01,1,1461.7,1461.62,False
Lake Kivu,RandomWalk,2021-10-01,2021-12-01,3,1461.693333,1461.62,False
Lake Kivu,RandomWalk,2021-07-01,2021-12-01,6,1462.0,1461.62,False
Lake Kivu,RandomWalk,2021-01-01,2021-12-01,12,1461.66,1461.62,False
Lake Kivu,RandomWalk,2022-01-01,2022-01-01,1,1461.62,1461.59,False
Lake Kivu,RandomWalk,2021-11-01,2022-01-01,3,1461.67,1461.59,False
Lake Kivu,RandomWalk,2021-08-01,2022-01-01,6,1461.94,1461.59,False
Lake Kivu,RandomWalk,2021-02-01,2022-01-01,12,1461.793333,1461.59,False
Lake Kivu,RandomWalk,2022-02-01,2022-02-01,1,1461.59,1461.81,False
Lake Kivu,RandomWalk,2021-12-01,2022-02-01,3,1461.7,1461.81,False
Lake Kivu,RandomWalk,2021-09-01,2022-02-01,6,1461.755,1461.81,False
Lake Kivu,RandomWalk,2021-03-01,2022-02-01,12,1461.86,1461.81,False
Lake Kivu,RandomWalk,2022-03-01,2022-03-01,1,1461.81,1461.785,False
Lake Kivu,RandomWalk,2022-01-01,2022-03-01,3,1461.62,1461.785,False
Lake Kivu,RandomWalk,2021-10-01,2022-03-01,6,1461.693333,1461.785,False
Lake Kivu,RandomWalk,2021-04-01,2022-03-01,12,1461.89,1461.785,False
Lake Kivu,RandomWalk,2022-04-01,2022-04-01,1,1461.785,1461.84,False
Lake Kivu,RandomWalk,2022-02-01,2022-04-01,3,1461.59,1461.84,False
Lake Kivu,RandomWalk,2021-11-01,2022-04-01,6,1461.67,1461.84,False
Lake Kivu,RandomWalk,2021-05-01,2022-04-01,12,1461.93,1461.84,False
Lake Kivu,RandomWalk,2022-05-01,2022-05-01,1,1461.84,1461.985,False
Lake Kivu,RandomWalk,2022-03-01,2022-05-01,3,1461.81,1461.985,False
Lake Kivu,RandomWalk,2021-12-01,2022-05-01,6,1461.7,1461.985,False
Lake Kivu,RandomWalk,2021-06-01,2022-05-01,12,1462.07,1461.985,False
Lake Kivu,RandomWalk,2022-06-01,2022-06-01,1,1461.985,1461.96,False
Lake Kivu,RandomWalk,2022-04-01,2022-06-01,3,1461.785,1461.96,False
Lake Kivu,RandomWalk,2022-01-01,2022-06-01,6,1461.62,1461.96,False
Lake Kivu,RandomWalk,2021-07-01,2022-06-01,12,1462.0,1461.96,False
Lake Kivu,RandomWalk,2022-07-01,2022-07-01,1,1461.96,1461.76,False
Lake Kivu,RandomWalk,2022-05-01,2022-07-01,3,1461.84,1461.76,False
Lake Kivu,RandomWalk,2022-02-01,2022-07-01,6,1461.59,1461.76,False
Lake Kivu,RandomWalk,2021-08-01,2022-07-01,12,1461.94,1461.76,False
Lake Kivu,RandomWalk,2022-08-01,2022-08-01,1,1461.76,1461.726667,False
Lake Kivu,RandomWalk,2022-06-01,2022-08-01,3,1461.985,1461.726667,False
Lake Kivu,RandomWalk,2022-03-01,2022-08-01,6,1461.81,1461.726667,False
Lake Kivu,RandomWalk,2021-09-01,2022-08-01,12,1461.755,1461.726667,False
Lake Kivu,RandomWalk,2022-09-01,2022-09-01,1,1461.726667,1461.75,False
Lake Kivu,RandomWalk,2022-07-01,2022-09-01,3,1461.96,1461.75,False
Lake Kivu,RandomWalk,2022-04-01,2022-09-01,6,1461.785,1461.75,False
Lake Kivu,RandomWalk,2021-10-01,2022-09-01,12,1461.693333,1461.75,False
Lake Kivu,RandomWalk,2022-10-01,2022-10-01,1,1461.75,1461.735,False
Lake Kivu,RandomWalk,2022-08-01,2022-10-01,3,1461.76,1461.735,False
Lake Kivu,RandomWalk,2022-05-01,2022-10-01,6,1461.84,1461.735,False
Lake Kivu,RandomWalk,2021-11-01,2022-10-01,12,1461.67,1461.735,False
Lake Kivu,RandomWalk,2022-11-01,2022-11-01,1,1461.735,1461.755,False
Lake Kivu,RandomWalk,2022-09-01,2022-11-01,3,1461.726667,1461.755,False
Lake Kivu,RandomWalk,2022-06-01,2022-11-01,6,1461.985,1461.755,False
Lake Kivu,RandomWalk,2021-12-01,2022-11-01,12,1461.7,1461.755,False
Lake Kivu,RandomWalk,2022-12-01,2022-12-01,1,1461.755,1461.905,False
Lake Kivu,RandomWalk,2022-10-01,2022-12-01,3,1461.75,1461.905,False
Lake Kivu,RandomWalk,2022-07-01,2022-12-01,6,1461.96,1461.905,False
Lake Kivu,RandomWalk,2022-01-01,2022-12-01,12,1461.62,1461.905,False
Lake Kivu,RandomWalk,2023-01-01,2023-01-01,1,1461.905,1461.976667,False
Lake Kivu,RandomWalk,2022-11-01,2023-01-01,3,1461.735,1461.976667,False
Lake Kivu,RandomWalk,2022-08-01,2023-01-01,6,1461.76,1461.976667,False
Lake Kivu,RandomWalk,2022-02-01,2023-01-01,12,1461.59,1461.976667,False
Lake Kivu,RandomWalk,2023-02-01,2023-02-01,1,1461.976667,1461.96,False
Lake Kivu,RandomWalk,2022-12-01,2023-02-01,3,1461.755,1461.96,False
Lake Kivu,RandomWalk,2022-09-01,2023-02-01,6,1461.726667,1461.96,False
Lake Kivu,RandomWalk,2022-03-01,2023-02-01,12,1461.81,1461.96,False
Lake Kivu,RandomWalk,2023-03-01,2023-03-01,1,1461.96,1461.96,False
Lake Kivu,RandomWalk,2023-01-01,2023-03-01,3,1461.905,1461.96,False
Lake Kivu,RandomWalk,2022-10-01,2023-03-01,6,1461.75,1461.96,False
Lake Kivu,RandomWalk,2022-04-01,2023-03-01,12,1461.785,1461.96,False
Lake Kivu,RandomWalk,2023-04-01,2023-04-01,1,1461.96,1462.073333,False
Lake Kivu,RandomWalk,2023-02-01,2023-04-01,3,1461.976667,1462.073333,False
Lake Kivu,RandomWalk,2022-11-01,2023-04-01,6,1461.735,1462.073333,False
Lake Kivu,RandomWalk,2022-05-01,2023-04-01,12,1461.84,1462.073333,False
Lake Kivu,RandomWalk,2023-05-01,2023-05-01,1,1462.073333,1462.28,False
Lake Kivu,RandomWalk,2023-03-01,2023-05-01,3,1461.96,1462.28,False
Lake Kivu,RandomWalk,2022-12-01,2023-05-01,6,1461.755,1462.28,False
Lake Kivu,RandomWalk,2022-06-01,2023-05-01,12,1461.985,1462.28,False
Lake Kivu,RandomWalk,2023-06-01,2023-06-01,1,1462.28,1462.145,False
Lake Kivu,RandomWalk,2023-04-01,2023-06-01,3,1461.96,1462.145,False
Lake Kivu,RandomWalk,2023-01-01,2023-06-01,6,1461.905,1462.145,False
Lake Kivu,RandomWalk,2022-07-01,2023-06-01,12,1461.96,1462.145,False
Lake Kivu,RandomWalk,2023-07-01,2023-07-01,1,1462.145,1462.04,False
Lake Kivu,RandomWalk,2023-05-01,2023-07-01,3,1462.073333,1462.04,False
Lake Kivu,RandomWalk,2023-02-01,2023-07-01,6,1461.976667,1462.04,False
Lake Kivu,RandomWalk,2022-08-01,2023-07-01,12,1461.76,1462.04,False
Lake Kivu,RandomWalk,2023-08-01,2023-08-01,1,1462.04,1461.895,False
Lake Kivu,RandomWalk,2023-06-01,2023-08-01,3,1462.28,1461.895,False
Lake Kivu,RandomWalk,2023-03-01,2023-08-01,6,1461.96,1461.895,False
Lake Kivu,RandomWalk,2022-09-01,2023-08-01,12,1461.726667,1461.895,False
Lake Kivu,RandomWalk,2023-09-01,2023-09-01,1,1461.895,1461.825,False
Lake Kivu,RandomWalk,2023-07-01,2023-09-01,3,1462.145,1461.825,False
Lake Kivu,RandomWalk,2023-04-01,2023-09-01,6,1461.96,1461.825,False
Lake Kivu,RandomWalk,2022-10-01,2023-09-01,12,1461.75,1461.825,False
Lake Kivu,RandomWalk,2023-10-01,2023-10-01,1,1461.825,1461.77,False
Lake Kivu,RandomWalk,2023-08-01,2023-10-01,3,1462.04,1461.77,False
Lake Kivu,RandomWalk,2023-05-01,2023-10-01,6,1462.073333,1461.77,False
Lake Kivu,RandomWalk,2022-11-01,2023-10-01,12,1461.735,1461.77,False
Lake Kivu,RandomWalk,2023-11-01,2023-11-01,1,1461.77,1461.78,False
Lake Kivu,RandomWalk,2023-09-01,2023-11-01,3,1461.895,1461.78,False
Lake Kivu,RandomWalk,2023-06-01,2023-11-01,6,1462.28,1461.78,False
Lake Kivu,RandomWalk,2022-12-01,2023-11-01,12,1461.755,1461.78,False
Lake Kivu,RandomWalk,2023-12-01,2023-12-01,1,1461.78,1461.91,False
Lake Kivu,RandomWalk,2023-10-01,2023-12-01,3,1461.825,1461.91,False
Lake Kivu,RandomWalk,2023-07-01,2023-12-01,6,1462.145,1461.91,False
Lake Kivu,RandomWalk,2023-01-01,2023-12-01,12,1461.905,1461.91,False
Lake Kivu,RandomWalk,2024-01-01,2024-01-01,1,1461.91,1462.19,False
Lake Kivu,RandomWalk,2023-11-01,2024-01-01,3,1461.77,1462.19,False
Lake Kivu,RandomWalk,2023-08-01,2024-01-01,6,1462.04,1462.19,False
Lake Kivu,RandomWalk,2023-02-01,2024-01-01,12,1461.976667,1462.19,False
Lake Kivu,RandomWalk,2024-02-01,2024-02-01,1,1462.19,1462.225,False
Lake Kivu,RandomWalk,2023-12-01,2024-02-01,3,1461.78,1462.225,False
Lake Kivu,RandomWalk,2023-09-01,2024-02-01,6,1461.895,1462.225,False
Lake Kivu,RandomWalk,2023-03-01,2024-02-01,12,1461.96,1462.225,False
Lake Kivu,RandomWalk,2024-03-01,2024-03-01,1,1462.225,1462.265,False
Lake Kivu,RandomWalk,2024-01-01,2024-03-01,3,1461.91,1462.265,False
Lake Kivu,RandomWalk,2023-10-01,2024-03-01,6,1461.825,1462.265,False
Lake Kivu,RandomWalk,2023-04-01,2024-03-01,12,1461.96,1462.265,False
Lake Kivu,RandomWalk,2024-04-01,2024-04-01,1,1462.265,1462.325,False
Lake Kivu,RandomWalk,2024-02-01,2024-04-01,3,1462.19,1462.325,False
Lake Kivu,RandomWalk,2023-11-01,2024-04-01,6,1461.77,1462.325,False
Lake Kivu,RandomWalk,2023-05-01,2024-04-01,12,1462.073333,1462.325,False
Lake Kivu,RandomWalk,2024-05-01,2024-05-01,1,1462.325,1462.38,False
Lake Kivu,RandomWalk,2024-03-01,2024-05-01,3,1462.225,1462.38,False
Lake Kivu,RandomWalk,2023-12-01,2024-05-01,6,1461.78,1462.38,False
Lake Kivu,RandomWalk,2023-06-01,2024-05-01,12,1462.28,1462.38,False
Lake Kivu,RandomWalk,2024-06-01,2024-06-01,1,1462.38,1462.39,False
Lake Kivu,RandomWalk,2024-04-01,2024-06-01,3,1462.265,1462.39,False
Lake Kivu,RandomWalk,2024-01-01,2024-06-01,6,1461.91,1462.39,False
Lake Kivu,RandomWalk,2023-07-01,2024-06-01,12,1462.145,1462.39,False
Lake Kivu,RandomWalk,2024-07-01,2024-07-01,1,1462.39,1462.1,False
Lake Kivu,RandomWalk,2024-05-01,2024-07-01,3,1462.325,1462.1,False
Lake Kivu,RandomWalk,2024-02-01,2024-07-01,6,1462.19,1462.1,False
Lake Kivu,RandomWalk,2023-08-01,2024-07-01,12,1462.04,1462.1,False
Lake Kivu,RandomWalk,2024-08-01,2024-08-01,1,1462.1,1461.9,False
Lake Kivu,RandomWalk,2024-06-01,2024-08-01,3,1462.38,1461.9,False
Lake Kivu,RandomWalk,2024-03-01,2024-08-01,6,1462.225,1461.9,False
Lake Kivu,RandomWalk,2023-09-01,2024-08-01,12,1461.895,1461.9,False
Lake Kivu,RandomWalk,2024-09-01,2024-09-01,1,1461.9,1461.78,False
Lake Kivu,RandomWalk,2024-07-01,2024-09-01,3,1462.39,1461.78,False
Lake Kivu,RandomWalk,2024-04-01,2024-09-01,6,1462.265,1461.78,False
Lake Kivu,RandomWalk,2023-10-01,2024-09-01,12,1461.825,1461.78,False
Lake Kivu,RandomWalk,2024-10-01,2024-10-01,1,1461.78,1461.705,False
Lake Kivu,RandomWalk,2024-08-01,2024-10-01,3,1462.1,1461.705,False
Lake Kivu,RandomWalk,2024-05-01,2024-10-01,6,1462.325,1461.705,False
Lake Kivu,RandomWalk,2023-11-01,2024-10-01,12,1461.77,1461.705,False
Lake Kivu,RandomWalk,2024-11-01,2024-11-01,1,1461.705,1461.725,False
Lake Kivu,RandomWalk,2024-09-01,2024-11-01,3,1461.9,1461.725,False
Lake Kivu,RandomWalk,2024-06-01,2024-11-01,6,1462.38,1461.725,False
Lake Kivu,RandomWalk,2023-12-01,2024-11-01,12,1461.78,1461.725,False
Lake Kivu,RandomWalk,2024-12-01,2024-12-01,1,1461.725,1461.95,False
Lake Kivu,RandomWalk,2024-10-01,2024-12-01,3,1461.78,1461.95,False
Lake Kivu,RandomWalk,2024-07-01,2024-12-01,6,1462.39,1461.95,False
Lake Kivu,RandomWalk,2024-01-01,2024-12-01,12,1461.91,1461.95,False
Lake Kivu,RandomWalk,2025-01-01,2025-01-01,1,1461.95,1461.845,False
Lake Kivu,RandomWalk,2024-11-01,2025-01-01,3,1461.705,1461.845,False
Lake Kivu,RandomWalk,2024-08-01,2025-01-01,6,1462.1,1461.845,False
Lake Kivu,RandomWalk,2024-02-01,2025-01-01,12,1462.19,1461.845,False
Lake Kivu,RandomWalk,2025-02-01,2025-02-01,1,1461.845,1461.875,False
Lake Kivu,RandomWalk,2024-12-01,2025-02-01,3,1461.725,1461.875,False
Lake Kivu,RandomWalk,2024-09-01,2025-02-01,6,1461.9,1461.875,False
Lake Kivu,RandomWalk,2024-03-01,2025-02-01,12,1462.225,1461.875,False
Lake Kivu,RandomWalk,2025-03-01,2025-03-01,1,1461.875,1461.875,False
Lake Kivu,RandomWalk,2025-01-01,2025-03-01,3,1461.95,1461.875,False
Lake Kivu,RandomWalk,2024-10-01,2025-03-01,6,1461.78,1461.875,False
Lake Kivu,RandomWalk,2024-04-01,2025-03-01,12,1462.265,1461.875,False
Lake Kivu,RandomWalk,2025-04-01,2025-04-01,1,1461.875,1461.895,False
Lake Kivu,RandomWalk,2025-02-01,2025-04-01,3,1461.845,1461.895,False
Lake Kivu,RandomWalk,2024-11-01,2025-04-01,6,1461.705,1461.895,False
Lake Kivu,RandomWalk,2024-05-01,2025-04-01,12,1462.325,1461.895,False
Lake Kivu,RandomWalk,2025-05-01,2025-05-01,1,1461.895,1461.995,False
Lake Kivu,RandomWalk,2025-03-01,2025-05-01,3,1461.875,1461.995,False
Lake Kivu,RandomWalk,2024-12-01,2025-05-01,6,1461.725,1461.995,False
Lake Kivu,RandomWalk,2024-06-01,2025-05-01,12,1462.38,1461.995,False
Lake Kivu,RandomWalk,2025-06-01,2025-06-01,1,1461.995,1461.985,False
Lake Kivu,RandomWalk,2025-04-01,2025-06-01,3,1461.875,1461.985,False
Lake Kivu,RandomWalk,2025-01-01,2025-06-01,6,1461.95,1461.985,False
Lake Kivu,RandomWalk,2024-07-01,2025-06-01,12,1462.39,1461.985,False
Lake Kivu,RandomWalk,2025-07-01,2025-07-01,1,1461.985,1461.945,False
Lake Kivu,RandomWalk,2025-05-01,2025-07-01,3,1461.895,1461.945,False
Lake Kivu,RandomWalk,2025-02-01,2025-07-01,6,1461.845,1461.945,False
Lake Kivu,RandomWalk,2024-08-01,2025-07-01,12,1462.1,1461.945,False
Lake Kivu,RandomWalk,2025-08-01,2025-08-01,1,1461.945,1461.82,False
Lake Kivu,RandomWalk,2025-06-01,2025-08-01,3,1461.995,1461.82,False
Lake Kivu,RandomWalk,2025-03-01,2025-08-01,6,1461.875,1461.82,False
Lake Kivu,RandomWalk,2024-09-01,2025-08-01,12,1461.9,1461.82,False
Lake Kivu,RandomWalk,2025-09-01,2025-09-01,1,1461.82,1461.675,False
Lake Kivu,RandomWalk,2025-07-01,2025-09-01,3,1461.985,1461.675,False
Lake Kivu,RandomWalk,2025-04-01,2025-09-01,6,1461.875,1461.675,False
Lake Kivu,RandomWalk,2024-10-01,2025-09-01,12,1461.78,1461.675,False
Lake Kivu,RandomWalk,2025-10-01,2025-10-01,1,1461.675,1461.695,False
Lake Kivu,RandomWalk,2025-08-01,2025-10-01,3,1461.945,1461.695,False
Lake Kivu,RandomWalk,2025-05-01,2025-10-01,6,1461.895,1461.695,False
Lake Kivu,RandomWalk,2024-11-01,2025-10-01,12,1461.705,1461.695,False
Lake Kivu,RandomWalk,2025-11-01,2025-11-01,1,1461.695,1461.715,False
Lake Kivu,RandomWalk,2025-09-01,2025-11-01,3,1461.82,1461.715,False
Lake Kivu,RandomWalk,2025-06-01,2025-11-01,6,1461.995,1461.715,False
Lake Kivu,RandomWalk,2024-12-01,2025-11-01,12,1461.725,1461.715,False
Lake Kivu,RandomWalk,2025-12-01,2025-12-01,1,1461.715,1461.645,False
Lake Kivu,RandomWalk,2025-10-01,2025-12-01,3,1461.675,1461.645,False
Lake Kivu,RandomWalk,2025-07-01,2025-12-01,6,1461.985,1461.645,False
Lake Kivu,RandomWalk,2025-01-01,2025-12-01,12,1461.95,1461.645,False
Lake Kivu,SeasonalNaive,2021-01-01,2021-01-01,1,1461.48,1461.793333,False
Lake Kivu,SeasonalNaive,2021-02-01,2021-02-01,1,1461.58,1461.86,False
Lake Kivu,SeasonalNaive,2021-03-01,2021-03-01,1,1461.65,1461.89,False
Lake Kivu,SeasonalNaive,2021-01-01,2021-03-01,3,1461.65,1461.89,False
Lake Kivu,SeasonalNaive,2021-04-01,2021-04-01,1,1461.685,1461.93,False
Lake Kivu,SeasonalNaive,2021-02-01,2021-04-01,3,1461.685,1461.93,False
Lake Kivu,SeasonalNaive,2021-05-01,2021-05-01,1,1461.935,1462.07,False
Lake Kivu,SeasonalNaive,2021-03-01,2021-05-01,3,1461.935,1462.07,False
Lake Kivu,SeasonalNaive,2021-06-01,2021-06-01,1,1461.953333,1462.0,False
Lake Kivu,SeasonalNaive,2021-04-01,2021-06-01,3,1461.953333,1462.0,False
Lake Kivu,SeasonalNaive,2021-01-01,2021-06-01,6,1461.953333,1462.0,False
Lake Kivu,SeasonalNaive,2021-07-01,2021-07-01,1,1461.885,1461.94,False
Lake Kivu,SeasonalNaive,2021-05-01,2021-07-01,3,1461.885,1461.94,False
Lake Kivu,SeasonalNaive,2021-02-01,2021-07-01,6,1461.885,1461.94,False
Lake Kivu,SeasonalNaive,2021-08-01,2021-08-01,1,1461.693333,1461.755,False
Lake Kivu,SeasonalNaive,2021-06-01,2021-08-01,3,1461.693333,1461.755,False
Lake Kivu,SeasonalNaive,2021-03-01,2021-08-01,6,1461.693333,1461.755,False
Lake Kivu,SeasonalNaive,2021-09-01,2021-09-01,1,1461.55,1461.693333,False
Lake Kivu,SeasonalNaive,2021-07-01,2021-09-01,3,1461.55,1461.693333,False
Lake Kivu,SeasonalNaive,2021-04-01,2021-09-01,6,1461.55,1461.693333,False
Lake Kivu,SeasonalNaive,2021-10-01,2021-10-01,1,1461.61,1461.67,False
Lake Kivu,SeasonalNaive,2021-08-01,2021-10-01,3,1461.61,1461.67,False
Lake Kivu,SeasonalNaive,2021-05-01,2021-10-01,6,1461.61,1461.67,False
Lake Kivu,SeasonalNaive,2021-11-01,2021-11-01,1,1461.53,1461.7,False
Lake Kivu,SeasonalNaive,2021-09-01,2021-11-01,3,1461.53,1461.7,False
Lake Kivu,SeasonalNaive,2021-06-01,2021-11-01,6,1461.53,1461.7,False
Lake Kivu,SeasonalNaive,2021-12-01,2021-12-01,1,1461.66,1461.62,False
Lake Kivu,SeasonalNaive,2021-10-01,2021-12-01,3,1461.66,1461.62,False
Lake Kivu,SeasonalNaive,2021-07-01,2021-12-01,6,1461.66,1461.62,False
Lake Kivu,SeasonalNaive,2021-01-01,2021-12-01,12,1461.66,1461.62,False
Lake Kivu,SeasonalNaive,2022-01-01,2022-01-01,1,1461.793333,1461.59,False
Lake Kivu,SeasonalNaive,2021-11-01,2022-01-01,3,1461.793333,1461.59,False
Lake Kivu,SeasonalNaive,2021-08-01,2022-01-01,6,1461.793333,1461.59,False
Lake Kivu,SeasonalNaive,2021-02-01,2022-01-01,12,1461.793333,1461.59,False
Lake Kivu,SeasonalNaive,2022-02-01,2022-02-01,1,1461.86,1461.81,False
Lake Kivu,SeasonalNaive,2021-12-01,2022-02-01,3,1461.86,1461.81,False
Lake Kivu,SeasonalNaive,2021-09-01,2022-02-01,6,1461.86,1461.81,False
Lake Kivu,SeasonalNaive,2021-03-01,2022-02-01,12,1461.86,1461.81,False
Lake Kivu,SeasonalNaive,2022-03-01,2022-03-01,1,1461.89,1461.785,False
Lake Kivu,SeasonalNaive,2022-01-01,2022-03-01,3,1461.89,1461.785,False
Lake Kivu,SeasonalNaive,2021-10-01,2022-03-01,6,1461.89,1461.785,False
Lake Kivu,SeasonalNaive,2021-04-01,2022-03-01,12,1461.89,1461.785,False
Lake Kivu,SeasonalNaive,2022-04-01,2022-04-01,1,1461.93,1461.84,False
Lake Kivu,SeasonalNaive,2022-02-01,2022-04-01,3,1461.93,1461.84,False
Lake Kivu,SeasonalNaive,2021-11-01,2022-04-01,6,1461.93,1461.84,False
Lake Kivu,SeasonalNaive,2021-05-01,2022-04-01,12,1461.93,1461.84,False
Lake Kivu,SeasonalNaive,2022-05-01,2022-05-01,1,1462.07,1461.985,False
Lake Kivu,SeasonalNaive,2022-03-01,2022-05-01,3,1462.07,1461.985,False
Lake Kivu,SeasonalNaive,2021-12-01,2022-05-01,6,1462.07,1461.985,False
Lake Kivu,SeasonalNaive,2021-06-01,2022-05-01,12,1462.07,1461.985,False
Lake Kivu,SeasonalNaive,2022-06-01,2022-06-01,1,1462.0,1461.96,False
Lake Kivu,SeasonalNaive,2022-04-01,2022-06-01,3,1462.0,1461.96,False
Lake Kivu,SeasonalNaive,2022-01-01,2022-06-01,6,1462.0,1461.96,False
Lake Kivu,SeasonalNaive,2021-07-01,2022-06-01,12,1462.0,1461.96,False
Lake Kivu,SeasonalNaive,2022-07-01,2022-07-01,1,1461.94,1461.76,False
Lake Kivu,SeasonalNaive,2022-05-01,2022-07-01,3,1461.94,1461.76,False
Lake Kivu,SeasonalNaive,2022-02-01,2022-07-01,6,1461.94,1461.76,False
Lake Kivu,SeasonalNaive,2021-08-01,2022-07-01,12,1461.94,1461.76,False
Lake Kivu,SeasonalNaive,2022-08-01,2022-08-01,1,1461.755,1461.726667,False
Lake Kivu,SeasonalNaive,2022-06-01,2022-08-01,3,1461.755,1461.726667,False
Lake Kivu,SeasonalNaive,2022-03-01,2022-08-01,6,1461.755,1461.726667,False
Lake Kivu,SeasonalNaive,2021-09-01,2022-08-01,12,1461.755,1461.726667,False
Lake Kivu,SeasonalNaive,2022-09-01,2022-09-01,1,1461.693333,1461.75,False
Lake Kivu,SeasonalNaive,2022-07-01,2022-09-01,3,1461.693333,1461.75,False
Lake Kivu,SeasonalNaive,2022-04-01,2022-09-01,6,1461.693333,1461.75,False
Lake Kivu,SeasonalNaive,2021-10-01,2022-09-01,12,1461.693333,1461.75,False
Lake Kivu,SeasonalNaive,2022-10-01,2022-10-01,1,1461.67,1461.735,False
Lake Kivu,SeasonalNaive,2022-08-01,2022-10-01,3,1461.67,1461.735,False
Lake Kivu,SeasonalNaive,2022-05-01,2022-10-01,6,1461.67,1461.735,False
Lake Kivu,SeasonalNaive,2021-11-01,2022-10-01,12,1461.67,1461.735,False
Lake Kivu,SeasonalNaive,2022-11-01,2022-11-01,1,1461.7,1461.755,False
Lake Kivu,SeasonalNaive,2022-09-01,2022-11-01,3,1461.7,1461.755,False
Lake Kivu,SeasonalNaive,2022-06-01,2022-11-01,6,1461.7,1461.755,False
Lake Kivu,SeasonalNaive,2021-12-01,2022-11-01,12,1461.7,1461.755,False
Lake Kivu,SeasonalNaive,2022-12-01,2022-12-01,1,1461.62,1461.905,False
Lake Kivu,SeasonalNaive,2022-10-01,2022-12-01,3,1461.62,1461.905,False
Lake Kivu,SeasonalNaive,2022-07-01,2022-12-01,6,1461.62,1461.905,False
Lake Kivu,SeasonalNaive,2022-01-01,2022-12-01,12,1461.62,1461.905,False
Lake Kivu,SeasonalNaive,2023-01-01,2023-01-01,1,1461.59,1461.976667,False
Lake Kivu,SeasonalNaive,2022-11-01,2023-01-01,3,1461.59,1461.976667,False
Lake Kivu,SeasonalNaive,2022-08-01,2023-01-01,6,1461.59,1461.976667,False
Lake Kivu,SeasonalNaive,2022-02-01,2023-01-01,12,1461.59,1461.976667,False
Lake Kivu,SeasonalNaive,2023-02-01,2023-02-01,1,1461.81,1461.96,False
Lake Kivu,SeasonalNaive,2022-12-01,2023-02-01,3,1461.81,1461.96,False
Lake Kivu,SeasonalNaive,2022-09-01,2023-02-01,6,1461.81,1461.96,False
Lake Kivu,SeasonalNaive,2022-03-01,2023-02-01,12,1461.81,1461.96,False
Lake Kivu,SeasonalNaive,2023-03-01,2023-03-01,1,1461.785,1461.96,False
Lake Kivu,SeasonalNaive,2023-01-01,2023-03-01,3,1461.785,1461.96,False
Lake Kivu,SeasonalNaive,2022-10-01,2023-03-01,6,1461.785,1461.96,False
Lake Kivu,SeasonalNaive,2022-04-01,2023-03-01,12,1461.785,1461.96,False
Lake Kivu,SeasonalNaive,2023-04-01,2023-04-01,1,1461.84,1462.073333,False
Lake Kivu,SeasonalNaive,2023-02-01,2023-04-01,3,1461.84,1462.073333,False
Lake Kivu,SeasonalNaive,2022-11-01,2023-04-01,6,1461.84,1462.073333,False
Lake Kivu,SeasonalNaive,2022-05-01,2023-04-01,12,1461.84,1462.073333,False
Lake Kivu,SeasonalNaive,2023-05-01,2023-05-01,1,1461.985,1462.28,False
Lake Kivu,SeasonalNaive,2023-03-01,2023-05-01,3,1461.985,1462.28,False
Lake Kivu,SeasonalNaive,2022-12-01,2023-05-01,6,1461.985,1462.28,False
Lake Kivu,SeasonalNaive,2022-06-01,2023-05-01,12,1461.985,1462.28,False
Lake Kivu,SeasonalNaive,2023-06-01,2023-06-01,1,1461.96,1462.145,False
Lake Kivu,SeasonalNaive,2023-04-01,2023-06-01,3,1461.96,1462.145,False
Lake Kivu,SeasonalNaive,2023-01-01,2023-06-01,6,1461.96,1462.145,False
Lake Kivu,SeasonalNaive,2022-07-01,2023-06-01,12,1461.96,1462.145,False
Lake Kivu,SeasonalNaive,2023-07-01,2023-07-01,1,1461.76,1462.04,False
Lake Kivu,SeasonalNaive,2023-05-01,2023-07-01,3,1461.76,1462.04,False
Lake Kivu,SeasonalNaive,2023-02-01,2023-07-01,6,1461.76,1462.04,False
Lake Kivu,SeasonalNaive,2022-08-01,2023-07-01,12,1461.76,1462.04,False
Lake Kivu,SeasonalNaive,2023-08-01,2023-08-01,1,1461.726667,1461.895,False
Lake Kivu,SeasonalNaive,2023-06-01,2023-08-01,3,1461.726667,1461.895,False
Lake Kivu,SeasonalNaive,2023-03-01,2023-08-01,6,1461.726667,1461.895,False
Lake Kivu,SeasonalNaive,2022-09-01,2023-08-01,12,1461.726667,1461.895,False
Lake Kivu,SeasonalNaive,2023-09-01,2023-09-01,1,1461.75,1461.825,False
Lake Kivu,SeasonalNaive,2023-07-01,2023-09-01,3,1461.75,1461.825,False
Lake Kivu,SeasonalNaive,2023-04-01,2023-09-01,6,1461.75,1461.825,False
Lake Kivu,SeasonalNaive,2022-10-01,2023-09-01,12,1461.75,1461.825,False
Lake Kivu,SeasonalNaive,2023-10-01,2023-10-01,1,1461.735,1461.77,False
Lake Kivu,SeasonalNaive,2023-08-01,2023-10-01,3,1461.735,1461.77,False
Lake Kivu,SeasonalNaive,2023-05-01,2023-10-01,6,1461.735,1461.77,False
Lake Kivu,SeasonalNaive,2022-11-01,2023-10-01,12,1461.735,1461.77,False
Lake Kivu,SeasonalNaive,2023-11-01,2023-11-01,1,1461.755,1461.78,False
Lake Kivu,SeasonalNaive,2023-09-01,2023-11-01,3,1461.755,1461.78,False
Lake Kivu,SeasonalNaive,2023-06-01,2023-11-01,6,1461.755,1461.78,False
Lake Kivu,SeasonalNaive,2022-12-01,2023-11-01,12,1461.755,1461.78,False
Lake Kivu,SeasonalNaive,2023-12-01,2023-12-01,1,1461.905,1461.91,False
Lake Kivu,SeasonalNaive,2023-10-01,2023-12-01,3,1461.905,1461.91,False
Lake Kivu,SeasonalNaive,2023-07-01,2023-12-01,6,1461.905,1461.91,False
Lake Kivu,SeasonalNaive,2023-01-01,2023-12-01,12,1461.905,1461.91,False
Lake Kivu,SeasonalNaive,2024-01-01,2024-01-01,1,1461.976667,1462.19,False
Lake Kivu,SeasonalNaive,2023-11-01,2024-01-01,3,1461.976667,1462.19,False
Lake Kivu,SeasonalNaive,2023-08-01,2024-01-01,6,1461.976667,1462.19,False
Lake Kivu,SeasonalNaive,2023-02-01,2024-01-01,12,1461.976667,1462.19,False
Lake Kivu,SeasonalNaive,2024-02-01,2024-02-01,1,1461.96,1462.225,False
Lake Kivu,SeasonalNaive,2023-12-01,2024-02-01,3,1461.96,1462.225,False
Lake Kivu,SeasonalNaive,2023-09-01,2024-02-01,6,1461.96,1462.225,False
Lake Kivu,SeasonalNaive,2023-03-01,2024-02-01,12,1461.96,1462.225,False
Lake Kivu,SeasonalNaive,2024-03-01,2024-03-01,1,1461.96,1462.265,False
Lake Kivu,SeasonalNaive,2024-01-01,2024-03-01,3,1461.96,1462.265,False
Lake Kivu,SeasonalNaive,2023-10-01,2024-03-01,6,1461.96,1462.265,False
Lake Kivu,SeasonalNaive,2023-04-01,2024-03-01,12,1461.96,1462.265,False
Lake Kivu,SeasonalNaive,2024-04-01,2024-04-01,1,1462.073333,1462.325,False
Lake Kivu,SeasonalNaive,2024-02-01,2024-04-01,3,1462.073333,1462.325,False
Lake Kivu,SeasonalNaive,2023-11-01,2024-04-01,6,1462.073333,1462.325,False
Lake Kivu,SeasonalNaive,2023-05-01,2024-04-01,12,1462.073333,1462.325,False
Lake Kivu,SeasonalNaive,2024-05-01,2024-05-01,1,1462.28,1462.38,False
Lake Kivu,SeasonalNaive,2024-03-01,2024-05-01,3,1462.28,1462.38,False
Lake Kivu,SeasonalNaive,2023-12-01,2024-05-01,6,1462.28,1462.38,False
Lake Kivu,SeasonalNaive,2023-06-01,2024-05-01,12,1462.28,1462.38,False
Lake Kivu,SeasonalNaive,2024-06-01,2024-06-01,1,1462.145,1462.39,False
Lake Kivu,SeasonalNaive,2024-04-01,2024-06-01,3,1462.145,1462.39,False
Lake Kivu,SeasonalNaive,2024-01-01,2024-06-01,6,1462.145,1462.39,False
Lake Kivu,SeasonalNaive,2023-07-01,2024-06-01,12,1462.145,1462.39,False
Lake Kivu,SeasonalNaive,2024-07-01,2024-07-01,1,1462.04,1462.1,False
Lake Kivu,SeasonalNaive,2024-05-01,2024-07-01,3,1462.04,1462.1,False
Lake Kivu,SeasonalNaive,2024-02-01,2024-07-01,6,1462.04,1462.1,False
Lake Kivu,SeasonalNaive,2023-08-01,2024-07-01,12,1462.04,1462.1,False
Lake Kivu,SeasonalNaive,2024-08-01,2024-08-01,1,1461.895,1461.9,False
Lake Kivu,SeasonalNaive,2024-06-01,2024-08-01,3,1461.895,1461.9,False
Lake Kivu,SeasonalNaive,2024-03-01,2024-08-01,6,1461.895,1461.9,False
Lake Kivu,SeasonalNaive,2023-09-01,2024-08-01,12,1461.895,1461.9,False
Lake Kivu,SeasonalNaive,2024-09-01,2024-09-01,1,1461.825,1461.78,False
Lake Kivu,SeasonalNaive,2024-07-01,2024-09-01,3,1461.825,1461.78,False
Lake Kivu,SeasonalNaive,2024-04-01,2024-09-01,6,1461.825,1461.78,False
Lake Kivu,SeasonalNaive,2023-10-01,2024-09-01,12,1461.825,1461.78,False
Lake Kivu,SeasonalNaive,2024-10-01,2024-10-01,1,1461.77,1461.705,False
Lake Kivu,SeasonalNaive,2024-08-01,2024-10-01,3,1461.77,1461.705,False
Lake Kivu,SeasonalNaive,2024-05-01,2024-10-01,6,1461.77,1461.705,False
Lake Kivu,SeasonalNaive,2023-11-01,2024-10-01,12,1461.77,1461.705,False
Lake Kivu,SeasonalNaive,2024-11-01,2024-11-01,1,1461.78,1461.725,False
Lake Kivu,SeasonalNaive,2024-09-01,2024-11-01,3,1461.78,1461.725,False
Lake Kivu,SeasonalNaive,2024-06-01,2024-11-01,6,1461.78,1461.725,False
Lake Kivu,SeasonalNaive,2023-12-01,2024-11-01,12,1461.78,1461.725,False
Lake Kivu,SeasonalNaive,2024-12-01,2024-12-01,1,1461.91,1461.95,False
Lake Kivu,SeasonalNaive,2024-10-01,2024-12-01,3,1461.91,1461.95,False
Lake Kivu,SeasonalNaive,2024-07-01,2024-12-01,6,1461.91,1461.95,False
Lake Kivu,SeasonalNaive,2024-01-01,2024-12-01,12,1461.91,1461.95,False
Lake Kivu,SeasonalNaive,2025-01-01,2025-01-01,1,1462.19,1461.845,False
Lake Kivu,SeasonalNaive,2024-11-01,2025-01-01,3,1462.19,1461.845,False
Lake Kivu,SeasonalNaive,2024-08-01,2025-01-01,6,1462.19,1461.845,False
Lake Kivu,SeasonalNaive,2024-02-01,2025-01-01,12,1462.19,1461.845,False
Lake Kivu,SeasonalNaive,2025-02-01,2025-02-01,1,1462.225,1461.875,False
Lake Kivu,SeasonalNaive,2024-12-01,2025-02-01,3,1462.225,1461.875,False
Lake Kivu,SeasonalNaive,2024-09-01,2025-02-01,6,1462.225,1461.875,False
Lake Kivu,SeasonalNaive,2024-03-01,2025-02-01,12,1462.225,1461.875,False
Lake Kivu,SeasonalNaive,2025-03-01,2025-03-01,1,1462.265,1461.875,False
Lake Kivu,SeasonalNaive,2025-01-01,2025-03-01,3,1462.265,1461.875,False
Lake Kivu,SeasonalNaive,2024-10-01,2025-03-01,6,1462.265,1461.875,False
Lake Kivu,SeasonalNaive,2024-04-01,2025-03-01,12,1462.265,1461.875,False
Lake Kivu,SeasonalNaive,2025-04-01,2025-04-01,1,1462.325,1461.895,False
Lake Kivu,SeasonalNaive,2025-02-01,2025-04-01,3,1462.325,1461.895,False
Lake Kivu,SeasonalNaive,2024-11-01,2025-04-01,6,1462.325,1461.895,False
Lake Kivu,SeasonalNaive,2024-05-01,2025-04-01,12,1462.325,1461.895,False
Lake Kivu,SeasonalNaive,2025-05-01,2025-05-01,1,1462.38,1461.995,False
Lake Kivu,SeasonalNaive,2025-03-01,2025-05-01,3,1462.38,1461.995,False
Lake Kivu,SeasonalNaive,2024-12-01,2025-05-01,6,1462.38,1461.995,False
Lake Kivu,SeasonalNaive,2024-06-01,2025-05-01,12,1462.38,1461.995,False
Lake Kivu,SeasonalNaive,2025-06-01,2025-06-01,1,1462.39,1461.985,False
Lake Kivu,SeasonalNaive,2025-04-01,2025-06-01,3,1462.39,1461.985,False
Lake Kivu,SeasonalNaive,2025-01-01,2025-06-01,6,1462.39,1461.985,False
Lake Kivu,SeasonalNaive,2024-07-01,2025-06-01,12,1462.39,1461.985,False
Lake Kivu,SeasonalNaive,2025-07-01,2025-07-01,1,1462.1,1461.945,False
Lake Kivu,SeasonalNaive,2025-05-01,2025-07-01,3,1462.1,1461.945,False
Lake Kivu,SeasonalNaive,2025-02-01,2025-07-01,6,1462.1,1461.945,False
Lake Kivu,SeasonalNaive,2024-08-01,2025-07-01,12,1462.1,1461.945,False
Lake Kivu,SeasonalNaive,2025-08-01,2025-08-01,1,1461.9,1461.82,False
Lake Kivu,SeasonalNaive,2025-06-01,2025-08-01,3,1461.9,1461.82,False
Lake Kivu,SeasonalNaive,2025-03-01,2025-08-01,6,1461.9,1461.82,False
Lake Kivu,SeasonalNaive,2024-09-01,2025-08-01,12,1461.9,1461.82,False
Lake Kivu,SeasonalNaive,2025-09-01,2025-09-01,1,1461.78,1461.675,False
Lake Kivu,SeasonalNaive,2025-07-01,2025-09-01,3,1461.78,1461.675,False
Lake Kivu,SeasonalNaive,2025-04-01,2025-09-01,6,1461.78,1461.675,False
Lake Kivu,SeasonalNaive,2024-10-01,2025-09-01,12,1461.78,1461.675,False
Lake Kivu,SeasonalNaive,2025-10-01,2025-10-01,1,1461.705,1461.695,False
Lake Kivu,SeasonalNaive,2025-08-01,2025-10-01,3,1461.705,1461.695,False
Lake Kivu,SeasonalNaive,2025-05-01,2025-10-01,6,1461.705,1461.695,False
Lake Kivu,SeasonalNaive,2024-11-01,2025-10-01,12,1461.705,1461.695,False
Lake Kivu,SeasonalNaive,2025-11-01,2025-11-01,1,1461.725,1461.715,False
Lake Kivu,SeasonalNaive,2025-09-01,2025-11-01,3,1461.725,1461.715,False
Lake Kivu,SeasonalNaive,2025-06-01,2025-11-01,6,1461.725,1461.715,False
Lake Kivu,SeasonalNaive,2024-12-01,2025-11-01,12,1461.725,1461.715,False
Lake Kivu,SeasonalNaive,2025-12-01,2025-12-01,1,1461.95,1461.645,False
Lake Kivu,SeasonalNaive,2025-10-01,2025-12-01,3,1461.95,1461.645,False
Lake Kivu,SeasonalNaive,2025-07-01,2025-12-01,6,1461.95,1461.645,False
Lake Kivu,SeasonalNaive,2025-01-01,2025-12-01,12,1461.95,1461.645,False
Lake Kivu,ARIMA,2021-01-01,2021-01-01,1,1461.726111,1461.793333,False
Lake Kivu,ARIMA,2021-02-01,2021-02-01,1,1461.867169,1461.86,False
Lake Kivu,ARIMA,2021-03-01,2021-03-01,1,1461.937095,1461.89,False
Lake Kivu,ARIMA,2021-01-01,2021-03-01,3,1461.875265,1461.89,False
Lake Kivu,ARIMA,2021-04-01,2021-04-01,1,1461.937412,1461.93,False
Lake Kivu,ARIMA,2021-02-01,2021-04-01,3,1461.994243,1461.93,False
Lake Kivu,ARIMA,2021-05-01,2021-05-01,1,1461.947807,1462.07,False
Lake Kivu,ARIMA,2021-03-01,2021-05-01,3,1462.004174,1462.07,False
Lake Kivu,ARIMA,2021-06-01,2021-06-01,1,1462.047857,1462.0,False
Lake Kivu,ARIMA,2021-04-01,2021-06-01,3,1461.927251,1462.0,False
Lake Kivu,ARIMA,2021-01-01,2021-06-01,6,1461.913091,1462.0,False
Lake Kivu,ARIMA,2021-07-01,2021-07-01,1,1461.938182,1461.94,False
Lake Kivu,ARIMA,2021-05-01,2021-07-01,3,1461.862362,1461.94,False
Lake Kivu,ARIMA,2021-02-01,2021-07-01,6,1461.927628,1461.94,False
Lake Kivu,ARIMA,2021-08-01,2021-08-01,1,1461.866616,1461.755,False
Lake Kivu,ARIMA,2021-06-01,2021-08-01,3,1461.914075,1461.755,False
Lake Kivu,ARIMA,2021-03-01,2021-08-01,6,1461.841709,1461.755,False
Lake Kivu,ARIMA,2021-09-01,2021-09-01,1,1461.672666,1461.693333,False
Lake Kivu,ARIMA,2021-07-01,2021-09-01,3,1461.787939,1461.693333,False
Lake Kivu,ARIMA,2021-04-01,2021-09-01,6,1461.718261,1461.693333,False
Lake Kivu,ARIMA,2021-10-01,2021-10-01,1,1461.646152,1461.67,False
Lake Kivu,ARIMA,2021-08-01,2021-10-01,3,1461.739598,1461.67,False
Lake Kivu,ARIMA,2021-05-01,2021-10-01,6,1461.657075,1461.67,False
Lake Kivu,ARIMA,2021-11-01,2021-11-01,1,1461.648352,1461.7,False
Lake Kivu,ARIMA,2021-09-01,2021-11-01,3,1461.602005,1461.7,False
Lake Kivu,ARIMA,2021-06-01,2021-11-01,6,1461.770783,1461.7,False
Lake Kivu,ARIMA,2021-12-01,2021-12-01,1,1461.729907,1461.62,False
Lake Kivu,ARIMA,2021-10-01,2021-12-01,3,1461.651106,1461.62,False
Lake Kivu,ARIMA,2021-07-01,2021-12-01,6,1461.74472,1461.62,False
Lake Kivu,ARIMA,2021-01-01,2021-12-01,12,1461.66131,1461.62,False
Lake Kivu,ARIMA,2022-01-01,2022-01-01,1,1461.668726,1461.59,False
Lake Kivu,ARIMA,2021-11-01,2022-01-01,3,1461.730802,1461.59,False
Lake Kivu,ARIMA,2021-08-01,2022-01-01,6,1461.803213,1461.59,False
Lake Kivu,ARIMA,2021-02-01,2022-01-01,12,1461.788558,1461.59,False
Lake Kivu,ARIMA,2022-02-01,2022-02-01,1,1461.669915,1461.81,False
Lake Kivu,ARIMA,2021-12-01,2022-02-01,3,1461.865894,1461.81,False
Lake Kivu,ARIMA,2021-09-01,2022-02-01,6,1461.763367,1461.81,False
Lake Kivu,ARIMA,2021-03-01,2022-02-01,12,1461.858035,1461.81,False
Lake Kivu,ARIMA,2022-03-01,2022-03-01,1,1461.887034,1461.785,False
Lake Kivu,ARIMA,2022-01-01,2022-03-01,3,1461.821218,1461.785,False
Lake Kivu,ARIMA,2021-10-01,2022-03-01,6,1461.858733,1461.785,False
Lake Kivu,ARIMA,2021-04-01,2022-03-01,12,1461.885636,1461.785,False
Lake Kivu,ARIMA,2022-04-01,2022-04-01,1,1461.832986,1461.84,False
Lake Kivu,ARIMA,2022-02-01,2022-04-01,3,1461.795583,1461.84,False
Lake Kivu,ARIMA,2021-11-01,2022-04-01,6,1461.940237,1461.84,False
Lake Kivu,ARIMA,2021-05-01,2022-04-01,12,1461.930415,1461.84,False
Lake Kivu,ARIMA,2022-05-01,2022-05-01,1,1461.8621,1461.985,False
Lake Kivu,ARIMA,2022-03-01,2022-05-01,3,1461.959972,1461.985,False
Lake Kivu,ARIMA,2021-12-01,2022-05-01,6,1462.011025,1461.985,False
Lake Kivu,ARIMA,2021-06-01,2022-05-01,12,1462.071608,1461.985,False
Lake Kivu,ARIMA,2022-06-01,2022-06-01,1,1461.964359,1461.96,False
Lake Kivu,ARIMA,2022-04-01,2022-06-01,3,1461.828157,1461.96,False
Lake Kivu,ARIMA,2022-01-01,2022-06-01,6,1461.874024,1461.96,False
Lake Kivu,ARIMA,2021-07-01,2022-06-01,12,1462.000399,1461.96,False
Lake Kivu,ARIMA,2022-07-01,2022-07-01,1,1461.903554,1461.76,False
Lake Kivu,ARIMA,2022-05-01,2022-07-01,3,1461.78139,1461.76,False
Lake Kivu,ARIMA,2022-02-01,2022-07-01,6,1461.731207,1461.76,False
Lake Kivu,ARIMA,2021-08-01,2022-07-01,12,1461.94454,1461.76,False
Lake Kivu,ARIMA,2022-08-01,2022-08-01,1,1461.678682,1461.726667,False
Lake Kivu,ARIMA,2022-06-01,2022-08-01,3,1461.833819,1461.726667,False
Lake Kivu,ARIMA,2022-03-01,2022-08-01,6,1461.804445,1461.726667,False
Lake Kivu,ARIMA,2021-09-01,2022-08-01,12,1461.754994,1461.726667,False
Lake Kivu,ARIMA,2022-09-01,2022-09-01,1,1461.656727,1461.75,False
Lake Kivu,ARIMA,2022-07-01,2022-09-01,3,1461.754412,1461.75,False
Lake Kivu,ARIMA,2022-04-01,2022-09-01,6,1461.622023,1461.75,False
Lake Kivu,ARIMA,2021-10-01,2022-09-01,12,1461.698973,1461.75,False
Lake Kivu,ARIMA,2022-10-01,2022-10-01,1,1461.694849,1461.735,False
Lake Kivu,ARIMA,2022-08-01,2022-10-01,3,1461.54749,1461.735,False
Lake Kivu,ARIMA,2022-05-01,2022-10-01,6,1461.573782,1461.735,False
Lake Kivu,ARIMA,2021-11-01,2022-10-01,12,1461.668991,1461.735,False
Lake Kivu,ARIMA,2022-11-01,2022-11-01,1,1461.719714,1461.755,False
Lake Kivu,ARIMA,2022-09-01,2022-11-01,3,1461.581402,1461.755,False
Lake Kivu,ARIMA,2022-06-01,2022-11-01,6,1461.68608,1461.755,False
Lake Kivu,ARIMA,2021-12-01,2022-11-01,12,1461.702158,1461.755,False
Lake Kivu,ARIMA,2022-12-01,2022-12-01,1,1461.777236,1461.905,False
Lake Kivu,ARIMA,2022-10-01,2022-12-01,3,1461.69881,1461.905,False
Lake Kivu,ARIMA,2022-07-01,2022-12-01,6,1461.70247,1461.905,False
Lake Kivu,ARIMA,2022-01-01,2022-12-01,12,1461.613623,1461.905,False
Lake Kivu,ARIMA,2023-01-01,2023-01-01,1,1461.969606,1461.976667,False
Lake Kivu,ARIMA,2022-11-01,2023-01-01,3,1461.799164,1461.976667,False
Lake Kivu,ARIMA,2022-08-01,2023-01-01,6,1461.606481,1461.976667,False
Lake Kivu,ARIMA,2022-02-01,2023-01-01,12,1461.589114,1461.976667,False
Lake Kivu,ARIMA,2023-02-01,2023-02-01,1,1462.05099,1461.96,False
Lake Kivu,ARIMA,2022-12-01,2023-02-01,3,1461.911848,1461.96,False
Lake Kivu,ARIMA,2022-09-01,2023-02-01,6,1461.731794,1461.96,False
Lake Kivu,ARIMA,2022-03-01,2023-02-01,12,1461.807526,1461.96,False
Lake Kivu,ARIMA,2023-03-01,2023-03-01,1,1462.03637,1461.96,False
Lake Kivu,ARIMA,2023-01-01,2023-03-01,3,1462.124564,1461.96,False
Lake Kivu,ARIMA,2022-10-01,2023-03-01,6,1461.907745,1461.96,False
Lake Kivu,ARIMA,2022-04-01,2023-03-01,12,1461.779976,1461.96,False
Lake Kivu,ARIMA,2023-04-01,2023-04-01,1,1462.010136,1462.073333,False
Lake Kivu,ARIMA,2023-02-01,2023-04-01,3,1462.184084,1462.073333,False
Lake Kivu,ARIMA,2022-11-01,2023-04-01,6,1462.004052,1462.073333,False
Lake Kivu,ARIMA,2022-05-01,2023-04-01,12,1461.841069,1462.073333,False
Lake Kivu,ARIMA,2023-05-01,2023-05-01,1,1462.095453,1462.28,False
Lake Kivu,ARIMA,2023-03-01,2023-05-01,3,1462.107885,1462.28,False
Lake Kivu,ARIMA,2022-12-01,2023-05-01,6,1462.0607,1462.28,False
Lake Kivu,ARIMA,2022-06-01,2023-05-01,12,1461.985868,1462.28,False
Lake Kivu,ARIMA,2023-06-01,2023-06-01,1,1462.261196,1462.145,False
Lake Kivu,ARIMA,2023-04-01,2023-06-01,3,1462.002417,1462.145,False
Lake Kivu,ARIMA,2023-01-01,2023-06-01,6,1462.172373,1462.145,False
Lake Kivu,ARIMA,2022-07-01,2023-06-01,12,1461.961593,1462.145,False
Lake Kivu,ARIMA,2023-07-01,2023-07-01,1,1462.080893,1462.04,False
Lake Kivu,ARIMA,2023-05-01,2023-07-01,3,1462.01255,1462.04,False
Lake Kivu,ARIMA,2023-02-01,2023-07-01,6,1462.123058,1462.04,False
Lake Kivu,ARIMA,2022-08-01,2023-07-01,12,1461.760777,1462.04,False
Lake Kivu,ARIMA,2023-08-01,2023-08-01,1,1461.96668,1461.895,False
Lake Kivu,ARIMA,2023-06-01,2023-08-01,3,1462.129374,1461.895,False
Lake Kivu,ARIMA,2023-03-01,2023-08-01,6,1461.947423,1461.895,False
Lake Kivu,ARIMA,2022-09-01,2023-08-01,12,1461.732695,1461.895,False
Lake Kivu,ARIMA,2023-09-01,2023-09-01,1,1461.811359,1461.825,False
Lake Kivu,ARIMA,2023-07-01,2023-09-01,3,1461.928722,1461.825,False
Lake Kivu,ARIMA,2023-04-01,2023-09-01,6,1461.790689,1461.825,False
Lake Kivu,ARIMA,2022-10-01,2023-09-01,12,1461.751929,1461.825,False
Lake Kivu,ARIMA,2023-10-01,2023-10-01,1,1461.774337,1461.77,False
Lake Kivu,ARIMA,2023-08-01,2023-10-01,3,1461.833922,1461.77,False
Lake Kivu,ARIMA,2023-05-01,2023-10-01,6,1461.802183,1461.77,False
Lake Kivu,ARIMA,2022-11-01,2023-10-01,12,1461.737412,1461.77,False
Lake Kivu,ARIMA,2023-11-01,2023-11-01,1,1461.74488,1461.78,False
Lake Kivu,ARIMA,2023-09-01,2023-11-01,3,1461.735368,1461.78,False
Lake Kivu,ARIMA,2023-06-01,2023-11-01,6,1461.979684,1461.78,False
Lake Kivu,ARIMA,2022-12-01,2023-11-01,12,1461.754071,1461.78,False
Lake Kivu,ARIMA,2023-12-01,2023-12-01,1,1461.807033,1461.91,False
Lake Kivu,ARIMA,2023-10-01,2023-12-01,3,1461.774659,1461.91,False
Lake Kivu,ARIMA,2023-07-01,2023-12-01,6,1461.879469,1461.91,False
Lake Kivu,ARIMA,2023-01-01,2023-12-01,12,1461.905524,1461.91,False
Lake Kivu,ARIMA,2024-01-01,2024-01-01,1,1461.968122,1462.19,False
Lake Kivu,ARIMA,2023-11-01,2024-01-01,3,1461.823898,1462.19,False
Lake Kivu,ARIMA,2023-08-01,2024-01-01,6,1461.891029,1462.19,False
Lake Kivu,ARIMA,2023-02-01,2024-01-01,12,1461.971422,1462.19,False
Lake Kivu,ARIMA,2024-02-01,2024-02-01,1,1462.280941,1462.225,False
Lake Kivu,ARIMA,2023-12-01,2024-02-01,3,1461.942033,1462.225,False
Lake Kivu,ARIMA,2023-09-01,2024-02-01,6,1461.894443,1462.225,False
Lake Kivu,ARIMA,2023-03-01,2024-02-01,12,1461.9568,1462.225,False
Lake Kivu,ARIMA,2024-03-01,2024-03-01,1,1462.296956,1462.265,False
Lake Kivu,ARIMA,2024-01-01,2024-03-01,3,1462.126934,1462.265,False
Lake Kivu,ARIMA,2023-10-01,2024-03-01,6,1461.984538,1462.265,False
Lake Kivu,ARIMA,2023-04-01,2024-03-01,12,1461.956005,1462.265,False
Lake Kivu,ARIMA,2024-04-01,2024-04-01,1,1462.330977,1462.325,False
Lake Kivu,ARIMA,2024-02-01,2024-04-01,3,1462.422165,1462.325,False
Lake Kivu,ARIMA,2023-11-01,2024-04-01,6,1462.038882,1462.325,False
Lake Kivu,ARIMA,2023-05-01,2024-04-01,12,1462.074566,1462.325,False
Lake Kivu,ARIMA,2024-05-01,2024-05-01,1,1462.340472,1462.38,False
Lake Kivu,ARIMA,2024-03-01,2024-05-01,3,1462.37968,1462.38,False
Lake Kivu,ARIMA,2023-12-01,2024-05-01,6,1462.095248,1462.38,False
Lake Kivu,ARIMA,2023-06-01,2024-05-01,12,1462.281867,1462.38,False
Lake Kivu,ARIMA,2024-06-01,2024-06-01,1,1462.364586,1462.39,False
Lake Kivu,ARIMA,2024-04-01,2024-06-01,3,1462.329281,1462.39,False
Lake Kivu,ARIMA,2024-01-01,2024-06-01,6,1462.184428,1462.39,False
Lake Kivu,ARIMA,2023-07-01,2024-06-01,12,1462.143788,1462.39,False
Lake Kivu,ARIMA,2024-07-01,2024-07-01,1,1462.326543,1462.1,False
Lake Kivu,ARIMA,2024-05-01,2024-07-01,3,1462.259144,1462.1,False
Lake Kivu,ARIMA,2024-02-01,2024-07-01,6,1462.359192,1462.1,False
Lake Kivu,ARIMA,2023-08-01,2024-07-01,12,1462.045085,1462.1,False
Lake Kivu,ARIMA,2024-08-01,2024-08-01,1,1462.011695,1461.9,False
Lake Kivu,ARIMA,2024-06-01,2024-08-01,3,1462.223149,1461.9,False
Lake Kivu,ARIMA,2024-03-01,2024-08-01,6,1462.221475,1461.9,False
Lake Kivu,ARIMA,2023-09-01,2024-08-01,12,1461.895357,1461.9,False
Lake Kivu,ARIMA,2024-09-01,2024-09-01,1,1461.814574,1461.78,False
Lake Kivu,ARIMA,2024-07-01,2024-09-01,3,1462.165229,1461.78,False
Lake Kivu,ARIMA,2024-04-01,2024-09-01,6,1462.102837,1461.78,False
Lake Kivu,ARIMA,2023-10-01,2024-09-01,12,1461.830374,1461.78,False
Lake Kivu,ARIMA,2024-10-01,2024-10-01,1,1461.714574,1461.705,False
Lake Kivu,ARIMA,2024-08-01,2024-10-01,3,1461.865958,1461.705,False
Lake Kivu,ARIMA,2024-05-01,2024-10-01,6,1462.038877,1461.705,False
Lake Kivu,ARIMA,2023-11-01,2024-10-01,12,1461.768918,1461.705,False
Lake Kivu,ARIMA,2024-11-01,2024-11-01,1,1461.679748,1461.725,False
Lake Kivu,ARIMA,2024-09-01,2024-11-01,3,1461.725422,1461.725,False
Lake Kivu,ARIMA,2024-06-01,2024-11-01,6,1462.056213,1461.725,False
Lake Kivu,ARIMA,2023-12-01,2024-11-01,12,1461.782143,1461.725,False
Lake Kivu,ARIMA,2024-12-01,2024-12-01,1,1461.746059,1461.95,False
Lake Kivu,ARIMA,2024-10-01,2024-12-01,3,1461.708459,1461.95,False
Lake Kivu,ARIMA,2024-07-01,2024-12-01,6,1462.106031,1461.95,False
Lake Kivu,ARIMA,2024-01-01,2024-12-01,12,1461.907598,1461.95,False
Lake Kivu,ARIMA,2025-01-01,2025-01-01,1,1462.019131,1461.845,False
Lake Kivu,ARIMA,2024-11-01,2025-01-01,3,1461.758579,1461.845,False
Lake Kivu,ARIMA,2024-08-01,2025-01-01,6,1461.925013,1461.845,False
Lake Kivu,ARIMA,2024-02-01,2025-01-01,12,1462.191025,1461.845,False
Lake Kivu,ARIMA,2025-02-01,2025-02-01,1,1461.917915,1461.875,False
Lake Kivu,ARIMA,2024-12-01,2025-02-01,3,1461.890403,1461.875,False
Lake Kivu,ARIMA,2024-09-01,2025-02-01,6,1461.889215,1461.875,False
Lake Kivu,ARIMA,2024-03-01,2025-02-01,12,1462.216901,1461.875,False
Lake Kivu,ARIMA,2025-03-01,2025-03-01,1,1461.969338,1461.875,False
Lake Kivu,ARIMA,2025-01-01,2025-03-01,3,1462.193796,1461.875,False
Lake Kivu,ARIMA,2024-10-01,2025-03-01,6,1461.938491,1461.875,False
Lake Kivu,ARIMA,2024-04-01,2025-03-01,12,1462.265475,1461.875,False
Lake Kivu,ARIMA,2025-04-01,2025-04-01,1,1461.92712,1461.895,False
Lake Kivu,ARIMA,2025-02-01,2025-04-01,3,1462.070294,1461.895,False
Lake Kivu,ARIMA,2024-11-01,2025-04-01,6,1461.992966,1461.895,False
Lake Kivu,ARIMA,2024-05-01,2025-04-01,12,1462.320835,1461.895,False
Lake Kivu,ARIMA,2025-05-01,2025-05-01,1,1461.926076,1461.995,False
Lake Kivu,ARIMA,2025-03-01,2025-05-01,3,1462.056977,1461.995,False
Lake Kivu,ARIMA,2024-12-01,2025-05-01,6,1462.067577,1461.995,False
Lake Kivu,ARIMA,2024-06-01,2025-05-01,12,1462.383531,1461.995,False
Lake Kivu,ARIMA,2025-06-01,2025-06-01,1,1461.969776,1461.985,False
Lake Kivu,ARIMA,2025-04-01,2025-06-01,3,1461.930582,1461.985,False
Lake Kivu,ARIMA,2025-01-01,2025-06-01,6,1462.263321,1461.985,False
Lake Kivu,ARIMA,2024-07-01,2025-06-01,12,1462.390006,1461.985,False
Lake Kivu,ARIMA,2025-07-01,2025-07-01,1,1461.928058,1461.945,False
Lake Kivu,ARIMA,2025-05-01,2025-07-01,3,1461.841074,1461.945,False
Lake Kivu,ARIMA,2025-02-01,2025-07-01,6,1462.020787,1461.945,False
Lake Kivu,ARIMA,2024-08-01,2025-07-01,12,1462.100939,1461.945,False
Lake Kivu,ARIMA,2025-08-01,2025-08-01,1,1461.858688,1461.82,False
Lake Kivu,ARIMA,2025-06-01,2025-08-01,3,1461.825233,1461.82,False
Lake Kivu,ARIMA,2025-03-01,2025-08-01,6,1461.886597,1461.82,False
Lake Kivu,ARIMA,2024-09-01,2025-08-01,12,1461.903586,1461.82,False
Lake Kivu,ARIMA,2025-09-01,2025-09-01,1,1461.735512,1461.675,False
Lake Kivu,ARIMA,2025-07-01,2025-09-01,3,1461.758634,1461.675,False
Lake Kivu,ARIMA,2025-04-01,2025-09-01,6,1461.704209,1461.675,False
Lake Kivu,ARIMA,2024-10-01,2025-09-01,12,1461.782404,1461.675,False
Lake Kivu,ARIMA,2025-10-01,2025-10-01,1,1461.607982,1461.695,False
Lake Kivu,ARIMA,2025-08-01,2025-10-01,3,1461.711311,1461.695,False
Lake Kivu,ARIMA,2025-05-01,2025-10-01,6,1461.603267,1461.695,False
Lake Kivu,ARIMA,2024-11-01,2025-10-01,12,1461.706852,1461.695,False
Lake Kivu,ARIMA,2025-11-01,2025-11-01,1,1461.675774,1461.715,False
Lake Kivu,ARIMA,2025-09-01,2025-11-01,3,1461.646857,1461.715,False
Lake Kivu,ARIMA,2025-06-01,2025-11-01,6,1461.654015,1461.715,False
Lake Kivu,ARIMA,2024-12-01,2025-11-01,12,1461.725221,1461.715,False
Lake Kivu,ARIMA,2025-12-01,2025-12-01,1,1461.732802,1461.645,False
Lake Kivu,ARIMA,2025-10-01,2025-12-01,3,1461.60201,1461.645,False
Lake Kivu,ARIMA,2025-07-01,2025-12-01,6,1461.689238,1461.645,False
Lake Kivu,ARIMA,2025-01-01,2025-12-01,12,1461.951041,1461.645,False
Lake Kivu,SARIMA,2021-01-01,2021-01-01,1,1461.738071,1461.793333,False
Lake Kivu,SARIMA,2021-02-01,2021-02-01,1,1461.804185,1461.86,False
Lake Kivu,SARIMA,2021-03-01,2021-03-01,1,1461.930109,1461.89,False
Lake Kivu,SARIMA,2021-01-01,2021-03-01,3,1461.814763,1461.89,False
Lake Kivu,SARIMA,2021-04-01,2021-04-01,1,1461.904883,1461.93,False
Lake Kivu,SARIMA,2021-02-01,2021-04-01,3,1461.88748,1461.93,False
Lake Kivu,SARIMA,2021-05-01,2021-05-01,1,1461.968842,1462.07,False
Lake Kivu,SARIMA,2021-03-01,2021-05-01,3,1461.985154,1462.07,False
Lake Kivu,SARIMA,2021-06-01,2021-06-01,1,1462.100005,1462.0,False
Lake Kivu,SARIMA,2021-04-01,2021-06-01,3,1461.969733,1462.0,False
Lake Kivu,SARIMA,2021-01-01,2021-06-01,6,1461.896577,1462.0,False
Lake Kivu,SARIMA,2021-07-01,2021-07-01,1,1461.873566,1461.94,False
Lake Kivu,SARIMA,2021-05-01,2021-07-01,3,1461.870085,1461.94,False
Lake Kivu,SARIMA,2021-02-01,2021-07-01,6,1461.823565,1461.94,False
Lake Kivu,SARIMA,2021-08-01,2021-08-01,1,1461.821461,1461.755,False
Lake Kivu,SARIMA,2021-06-01,2021-08-01,3,1461.858251,1461.755,False
Lake Kivu,SARIMA,2021-03-01,2021-08-01,6,1461.768745,1461.755,False
Lake Kivu,SARIMA,2021-09-01,2021-09-01,1,1461.716631,1461.693333,False
Lake Kivu,SARIMA,2021-07-01,2021-09-01,3,1461.715157,1461.693333,False
Lake Kivu,SARIMA,2021-04-01,2021-09-01,6,1461.692517,1461.693333,False
Lake Kivu,SARIMA,2021-10-01,2021-10-01,1,1461.667455,1461.67,False
Lake Kivu,SARIMA,2021-08-01,2021-10-01,3,1461.761158,1461.67,False
Lake Kivu,SARIMA,2021-05-01,2021-10-01,6,1461.682156,1461.67,False
Lake Kivu,SARIMA,2021-11-01,2021-11-01,1,1461.709246,1461.7,False
Lake Kivu,SARIMA,2021-09-01,2021-11-01,3,1461.73109,1461.7,False
Lake Kivu,SARIMA,2021-06-01,2021-11-01,6,1461.84272,1461.7,False
Lake Kivu,SARIMA,2021-12-01,2021-12-01,1,1461.766797,1461.62,False
Lake Kivu,SARIMA,2021-10-01,2021-12-01,3,1461.77362,1461.62,False
Lake Kivu,SARIMA,2021-07-01,2021-12-01,6,1461.793634,1461.62,False
Lake Kivu,SARIMA,2021-01-01,2021-12-01,12,1461.688332,1461.62,False
Lake Kivu,SARIMA,2022-01-01,2022-01-01,1,1461.673613,1461.59,False
Lake Kivu,SARIMA,2021-11-01,2022-01-01,3,1461.834094,1461.59,False
Lake Kivu,SARIMA,2021-08-01,2022-01-01,6,1461.926514,1461.59,False
Lake Kivu,SARIMA,2021-02-01,2022-01-01,12,1461.811633,1461.59,False
Lake Kivu,SARIMA,2022-02-01,2022-02-01,1,1461.628012,1461.81,False
Lake Kivu,SARIMA,2021-12-01,2022-02-01,3,1461.868008,1461.81,False
Lake Kivu,SARIMA,2021-09-01,2022-02-01,6,1461.900398,1461.81,False
Lake Kivu,SARIMA,2021-03-01,2022-02-01,12,1461.920672,1461.81,False
Lake Kivu,SARIMA,2022-03-01,2022-03-01,1,1461.846,1461.785,False
Lake Kivu,SARIMA,2022-01-01,2022-03-01,3,1461.746862,1461.785,False
Lake Kivu,SARIMA,2021-10-01,2022-03-01,6,1461.90941,1461.785,False
Lake Kivu,SARIMA,2021-04-01,2022-03-01,12,1461.897941,1461.785,False
Lake Kivu,SARIMA,2022-04-01,2022-04-01,1,1461.825269,1461.84,False
Lake Kivu,SARIMA,2022-02-01,2022-04-01,3,1461.696856,1461.84,False
Lake Kivu,SARIMA,2021-11-01,2022-04-01,6,1461.943416,1461.84,False
Lake Kivu,SARIMA,2021-05-01,2022-04-01,12,1461.969314,1461.84,False
Lake Kivu,SARIMA,2022-05-01,2022-05-01,1,1461.887419,1461.985,False
Lake Kivu,SARIMA,2022-03-01,2022-05-01,3,1461.936332,1461.985,False
Lake Kivu,SARIMA,2021-12-01,2022-05-01,6,1461.985424,1461.985,False
Lake Kivu,SARIMA,2021-06-01,2022-05-01,12,1462.118725,1461.985,False
Lake Kivu,SARIMA,2022-06-01,2022-06-01,1,1461.976766,1461.96,False
Lake Kivu,SARIMA,2022-04-01,2022-06-01,3,1461.861071,1461.96,False
Lake Kivu,SARIMA,2022-01-01,2022-06-01,6,1461.832907,1461.96,False
Lake Kivu,SARIMA,2021-07-01,2022-06-01,12,1462.01509,1461.96,False
Lake Kivu,SARIMA,2022-07-01,2022-07-01,1,1461.883321,1461.76,False
Lake Kivu,SARIMA,2022-05-01,2022-07-01,3,1461.798095,1461.76,False
Lake Kivu,SARIMA,2022-02-01,2022-07-01,6,1461.64756,1461.76,False
Lake Kivu,SARIMA,2021-08-01,2022-07-01,12,1461.986758,1461.76,False
Lake Kivu,SARIMA,2022-08-01,2022-08-01,1,1461.603871,1461.726667,False
Lake Kivu,SARIMA,2022-06-01,2022-08-01,3,1461.748099,1461.726667,False
Lake Kivu,SARIMA,2022-03-01,2022-08-01,6,1461.695377,1461.726667,False
Lake Kivu,SARIMA,2021-09-01,2022-08-01,12,1461.783337,1461.726667,False
Lake Kivu,SARIMA,2022-09-01,2022-09-01,1,1461.692273,1461.75,False
Lake Kivu,SARIMA,2022-07-01,2022-09-01,3,1461.695602,1461.75,False
Lake Kivu,SARIMA,2022-04-01,2022-09-01,6,1461.599316,1461.75,False
Lake Kivu,SARIMA,2021-10-01,2022-09-01,12,1461.719316,1461.75,False
Lake Kivu,SARIMA,2022-10-01,2022-10-01,1,1461.749642,1461.735,False
Lake Kivu,SARIMA,2022-08-01,2022-10-01,3,1461.561434,1461.735,False
Lake Kivu,SARIMA,2022-05-01,2022-10-01,6,1461.604072,1461.735,False
Lake Kivu,SARIMA,2021-11-01,2022-10-01,12,1461.70656,1461.735,False
Lake Kivu,SARIMA,2022-11-01,2022-11-01,1,1461.754043,1461.755,False
Lake Kivu,SARIMA,2022-09-01,2022-11-01,3,1461.708477,1461.755,False
Lake Kivu,SARIMA,2022-06-01,2022-11-01,6,1461.720173,1461.755,False
Lake Kivu,SARIMA,2021-12-01,2022-11-01,12,1461.728956,1461.755,False
Lake Kivu,SARIMA,2022-12-01,2022-12-01,1,1461.821765,1461.905,False
Lake Kivu,SARIMA,2022-10-01,2022-12-01,3,1461.836155,1461.905,False
Lake Kivu,SARIMA,2022-07-01,2022-12-01,6,1461.784198,1461.905,False
Lake Kivu,SARIMA,2022-01-01,2022-12-01,12,1461.640857,1461.905,False
Lake Kivu,SARIMA,2023-01-01,2023-01-01,1,1461.97163,1461.976667,False
Lake Kivu,SARIMA,2022-11-01,2023-01-01,3,1461.885135,1461.976667,False
Lake Kivu,SARIMA,2022-08-01,2023-01-01,6,1461.710162,1461.976667,False
Lake Kivu,SARIMA,2022-02-01,2023-01-01,12,1461.608586,1461.976667,False
Lake Kivu,SARIMA,2023-02-01,2023-02-01,1,1462.010468,1461.96,False
Lake Kivu,SARIMA,2022-12-01,2023-02-01,3,1461.917909,1461.96,False
Lake Kivu,SARIMA,2022-09-01,2023-02-01,6,1461.869369,1461.96,False
Lake Kivu,SARIMA,2022-03-01,2023-02-01,12,1461.838175,1461.96,False
Lake Kivu,SARIMA,2023-03-01,2023-03-01,1,1462.008981,1461.96,False
Lake Kivu,SARIMA,2023-01-01,2023-03-01,3,1462.055529,1461.96,False
Lake Kivu,SARIMA,2022-10-01,2023-03-01,6,1461.981912,1461.96,False
Lake Kivu,SARIMA,2022-04-01,2023-03-01,12,1461.826064,1461.96,False
Lake Kivu,SARIMA,2023-04-01,2023-04-01,1,1461.978188,1462.073333,False
Lake Kivu,SARIMA,2023-02-01,2023-04-01,3,1462.081483,1462.073333,False
Lake Kivu,SARIMA,2022-11-01,2023-04-01,6,1461.991328,1462.073333,False
Lake Kivu,SARIMA,2022-05-01,2023-04-01,12,1461.85503,1462.073333,False
Lake Kivu,SARIMA,2023-05-01,2023-05-01,1,1462.128515,1462.28,False
Lake Kivu,SARIMA,2023-03-01,2023-05-01,3,1462.082214,1462.28,False
Lake Kivu,SARIMA,2022-12-01,2023-05-01,6,1462.041002,1462.28,False
Lake Kivu,SARIMA,2022-06-01,2023-05-01,12,1462.017612,1462.28,False
Lake Kivu,SARIMA,2023-06-01,2023-06-01,1,1462.297686,1462.145,False
Lake Kivu,SARIMA,2023-04-01,2023-06-01,3,1462.042198,1462.145,False
Lake Kivu,SARIMA,2023-01-01,2023-06-01,6,1462.139608,1462.145,False
Lake Kivu,SARIMA,2022-07-01,2023-06-01,12,1462.009295,1462.145,False
Lake Kivu,SARIMA,2023-07-01,2023-07-01,1,1462.026372,1462.04,False
Lake Kivu,SARIMA,2023-05-01,2023-07-01,3,1462.024165,1462.04,False
Lake Kivu,SARIMA,2023-02-01,2023-07-01,6,1462.026785,1462.04,False
Lake Kivu,SARIMA,2022-08-01,2023-07-01,12,1461.759494,1462.04,False
Lake Kivu,SARIMA,2023-08-01,2023-08-01,1,1461.914747,1461.895,False
Lake Kivu,SARIMA,2023-06-01,2023-08-01,3,1462.061067,1461.895,False
Lake Kivu,SARIMA,2023-03-01,2023-08-01,6,1461.857165,1461.895,False
Lake Kivu,SARIMA,2022-09-01,2023-08-01,12,1461.768558,1461.895,False
Lake Kivu,SARIMA,2023-09-01,2023-09-01,1,1461.854186,1461.825,False
Lake Kivu,SARIMA,2023-07-01,2023-09-01,3,1461.860162,1461.825,False
Lake Kivu,SARIMA,2023-04-01,2023-09-01,6,1461.767316,1461.825,False
Lake Kivu,SARIMA,2022-10-01,2023-09-01,12,1461.794601,1461.825,False
Lake Kivu,SARIMA,2023-10-01,2023-10-01,1,1461.812188,1461.77,False
Lake Kivu,SARIMA,2023-08-01,2023-10-01,3,1461.862897,1461.77,False
Lake Kivu,SARIMA,2023-05-01,2023-10-01,6,1461.838735,1461.77,False
Lake Kivu,SARIMA,2022-11-01,2023-10-01,12,1461.751226,1461.77,False
Lake Kivu,SARIMA,2023-11-01,2023-11-01,1,1461.795662,1461.78,False
Lake Kivu,SARIMA,2023-09-01,2023-11-01,3,1461.869634,1461.78,False
Lake Kivu,SARIMA,2023-06-01,2023-11-01,6,1462.04158,1461.78,False
Lake Kivu,SARIMA,2022-12-01,2023-11-01,12,1461.798669,1461.78,False
Lake Kivu,SARIMA,2023-12-01,2023-12-01,1,1461.846305,1461.91,False
Lake Kivu,SARIMA,2023-10-01,2023-12-01,3,1461.906683,1461.91,False
Lake Kivu,SARIMA,2023-07-01,2023-12-01,6,1461.942876,1461.91,False
Lake Kivu,SARIMA,2023-01-01,2023-12-01,12,1461.939033,1461.91,False
Lake Kivu,SARIMA,2024-01-01,2024-01-01,1,1461.972741,1462.19,False
Lake Kivu,SARIMA,2023-11-01,2024-01-01,3,1461.923763,1462.19,False
Lake Kivu,SARIMA,2023-08-01,2024-01-01,6,1462.019263,1462.19,False
Lake Kivu,SARIMA,2023-02-01,2024-01-01,12,1462.009045,1462.19,False
Lake Kivu,SARIMA,2024-02-01,2024-02-01,1,1462.234916,1462.225,False
Lake Kivu,SARIMA,2023-12-01,2024-02-01,3,1461.944894,1462.225,False
Lake Kivu,SARIMA,2023-09-01,2024-02-01,6,1462.035473,1462.225,False
Lake Kivu,SARIMA,2023-03-01,2024-02-01,12,1462.002895,1462.225,False
Lake Kivu,SARIMA,2024-03-01,2024-03-01,1,1462.270757,1462.265,False
Lake Kivu,SARIMA,2024-01-01,2024-03-01,3,1462.052844,1462.265,False
Lake Kivu,SARIMA,2023-10-01,2024-03-01,6,1462.046424,1462.265,False
Lake Kivu,SARIMA,2023-04-01,2024-03-01,12,1461.975842,1462.265,False
Lake Kivu,SARIMA,2024-04-01,2024-04-01,1,1462.295273,1462.325,False
Lake Kivu,SARIMA,2024-02-01,2024-04-01,3,1462.311597,1462.325,False
Lake Kivu,SARIMA,2023-11-01,2024-04-01,6,1462.033521,1462.325,False
Lake Kivu,SARIMA,2023-05-01,2024-04-01,12,1462.117849,1462.325,False
Lake Kivu,SARIMA,2024-05-01,2024-05-01,1,1462.374636,1462.38,False
Lake Kivu,SARIMA,2024-03-01,2024-05-01,3,1462.350147,1462.38,False
Lake Kivu,SARIMA,2023-12-01,2024-05-01,6,1462.073325,1462.38,False
Lake Kivu,SARIMA,2023-06-01,2024-05-01,12,1462.329811,1462.38,False
Lake Kivu,SARIMA,2024-06-01,2024-06-01,1,1462.395164,1462.39,False
Lake Kivu,SARIMA,2024-04-01,2024-06-01,3,1462.358444,1462.39,False
Lake Kivu,SARIMA,2024-01-01,2024-06-01,6,1462.140222,1462.39,False
Lake Kivu,SARIMA,2023-07-01,2024-06-01,12,1462.172403,1462.39,False
Lake Kivu,SARIMA,2024-07-01,2024-07-01,1,1462.268115,1462.1,False
Lake Kivu,SARIMA,2024-05-01,2024-07-01,3,1462.267788,1462.1,False
Lake Kivu,SARIMA,2024-02-01,2024-07-01,6,1462.252688,1462.1,False
Lake Kivu,SARIMA,2023-08-01,2024-07-01,12,1462.07476,1462.1,False
Lake Kivu,SARIMA,2024-08-01,2024-08-01,1,1461.971769,1461.9,False
Lake Kivu,SARIMA,2024-06-01,2024-08-01,3,1462.149819,1461.9,False
Lake Kivu,SARIMA,2024-03-01,2024-08-01,6,1462.120406,1461.9,False
Lake Kivu,SARIMA,2023-09-01,2024-08-01,12,1461.929099,1461.9,False
Lake Kivu,SARIMA,2024-09-01,2024-09-01,1,1461.864612,1461.78,False
Lake Kivu,SARIMA,2024-07-01,2024-09-01,3,1462.114794,1461.78,False
Lake Kivu,SARIMA,2024-04-01,2024-09-01,6,1462.08282,1461.78,False
Lake Kivu,SARIMA,2023-10-01,2024-09-01,12,1461.862197,1461.78,False
Lake Kivu,SARIMA,2024-10-01,2024-10-01,1,1461.738324,1461.705,False
Lake Kivu,SARIMA,2024-08-01,2024-10-01,3,1461.900575,1461.705,False
Lake Kivu,SARIMA,2024-05-01,2024-10-01,6,1462.07858,1461.705,False
Lake Kivu,SARIMA,2023-11-01,2024-10-01,12,1461.793902,1461.705,False
Lake Kivu,SARIMA,2024-11-01,2024-11-01,1,1461.759843,1461.725,False
Lake Kivu,SARIMA,2024-09-01,2024-11-01,3,1461.882901,1461.725,False
Lake Kivu,SARIMA,2024-06-01,2024-11-01,6,1462.133905,1461.725,False
Lake Kivu,SARIMA,2023-12-01,2024-11-01,12,1461.816411,1461.725,False
Lake Kivu,SARIMA,2024-12-01,2024-12-01,1,1461.772872,1461.95,False
Lake Kivu,SARIMA,2024-10-01,2024-12-01,3,1461.843645,1461.95,False
Lake Kivu,SARIMA,2024-07-01,2024-12-01,6,1462.187056,1461.95,False
Lake Kivu,SARIMA,2024-01-01,2024-12-01,12,1461.94355,1461.95,False
Lake Kivu,SARIMA,2025-01-01,2025-01-01,1,1462.024966,1461.845,False
Lake Kivu,SARIMA,2024-11-01,2025-01-01,3,1461.879617,1461.845,False
Lake Kivu,SARIMA,2024-08-01,2025-01-01,6,1462.077586,1461.845,False
Lake Kivu,SARIMA,2024-02-01,2025-01-01,12,1462.236365,1461.845,False
Lake Kivu,SARIMA,2025-02-01,2025-02-01,1,1461.897124,1461.875,False
Lake Kivu,SARIMA,2024-12-01,2025-02-01,3,1461.896008,1461.875,False
Lake Kivu,SARIMA,2024-09-01,2025-02-01,6,1462.057826,1461.875,False
Lake Kivu,SARIMA,2024-03-01,2025-02-01,12,1462.279701,1461.875,False
Lake Kivu,SARIMA,2025-03-01,2025-03-01,1,1461.889544,1461.875,False
Lake Kivu,SARIMA,2025-01-01,2025-03-01,3,1462.101213,1461.875,False
Lake Kivu,SARIMA,2024-10-01,2025-03-01,6,1461.984002,1461.875,False
Lake Kivu,SARIMA,2024-04-01,2025-03-01,12,1462.293875,1461.875,False
Lake Kivu,SARIMA,2025-04-01,2025-04-01,1,1461.912846,1461.895,False
Lake Kivu,SARIMA,2025-02-01,2025-04-01,3,1461.951013,1461.895,False
Lake Kivu,SARIMA,2024-11-01,2025-04-01,6,1462.001557,1461.895,False
Lake Kivu,SARIMA,2024-05-01,2025-04-01,12,1462.369872,1461.895,False
Lake Kivu,SARIMA,2025-05-01,2025-05-01,1,1461.968944,1461.995,False
Lake Kivu,SARIMA,2025-03-01,2025-05-01,3,1462.002545,1461.995,False
Lake Kivu,SARIMA,2024-12-01,2025-05-01,6,1462.016147,1461.995,False
Lake Kivu,SARIMA,2024-06-01,2025-05-01,12,1462.43361,1461.995,False
Lake Kivu,SARIMA,2025-06-01,2025-06-01,1,1461.964965,1461.985,False
Lake Kivu,SARIMA,2025-04-01,2025-06-01,3,1461.95694,1461.985,False
Lake Kivu,SARIMA,2025-01-01,2025-06-01,6,1462.188761,1461.985,False
Lake Kivu,SARIMA,2024-07-01,2025-06-01,12,1462.416309,1461.985,False
Lake Kivu,SARIMA,2025-07-01,2025-07-01,1,1461.898032,1461.945,False
Lake Kivu,SARIMA,2025-05-01,2025-07-01,3,1461.850098,1461.945,False
Lake Kivu,SARIMA,2025-02-01,2025-07-01,6,1461.907561,1461.945,False
Lake Kivu,SARIMA,2024-08-01,2025-07-01,12,1462.145793,1461.945,False
Lake Kivu,SARIMA,2025-08-01,2025-08-01,1,1461.808091,1461.82,False
Lake Kivu,SARIMA,2025-06-01,2025-08-01,3,1461.738826,1461.82,False
Lake Kivu,SARIMA,2025-03-01,2025-08-01,6,1461.74479,1461.82,False
Lake Kivu,SARIMA,2024-09-01,2025-08-01,12,1461.922444,1461.82,False
Lake Kivu,SARIMA,2025-09-01,2025-09-01,1,1461.768623,1461.675,False
Lake Kivu,SARIMA,2025-07-01,2025-09-01,3,1461.707089,1461.675,False
Lake Kivu,SARIMA,2025-04-01,2025-09-01,6,1461.678825,1461.675,False
Lake Kivu,SARIMA,2024-10-01,2025-09-01,12,1461.802859,1461.675,False
Lake Kivu,SARIMA,2025-10-01,2025-10-01,1,1461.676239,1461.695,False
Lake Kivu,SARIMA,2025-08-01,2025-10-01,3,1461.759895,1461.695,False
Lake Kivu,SARIMA,2025-05-01,2025-10-01,6,1461.661733,1461.695,False
Lake Kivu,SARIMA,2024-11-01,2025-10-01,12,1461.749086,1461.695,False
Lake Kivu,SARIMA,2025-11-01,2025-11-01,1,1461.701233,1461.715,False
Lake Kivu,SARIMA,2025-09-01,2025-11-01,3,1461.780257,1461.715,False
Lake Kivu,SARIMA,2025-06-01,2025-11-01,6,1461.69873,1461.715,False
Lake Kivu,SARIMA,2024-12-01,2025-11-01,12,1461.733867,1461.715,False
Lake Kivu,SARIMA,2025-12-01,2025-12-01,1,1461.798,1461.645,False
Lake Kivu,SARIMA,2025-10-01,2025-12-01,3,1461.764164,1461.645,False
Lake Kivu,SARIMA,2025-07-01,2025-12-01,6,1461.801018,1461.645,False
Lake Kivu,SARIMA,2025-01-01,2025-12-01,12,1461.999494,1461.645,False
Lake Malawi,RandomWalk,2021-01-01,2021-01-01,1,473.797,474.055,False
Lake Malawi,RandomWalk,2021-02-01,2021-02-01,1,474.055,474.24,False
Lake Malawi,RandomWalk,2021-03-01,2021-03-01,1,474.24,474.673333,False
Lake Malawi,RandomWalk,2021-01-01,2021-03-01,3,473.797,474.673333,False
Lake Malawi,RandomWalk,2021-04-01,2021-04-01,1,474.673333,474.986667,False
Lake Malawi,RandomWalk,2021-02-01,2021-04-01,3,474.055,474.986667,False
Lake Malawi,RandomWalk,2021-05-01,2021-05-01,1,474.986667,474.97,False
Lake Malawi,RandomWalk,2021-03-01,2021-05-01,3,474.24,474.97,False
Lake Malawi,RandomWalk,2021-06-01,2021-06-01,1,474.97,474.8,False
Lake Malawi,RandomWalk,2021-04-01,2021-06-01,3,474.673333,474.8,False
Lake Malawi,RandomWalk,2021-01-01,2021-06-01,6,473.797,474.8,False
Lake Malawi,RandomWalk,2021-07-01,2021-07-01,1,474.8,474.635,False
Lake Malawi,RandomWalk,2021-05-01,2021-07-01,3,474.986667,474.635,False
Lake Malawi,RandomWalk,2021-02-01,2021-07-01,6,474.055,474.635,False
Lake Malawi,RandomWalk,2021-08-01,2021-08-01,1,474.635,474.476,False
Lake Malawi,RandomWalk,2021-06-01,2021-08-01,3,474.97,474.476,False
Lake Malawi,RandomWalk,2021-03-01,2021-08-01,6,474.24,474.476,False
Lake Malawi,RandomWalk,2021-09-01,2021-09-01,1,474.476,474.346111,False
Lake Malawi,RandomWalk,2021-07-01,2021-09-01,3,474.8,474.346111,False
Lake Malawi,RandomWalk,2021-04-01,2021-09-01,6,474.673333,474.346111,False
Lake Malawi,RandomWalk,2021-10-01,2021-10-01,1,474.346111,474.261,False
Lake Malawi,RandomWalk,2021-08-01,2021-10-01,3,474.635,474.261,False
Lake Malawi,RandomWalk,2021-05-01,2021-10-01,6,474.986667,474.261,False
Lake Malawi,RandomWalk,2021-11-01,2021-11-01,1,474.261,474.1225,False
Lake Malawi,RandomWalk,2021-09-01,2021-11-01,3,474.476,474.1225,False
Lake Malawi,RandomWalk,2021-06-01,2021-11-01,6,474.97,474.1225,False
Lake Malawi,RandomWalk,2021-12-01,2021-12-01,1,474.1225,474.052273,False
Lake Malawi,RandomWalk,2021-10-01,2021-12-01,3,474.346111,474.052273,False
Lake Malawi,RandomWalk,2021-07-01,2021-12-01,6,474.8,474.052273,False
Lake Malawi,RandomWalk,2021-01-01,2021-12-01,12,473.797,474.052273,False
Lake Malawi,RandomWalk,2022-01-01,2022-01-01,1,474.052273,474.111,False
Lake Malawi,RandomWalk,2021-11-01,2022-01-01,3,474.261,474.111,False
Lake Malawi,RandomWalk,2021-08-01,2022-01-01,6,474.635,474.111,False
Lake Malawi,RandomWalk,2021-02-01,2022-01-01,12,474.055,474.111,False
Lake Malawi,RandomWalk,2022-02-01,2022-02-01,1,474.111,474.404286,False
Lake Malawi,RandomWalk,2021-12-01,2022-02-01,3,474.1225,474.404286,False
Lake Malawi,RandomWalk,2021-09-01,2022-02-01,6,474.476,474.404286,False
Lake Malawi,RandomWalk,2021-03-01,2022-02-01,12,474.24,474.404286,False
Lake Malawi,RandomWalk,2022-03-01,2022-03-01,1,474.404286,474.875714,False
Lake Malawi,RandomWalk,2022-01-01,2022-03-01,3,474.052273,474.875714,False
Lake Malawi,RandomWalk,2021-10-01,2022-03-01,6,474.346111,474.875714,False
Lake Malawi,RandomWalk,2021-04-01,2022-03-01,12,474.673333,474.875714,False
Lake Malawi,RandomWalk,2022-04-01,2022-04-01,1,474.875714,475.240556,False
Lake Malawi,RandomWalk,2022-02-01,2022-04-01,3,474.111,475.240556,False
Lake Malawi,RandomWalk,2021-11-01,2022-04-01,6,474.261,475.240556,False
Lake Malawi,RandomWalk,2021-05-01,2022-04-01,12,474.986667,475.240556,False
Lake Malawi,RandomWalk,2022-05-01,2022-05-01,1,475.240556,475.284545,False
Lake Malawi,RandomWalk,2022-03-01,2022-05-01,3,474.404286,475.284545,False
Lake Malawi,RandomWalk,2021-12-01,2022-05-01,6,474.1225,475.284545,False
Lake Malawi,RandomWalk,2021-06-01,2022-05-01,12,474.97,475.284545,False
Lake Malawi,RandomWalk,2022-06-01,2022-06-01,1,475.284545,475.081818,False
Lake Malawi,RandomWalk,2022-04-01,2022-06-01,3,474.875714,475.081818,False
Lake Malawi,RandomWalk,2022-01-01,2022-06-01,6,474.052273,475.081818,False
Lake Malawi,RandomWalk,2021-07-01,2022-06-01,12,474.8,475.081818,False
Lake Malawi,RandomWalk,2022-07-01,2022-07-01,1,475.081818,474.887,False
Lake Malawi,RandomWalk,2022-05-01,2022-07-01,3,475.240556,474.887,False
Lake Malawi,RandomWalk,2022-02-01,2022-07-01,6,474.111,474.887,False
Lake Malawi,RandomWalk,2021-08-01,2022-07-01,12,474.635,474.887,False
Lake Malawi,RandomWalk,2022-08-01,2022-08-01,1,474.887,474.778,False
Lake Malawi,RandomWalk,2022-06-01,2022-08-01,3,475.284545,474.778,False
Lake Malawi,RandomWalk,2022-03-01,2022-08-01,6,474.404286,474.778,False
Lake Malawi,RandomWalk,2021-09-01,2022-08-01,12,474.476,474.778,False
Lake Malawi,RandomWalk,2022-09-01,2022-09-01,1,474.778,474.605556,False
Lake Malawi,RandomWalk,2022-07-01,2022-09-01,3,475.081818,474.605556,False
Lake Malawi,RandomWalk,2022-04-01,2022-09-01,6,474.875714,474.605556,False
Lake Malawi,RandomWalk,2021-10-01,2022-09-01,12,474.346111,474.605556,False
Lake Malawi,RandomWalk,2022-10-01,2022-10-01,1,474.605556,474.4875,False
Lake Malawi,RandomWalk,2022-08-01,2022-10-01,3,474.887,474.4875,False
Lake Malawi,RandomWalk,2022-05-01,2022-10-01,6,475.240556,474.4875,False
Lake Malawi,RandomWalk,2021-11-01,2022-10-01,12,474.261,474.4875,False
Lake Malawi,RandomWalk,2022-11-01,2022-11-01,1,474.4875,474.3585,False
Lake Malawi,RandomWalk,2022-09-01,2022-11-01,3,474.778,474.3585,False
Lake Malawi,RandomWalk,2022-06-01,2022-11-01,6,475.284545,474.3585,False
Lake Malawi,RandomWalk,2021-12-01,2022-11-01,12,474.1225,474.3585,False
Lake Malawi,RandomWalk,2022-12-01,2022-12-01,1,474.3585,474.370556,False
Lake Malawi,RandomWalk,2022-10-01,2022-12-01,3,474.605556,474.370556,False
Lake Malawi,RandomWalk,2022-07-01,2022-12-01,6,475.081818,474.370556,False
Lake Malawi,RandomWalk,2022-01-01,2022-12-01,12,474.052273,474.370556,False
Lake Malawi,RandomWalk,2023-01-01,2023-01-01,1,474.370556,474.627273,False
Lake Malawi,RandomWalk,2022-11-01,2023-01-01,3,474.4875,474.627273,False
Lake Malawi,RandomWalk,2022-08-01,2023-01-01,6,474.887,474.627273,False
Lake Malawi,RandomWalk,2022-02-01,2023-01-01,12,474.111,474.627273,False
Lake Malawi,RandomWalk,2023-02-01,2023-02-01,1,474.627273,474.947778,False
Lake Malawi,RandomWalk,2022-12-01,2023-02-01,3,474.3585,474.947778,False
Lake Malawi,RandomWalk,2022-09-01,2023-02-01,6,474.778,474.947778,False
Lake Malawi,RandomWalk,2022-03-01,2023-02-01,12,474.404286,474.947778,False
Lake Malawi,RandomWalk,2023-03-01,2023-03-01,1,474.947778,475.271875,False
Lake Malawi,RandomWalk,2023-01-01,2023-03-01,3,474.370556,475.271875,False
Lake Malawi,RandomWalk,2022-10-01,2023-03-01,6,474.605556,475.271875,False
Lake Malawi,RandomWalk,2022-04-01,2023-03-01,12,474.875714,475.271875,False
Lake Malawi,RandomWalk,2023-04-01,2023-04-01,1,475.271875,475.864,False
Lake Malawi,RandomWalk,2023-02-01,2023-04-01,3,474.627273,475.864,False
Lake Malawi,RandomWalk,2022-11-01,2023-04-01,6,474.4875,475.864,False
Lake Malawi,RandomWalk,2022-05-01,2023-04-01,12,475.240556,475.864,False
Lake Malawi,RandomWalk,2023-05-01,2023-05-01,1,475.864,475.883,False
Lake Malawi,RandomWalk,2023-03-01,2023-05-01,3,474.947778,475.883,False
Lake Malawi,RandomWalk,2022-12-01,2023-05-01,6,474.3585,475.883,False
Lake Malawi,RandomWalk,2022-06-01,2023-05-01,12,475.284545,475.883,False
Lake Malawi,RandomWalk,2023-06-01,2023-06-01,1,475.883,475.754,False
Lake Malawi,RandomWalk,2023-04-01,2023-06-01,3,475.271875,475.754,False
Lake Malawi,RandomWalk,2023-01-01,2023-06-01,6,474.370556,475.754,False
Lake Malawi,RandomWalk,2022-07-01,2023-06-01,12,475.081818,475.754,False
Lake Malawi,RandomWalk,2023-07-01,2023-07-01,1,475.754,475.548889,False
Lake Malawi,RandomWalk,2023-05-01,2023-07-01,3,475.864,475.548889,False
Lake Malawi,RandomWalk,2023-02-01,2023-07-01,6,474.627273,475.548889,False
Lake Malawi,RandomWalk,2022-08-01,2023-07-01,12,474.887,475.548889,False
Lake Malawi,RandomWalk,2023-08-01,2023-08-01,1,475.548889,475.341875,False
Lake Malawi,RandomWalk,2023-06-01,2023-08-01,3,475.883,475.341875,False
Lake Malawi,RandomWalk,2023-03-01,2023-08-01,6,474.947778,475.341875,False
Lake Malawi,RandomWalk,2022-09-01,2023-08-01,12,474.778,475.341875,False
Lake Malawi,RandomWalk,2023-09-01,2023-09-01,1,475.341875,475.249091,False
Lake Malawi,RandomWalk,2023-07-01,2023-09-01,3,475.754,475.249091,False
Lake Malawi,RandomWalk,2023-04-01,2023-09-01,6,475.271875,475.249091,False
Lake Malawi,RandomWalk,2022-10-01,2023-09-01,12,474.605556,475.249091,False
Lake Malawi,RandomWalk,2023-10-01,2023-10-01,1,475.249091,475.119,False
Lake Malawi,RandomWalk,2023-08-01,2023-10-01,3,475.548889,475.119,False
Lake Malawi,RandomWalk,2023-05-01,2023-10-01,6,475.864,475.119,False
Lake Malawi,RandomWalk,2022-11-01,2023-10-01,12,474.4875,475.119,False
Lake Malawi,RandomWalk,2023-11-01,2023-11-01,1,475.119,474.987778,False
Lake Malawi,RandomWalk,2023-09-01,2023-11-01,3,475.341875,474.987778,False
Lake Malawi,RandomWalk,2023-06-01,2023-11-01,6,475.883,474.987778,False
Lake Malawi,RandomWalk,2022-12-01,2023-11-01,12,474.3585,474.987778,False
Lake Malawi,RandomWalk,2023-12-01,2023-12-01,1,474.987778,474.9865,False
Lake Malawi,RandomWalk,2023-10-01,2023-12-01,3,475.249091,474.9865,False
Lake Malawi,RandomWalk,2023-07-01,2023-12-01,6,475.754,474.9865,False
Lake Malawi,RandomWalk,2023-01-01,2023-12-01,12,474.370556,474.9865,False
Lake Malawi,RandomWalk,2024-01-01,2024-01-01,1,474.9865,475.1375,False
Lake Malawi,RandomWalk,2023-11-01,2024-01-01,3,475.119,475.1375,False
Lake Malawi,RandomWalk,2023-08-01,2024-01-01,6,475.548889,475.1375,False
Lake Malawi,RandomWalk,2023-02-01,2024-01-01,12,474.627273,475.1375,False
Lake Malawi,RandomWalk,2024-02-01,2024-02-01,1,475.1375,475.562222,False
Lake Malawi,RandomWalk,2023-12-01,2024-02-01,3,474.987778,475.562222,False
Lake Malawi,RandomWalk,2023-09-01,2024-02-01,6,475.341875,475.562222,False
Lake Malawi,RandomWalk,2023-03-01,2024-02-01,12,474.947778,475.562222,False
Lake Malawi,RandomWalk,2024-03-01,2024-03-01,1,475.562222,476.05,False
Lake Malawi,RandomWalk,2024-01-01,2024-03-01,3,474.9865,476.05,False
Lake Malawi,RandomWalk,2023-10-01,2024-03-01,6,475.249091,476.05,False
Lake Malawi,RandomWalk,2023-04-01,2024-03-01,12,475.271875,476.05,False
Lake Malawi,RandomWalk,2024-04-01,2024-04-01,1,476.05,476.355,False
Lake Malawi,RandomWalk,2024-02-01,2024-04-01,3,475.1375,476.355,False
Lake Malawi,RandomWalk,2023-11-01,2024-04-01,6,475.119,476.355,False
Lake Malawi,RandomWalk,2023-05-01,2024-04-01,12,475.864,476.355,False
Lake Malawi,RandomWalk,2024-05-01,2024-05-01,1,476.355,476.3605,False
Lake Malawi,RandomWalk,2024-03-01,2024-05-01,3,475.562222,476.3605,False
Lake Malawi,RandomWalk,2023-12-01,2024-05-01,6,474.987778,476.3605,False
Lake Malawi,RandomWalk,2023-06-01,2024-05-01,12,475.883,476.3605,False
Lake Malawi,RandomWalk,2024-06-01,2024-06-01,1,476.3605,476.178,False
Lake Malawi,RandomWalk,2024-04-01,2024-06-01,3,476.05,476.178,False
Lake Malawi,RandomWalk,2024-01-01,2024-06-01,6,474.9865,476.178,False
Lake Malawi,RandomWalk,2023-07-01,2024-06-01,12,475.754,476.178,False
Lake Malawi,RandomWalk,2024-07-01,2024-07-01,1,476.178,475.98,False
Lake Malawi,RandomWalk,2024-05-01,2024-07-01,3,476.355,475.98,False
Lake Malawi,RandomWalk,2024-02-01,2024-07-01,6,475.1375,475.98,False
Lake Malawi,RandomWalk,2023-08-01,2024-07-01,12,475.548889,475.98,False
Lake Malawi,RandomWalk,2024-08-01,2024-08-01,1,475.98,475.796364,False
Lake Malawi,RandomWalk,2024-06-01,2024-08-01,3,476.3605,475.796364,False
Lake Malawi,RandomWalk,2024-03-01,2024-08-01,6,475.562222,475.796364,False
Lake Malawi,RandomWalk,2023-09-01,2024-08-01,12,475.341875,475.796364,False
Lake Malawi,RandomWalk,2024-09-01,2024-09-01,1,475.796364,475.616111,False
Lake Malawi,RandomWalk,2024-07-01,2024-09-01,3,476.178,475.616111,False
Lake Malawi,RandomWalk,2024-04-01,2024-09-01,6,476.05,475.616111,False
Lake Malawi,RandomWalk,2023-10-01,2024-09-01,12,475.249091,475.616111,False
Lake Malawi,RandomWalk,2024-10-01,2024-10-01,1,475.616111,475.476,False
Lake Malawi,RandomWalk,2024-08-01,2024-10-01,3,475.98,475.476,False
Lake Malawi,RandomWalk,2024-05-01,2024-10-01,6,476.355,475.476,False
Lake Malawi,RandomWalk,2023-11-01,2024-10-01,12,475.119,475.476,False
Lake Malawi,RandomWalk,2024-11-01,2024-11-01,1,475.476,475.355556,False
Lake Malawi,RandomWalk,2024-09-01,2024-11-01,3,475.796364,475.355556,False
Lake Malawi,RandomWalk,2024-06-01,2024-11-01,6,476.3605,475.355556,False
Lake Malawi,RandomWalk,2023-12-01,2024-11-01,12,474.987778,475.355556,False
Lake Malawi,RandomWalk,2024-12-01,2024-12-01,1,475.355556,475.275625,False
Lake Malawi,RandomWalk,2024-10-01,2024-12-01,3,475.616111,475.275625,False
Lake Malawi,RandomWalk,2024-07-01,2024-12-01,6,476.178,475.275625,False
Lake Malawi,RandomWalk,2024-01-01,2024-12-01,12,474.9865,475.275625,False
Lake Malawi,RandomWalk,2025-01-01,2025-01-01,1,475.275625,474.94,False
Lake Malawi,RandomWalk,2024-11-01,2025-01-01,3,475.476,474.94,False
Lake Malawi,RandomWalk,2024-08-01,2025-01-01,6,475.98,474.94,False
Lake Malawi,RandomWalk,2024-02-01,2025-01-01,12,475.1375,474.94,False
Lake Malawi,RandomWalk,2025-02-01,2025-02-01,1,474.94,475.09,False
Lake Malawi,RandomWalk,2024-12-01,2025-02-01,3,475.355556,475.09,False
Lake Malawi,RandomWalk,2024-09-01,2025-02-01,6,475.796364,475.09,False
Lake Malawi,RandomWalk,2024-03-01,2025-02-01,12,475.562222,475.09,False
Lake Malawi,RandomWalk,2025-03-01,2025-03-01,1,475.09,475.191667,False
Lake Malawi,RandomWalk,2025-01-01,2025-03-01,3,475.275625,475.191667,False
Lake Malawi,RandomWalk,2024-10-01,2025-03-01,6,475.616111,475.191667,False
Lake Malawi,RandomWalk,2024-04-01,2025-03-01,12,476.05,475.191667,False
Lake Malawi,RandomWalk,2025-04-01,2025-04-01,1,475.191667,475.416667,False
Lake Malawi,RandomWalk,2025-02-01,2025-04-01,3,474.94,475.416667,False
Lake Malawi,RandomWalk,2024-11-01,2025-04-01,6,475.476,475.416667,False
Lake Malawi,RandomWalk,2024-05-01,2025-04-01,12,476.355,475.416667,False
Lake Malawi,RandomWalk,2025-05-01,2025-05-01,1,475.416667,475.556667,False
Lake Malawi,RandomWalk,2025-03-01,2025-05-01,3,475.09,475.556667,False
Lake Malawi,RandomWalk,2024-12-01,2025-05-01,6,475.355556,475.556667,False
Lake Malawi,RandomWalk,2024-06-01,2025-05-01,12,476.3605,475.556667,False
Lake Malawi,RandomWalk,2025-06-01,2025-06-01,1,475.556667,475.413333,False
Lake Malawi,RandomWalk,2025-04-01,2025-06-01,3,475.191667,475.413333,False
Lake Malawi,RandomWalk,2025-01-01,2025-06-01,6,475.275625,475.413333,False
Lake Malawi,RandomWalk,2024-07-01,2025-06-01,12,476.178,475.413333,False
Lake Malawi,RandomWalk,2025-07-01,2025-07-01,1,475.413333,475.209167,False
Lake Malawi,RandomWalk,2025-05-01,2025-07-01,3,475.416667,475.209167,False
Lake Malawi,RandomWalk,2025-02-01,2025-07-01,6,474.94,475.209167,False
Lake Malawi,RandomWalk,2024-08-01,2025-07-01,12,475.98,475.209167,False
Lake Malawi,RandomWalk,2025-08-01,2025-08-01,1,475.209167,474.936667,False
Lake Malawi,RandomWalk,2025-06-01,2025-08-01,3,475.556667,474.936667,False
Lake Malawi,RandomWalk,2025-03-01,2025-08-01,6,475.09,474.936667,False
Lake Malawi,RandomWalk,2024-09-01,2025-08-01,12,475.796364,474.936667,False
Lake Malawi,RandomWalk,2025-09-01,2025-09-01,1,474.936667,474.816667,False
Lake Malawi,RandomWalk,2025-07-01,2025-09-01,3,475.413333,474.816667,False
Lake Malawi,RandomWalk,2025-04-01,2025-09-01,6,475.191667,474.816667,False
Lake Malawi,RandomWalk,2024-10-01,2025-09-01,12,475.616111,474.816667,False
Lake Malawi,RandomWalk,2025-10-01,2025-10-01,1,474.816667,474.643333,False
Lake Malawi,RandomWalk,2025-08-01,2025-10-01,3,475.209167,474.643333,False
Lake Malawi,RandomWalk,2025-05-01,2025-10-01,6,475.416667,474.643333,False
Lake Malawi,RandomWalk,2024-11-01,2025-10-01,12,475.476,474.643333,False
Lake Malawi,RandomWalk,2025-11-01,2025-11-01,1,474.643333,474.586667,False
Lake Malawi,RandomWalk,2025-09-01,2025-11-01,3,474.936667,474.586667,False
Lake Malawi,RandomWalk,2025-06-01,2025-11-01,6,475.556667,474.586667,False
Lake Malawi,RandomWalk,2024-12-01,2025-11-01,12,475.355556,474.586667,False
Lake Malawi,RandomWalk,2025-12-01,2025-12-01,1,474.586667,474.6,False
Lake Malawi,RandomWalk,2025-10-01,2025-12-01,3,474.816667,474.6,False
Lake Malawi,RandomWalk,2025-07-01,2025-12-01,6,475.413333,474.6,False
Lake Malawi,RandomWalk,2025-01-01,2025-12-01,12,475.275625,474.6,False
Lake Malawi,SeasonalNaive,2021-01-01,2021-01-01,1,473.700556,474.055,False
Lake Malawi,SeasonalNaive,2021-02-01,2021-02-01,1,474.273571,474.24,False
Lake Malawi,SeasonalNaive,2021-03-01,2021-03-01,1,474.636667,474.673333,False
Lake Malawi,SeasonalNaive,2021-01-01,2021-03-01,3,474.636667,474.673333,False
Lake Malawi,SeasonalNaive,2021-04-01,2021-04-01,1,474.8345,474.986667,False
Lake Malawi,SeasonalNaive,2021-02-01,2021-04-01,3,474.8345,474.986667,False
Lake Malawi,SeasonalNaive,2021-05-01,2021-05-01,1,474.766667,474.97,False
Lake Malawi,SeasonalNaive,2021-03-01,2021-05-01,3,474.766667,474.97,False
Lake Malawi,SeasonalNaive,2021-06-01,2021-06-01,1,474.582778,474.8,False
Lake Malawi,SeasonalNaive,2021-04-01,2021-06-01,3,474.582778,474.8,False
Lake Malawi,SeasonalNaive,2021-01-01,2021-06-01,6,474.582778,474.8,False
Lake Malawi,SeasonalNaive,2021-07-01,2021-07-01,1,474.354,474.635,False
Lake Malawi,SeasonalNaive,2021-05-01,2021-07-01,3,474.354,474.635,False
Lake Malawi,SeasonalNaive,2021-02-01,2021-07-01,6,474.354,474.635,False
Lake Malawi,SeasonalNaive,2021-08-01,2021-08-01,1,474.189,474.476,False
Lake Malawi,SeasonalNaive,2021-06-01,2021-08-01,3,474.189,474.476,False
Lake Malawi,SeasonalNaive,2021-03-01,2021-08-01,6,474.189,474.476,False
Lake Malawi,SeasonalNaive,2021-09-01,2021-09-01,1,474.07,474.346111,False
Lake Malawi,SeasonalNaive,2021-07-01,2021-09-01,3,474.07,474.346111,False
Lake Malawi,SeasonalNaive,2021-04-01,2021-09-01,6,474.07,474.346111,False
Lake Malawi,SeasonalNaive,2021-10-01,2021-10-01,1,473.976667,474.261,False
Lake Malawi,SeasonalNaive,2021-08-01,2021-10-01,3,473.976667,474.261,False
Lake Malawi,SeasonalNaive,2021-05-01,2021-10-01,6,473.976667,474.261,False
Lake Malawi,SeasonalNaive,2021-11-01,2021-11-01,1,473.86,474.1225,False
Lake Malawi,SeasonalNaive,2021-09-01,2021-11-01,3,473.86,474.1225,False
Lake Malawi,SeasonalNaive,2021-06-01,2021-11-01,6,473.86,474.1225,False
Lake Malawi,SeasonalNaive,2021-12-01,2021-12-01,1,473.797,474.052273,False
Lake Malawi,SeasonalNaive,2021-10-01,2021-12-01,3,473.797,474.052273,False
Lake Malawi,SeasonalNaive,2021-07-01,2021-12-01,6,473.797,474.052273,False
Lake Malawi,SeasonalNaive,2021-01-01,2021-12-01,12,473.797,474.052273,False
Lake Malawi,SeasonalNaive,2022-01-01,2022-01-01,1,474.055,474.111,False
Lake Malawi,SeasonalNaive,2021-11-01,2022-01-01,3,474.055,474.111,False
Lake Malawi,SeasonalNaive,2021-08-01,2022-01-01,6,474.055,474.111,False
Lake Malawi,SeasonalNaive,2021-02-01,2022-01-01,12,474.055,474.111,False
Lake Malawi,SeasonalNaive,2022-02-01,2022-02-01,1,474.24,474.404286,False
Lake Malawi,SeasonalNaive,2021-12-01,2022-02-01,3,474.24,474.404286,False
Lake Malawi,SeasonalNaive,2021-09-01,2022-02-01,6,474.24,474.404286,False
Lake Malawi,SeasonalNaive,2021-03-01,2022-02-01,12,474.24,474.404286,False
Lake Malawi,SeasonalNaive,2022-03-01,2022-03-01,1,474.673333,474.875714,False
Lake Malawi,SeasonalNaive,2022-01-01,2022-03-01,3,474.673333,474.875714,False
Lake Malawi,SeasonalNaive,2021-10-01,2022-03-01,6,474.673333,474.875714,False
Lake Malawi,SeasonalNaive,2021-04-01,2022-03-01,12,474.673333,474.875714,False
Lake Malawi,SeasonalNaive,2022-04-01,2022-04-01,1,474.986667,475.240556,False
Lake Malawi,SeasonalNaive,2022-02-01,2022-04-01,3,474.986667,475.240556,False
Lake Malawi,SeasonalNaive,2021-11-01,2022-04-01,6,474.986667,475.240556,False
Lake Malawi,SeasonalNaive,2021-05-01,2022-04-01,12,474.986667,475.240556,False
Lake Malawi,SeasonalNaive,2022-05-01,2022-05-01,1,474.97,475.284545,False
Lake Malawi,SeasonalNaive,2022-03-01,2022-05-01,3,474.97,475.284545,False
Lake Malawi,SeasonalNaive,2021-12-01,2022-05-01,6,474.97,475.284545,False
Lake Malawi,SeasonalNaive,2021-06-01,2022-05-01,12,474.97,475.284545,False
Lake Malawi,SeasonalNaive,2022-06-01,2022-06-01,1,474.8,475.081818,False
Lake Malawi,SeasonalNaive,2022-04-01,2022-06-01,3,474.8,475.081818,False
Lake Malawi,SeasonalNaive,2022-01-01,2022-06-01,6,474.8,475.081818,False
Lake Malawi,SeasonalNaive,2021-07-01,2022-06-01,12,474.8,475.081818,False
Lake Malawi,SeasonalNaive,2022-07-01,2022-07-01,1,474.635,474.887,False
Lake Malawi,SeasonalNaive,2022-05-01,2022-07-01,3,474.635,474.887,False
Lake Malawi,SeasonalNaive,2022-02-01,2022-07-01,6,474.635,474.887,False
Lake Malawi,SeasonalNaive,2021-08-01,2022-07-01,12,474.635,474.887,False
Lake Malawi,SeasonalNaive,2022-08-01,2022-08-01,1,474.476,474.778,False
Lake Malawi,SeasonalNaive,2022-06-01,2022-08-01,3,474.476,474.778,False
Lake Malawi,SeasonalNaive,2022-03-01,2022-08-01,6,474.476,474.778,False
Lake Malawi,SeasonalNaive,2021-09-01,2022-08-01,12,474.476,474.778,False
Lake Malawi,SeasonalNaive,2022-09-01,2022-09-01,1,474.346111,474.605556,False
Lake Malawi,SeasonalNaive,2022-07-01,2022-09-01,3,474.346111,474.605556,False
Lake Malawi,SeasonalNaive,2022-04-01,2022-09-01,6,474.346111,474.605556,False
Lake Malawi,SeasonalNaive,2021-10-01,2022-09-01,12,474.346111,474.605556,False
Lake Malawi,SeasonalNaive,2022-10-01,2022-10-01,1,474.261,474.4875,False
Lake Malawi,SeasonalNaive,2022-08-01,2022-10-01,3,474.261,474.4875,False
Lake Malawi,SeasonalNaive,2022-05-01,2022-10-01,6,474.261,474.4875,False
Lake Malawi,SeasonalNaive,2021-11-01,2022-10-01,12,474.261,474.4875,False
Lake Malawi,SeasonalNaive,2022-11-01,2022-11-01,1,474.1225,474.3585,False
Lake Malawi,SeasonalNaive,2022-09-01,2022-11-01,3,474.1225,474.3585,False
Lake Malawi,SeasonalNaive,2022-06-01,2022-11-01,6,474.1225,474.3585,False
Lake Malawi,SeasonalNaive,2021-12-01,2022-11-01,12,474.1225,474.3585,False
Lake Malawi,SeasonalNaive,2022-12-01,2022-12-01,1,474.052273,474.370556,False
Lake Malawi,SeasonalNaive,2022-10-01,2022-12-01,3,474.052273,474.370556,False
Lake Malawi,SeasonalNaive,2022-07-01,2022-12-01,6,474.052273,474.370556,False
Lake Malawi,SeasonalNaive,2022-01-01,2022-12-01,12,474.052273,474.370556,False
Lake Malawi,SeasonalNaive,2023-01-01,2023-01-01,1,474.111,474.627273,False
Lake Malawi,SeasonalNaive,2022-11-01,2023-01-01,3,474.111,474.627273,False
Lake Malawi,SeasonalNaive,2022-08-01,2023-01-01,6,474.111,474.627273,False
Lake Malawi,SeasonalNaive,2022-02-01,2023-01-01,12,474.111,474.627273,False
Lake Malawi,SeasonalNaive,2023-02-01,2023-02-01,1,474.404286,474.947778,False
Lake Malawi,SeasonalNaive,2022-12-01,2023-02-01,3,474.404286,474.947778,False
Lake Malawi,SeasonalNaive,2022-09-01,2023-02-01,6,474.404286,474.947778,False
Lake Malawi,SeasonalNaive,2022-03-01,2023-02-01,12,474.404286,474.947778,False
Lake Malawi,SeasonalNaive,2023-03-01,2023-03-01,1,474.875714,475.271875,False
Lake Malawi,SeasonalNaive,2023-01-01,2023-03-01,3,474.875714,475.271875,False
Lake Malawi,SeasonalNaive,2022-10-01,2023-03-01,6,474.875714,475.271875,False
Lake Malawi,SeasonalNaive,2022-04-01,2023-03-01,12,474.875714,475.271875,False
Lake Malawi,SeasonalNaive,2023-04-01,2023-04-01,1,475.240556,475.864,False
Lake Malawi,SeasonalNaive,2023-02-01,2023-04-01,3,475.240556,475.864,False
Lake Malawi,SeasonalNaive,2022-11-01,2023-04-01,6,475.240556,475.864,False
Lake Malawi,SeasonalNaive,2022-05-01,2023-04-01,12,475.240556,475.864,False
Lake Malawi,SeasonalNaive,2023-05-01,2023-05-01,1,475.284545,475.883,False
Lake Malawi,SeasonalNaive,2023-03-01,2023-05-01,3,475.284545,475.883,False
Lake Malawi,SeasonalNaive,2022-12-01,2023-05-01,6,475.284545,475.883,False
Lake Malawi,SeasonalNaive,2022-06-01,2023-05-01,12,475.284545,475.883,False
Lake Malawi,SeasonalNaive,2023-06-01,2023-06-01,1,475.081818,475.754,False
Lake Malawi,SeasonalNaive,2023-04-01,2023-06-01,3,475.081818,475.754,False
Lake Malawi,SeasonalNaive,2023-01-01,2023-06-01,6,475.081818,475.754,False
Lake Malawi,SeasonalNaive,2022-07-01,2023-06-01,12,475.081818,475.754,False
Lake Malawi,SeasonalNaive,2023-07-01,2023-07-01,1,474.887,475.548889,False
Lake Malawi,SeasonalNaive,2023-05-01,2023-07-01,3,474.887,475.548889,False
Lake Malawi,SeasonalNaive,2023-02-01,2023-07-01,6,474.887,475.548889,False
Lake Malawi,SeasonalNaive,2022-08-01,2023-07-01,12,474.887,475.548889,False
Lake Malawi,SeasonalNaive,2023-08-01,2023-08-01,1,474.778,475.341875,False
Lake Malawi,SeasonalNaive,2023-06-01,2023-08-01,3,474.778,475.341875,False
Lake Malawi,SeasonalNaive,2023-03-01,2023-08-01,6,474.778,475.341875,False
Lake Malawi,SeasonalNaive,2022-09-01,2023-08-01,12,474.778,475.341875,False
Lake Malawi,SeasonalNaive,2023-09-01,2023-09-01,1,474.605556,475.249091,False
Lake Malawi,SeasonalNaive,2023-07-01,2023-09-01,3,474.605556,475.249091,False
Lake Malawi,SeasonalNaive,2023-04-01,2023-09-01,6,474.605556,475.249091,False
Lake Malawi,SeasonalNaive,2022-10-01,2023-09-01,12,474.605556,475.249091,False
Lake Malawi,SeasonalNaive,2023-10-01,2023-10-01,1,474.4875,475.119,False
Lake Malawi,SeasonalNaive,2023-08-01,2023-10-01,3,474.4875,475.119,False
Lake Malawi,SeasonalNaive,2023-05-01,2023-10-01,6,474.4875,475.119,False
Lake Malawi,SeasonalNaive,2022-11-01,2023-10-01,12,474.4875,475.119,False
Lake Malawi,SeasonalNaive,2023-11-01,2023-11-01,1,474.3585,474.987778,False
Lake Malawi,SeasonalNaive,2023-09-01,2023-11-01,3,474.3585,474.987778,False
Lake Malawi,SeasonalNaive,2023-06-01,2023-11-01,6,474.3585,474.987778,False
Lake Malawi,SeasonalNaive,2022-12-01,2023-11-01,12,474.3585,474.987778,False
Lake Malawi,SeasonalNaive,2023-12-01,2023-12-01,1,474.370556,474.9865,False
Lake Malawi,SeasonalNaive,2023-10-01,2023-12-01,3,474.370556,474.9865,False
Lake Malawi,SeasonalNaive,2023-07-01,2023-12-01,6,474.370556,474.9865,False
Lake Malawi,SeasonalNaive,2023-01-01,2023-12-01,12,474.370556,474.9865,False
Lake Malawi,SeasonalNaive,2024-01-01,2024-01-01,1,474.627273,475.1375,False
Lake Malawi,SeasonalNaive,2023-11-01,2024-01-01,3,474.627273,475.1375,False
Lake Malawi,SeasonalNaive,2023-08-01,2024-01-01,6,474.627273,475.1375,False
Lake Malawi,SeasonalNaive,2023-02-01,2024-01-01,12,474.627273,475.1375,False
Lake Malawi,SeasonalNaive,2024-02-01,2024-02-01,1,474.947778,475.562222,False
Lake Malawi,SeasonalNaive,2023-12-01,2024-02-01,3,474.947778,475.562222,False
Lake Malawi,SeasonalNaive,2023-09-01,2024-02-01,6,474.947778,475.562222,False
Lake Malawi,SeasonalNaive,2023-03-01,2024-02-01,12,474.947778,475.562222,False
Lake Malawi,SeasonalNaive,2024-03-01,2024-03-01,1,475.271875,476.05,False
Lake Malawi,SeasonalNaive,2024-01-01,2024-03-01,3,475.271875,476.05,False
Lake Malawi,SeasonalNaive,2023-10-01,2024-03-01,6,475.271875,476.05,False
Lake Malawi,SeasonalNaive,2023-04-01,2024-03-01,12,475.271875,476.05,False
Lake Malawi,SeasonalNaive,2024-04-01,2024-04-01,1,475.864,476.355,False
Lake Malawi,SeasonalNaive,2024-02-01,2024-04-01,3,475.864,476.355,False
Lake Malawi,SeasonalNaive,2023-11-01,2024-04-01,6,475.864,476.355,False
Lake Malawi,SeasonalNaive,2023-05-01,2024-04-01,12,475.864,476.355,False
Lake Malawi,SeasonalNaive,2024-05-01,2024-05-01,1,475.883,476.3605,False
Lake Malawi,SeasonalNaive,2024-03-01,2024-05-01,3,475.883,476.3605,False
Lake Malawi,SeasonalNaive,2023-12-01,2024-05-01,6,475.883,476.3605,False
Lake Malawi,SeasonalNaive,2023-06-01,2024-05-01,12,475.883,476.3605,False
Lake Malawi,SeasonalNaive,2024-06-01,2024-06-01,1,475.754,476.178,False
Lake Malawi,SeasonalNaive,2024-04-01,2024-06-01,3,475.754,476.178,False
Lake Malawi,SeasonalNaive,2024-01-01,2024-06-01,6,475.754,476.178,False
Lake Malawi,SeasonalNaive,2023-07-01,2024-06-01,12,475.754,476.178,False
Lake Malawi,SeasonalNaive,2024-07-01,2024-07-01,1,475.548889,475.98,False
Lake Malawi,SeasonalNaive,2024-05-01,2024-07-01,3,475.548889,475.98,False
Lake Malawi,SeasonalNaive,2024-02-01,2024-07-01,6,475.548889,475.98,False
Lake Malawi,SeasonalNaive,2023-08-01,2024-07-01,12,475.548889,475.98,False
Lake Malawi,SeasonalNaive,2024-08-01,2024-08-01,1,475.341875,475.796364,False
Lake Malawi,SeasonalNaive,2024-06-01,2024-08-01,3,475.341875,475.796364,False
Lake Malawi,SeasonalNaive,2024-03-01,2024-08-01,6,475.341875,475.796364,False
Lake Malawi,SeasonalNaive,2023-09-01,2024-08-01,12,475.341875,475.796364,False
Lake Malawi,SeasonalNaive,2024-09-01,2024-09-01,1,475.249091,475.616111,False
Lake Malawi,SeasonalNaive,2024-07-01,2024-09-01,3,475.249091,475.616111,False
Lake Malawi,SeasonalNaive,2024-04-01,2024-09-01,6,475.249091,475.616111,False
Lake Malawi,SeasonalNaive,2023-10-01,2024-09-01,12,475.249091,475.616111,False
Lake Malawi,SeasonalNaive,2024-10-01,2024-10-01,1,475.119,475.476,False
Lake Malawi,SeasonalNaive,2024-08-01,2024-10-01,3,475.119,475.476,False
Lake Malawi,SeasonalNaive,2024-05-01,2024-10-01,6,475.119,475.476,False
Lake Malawi,SeasonalNaive,2023-11-01,2024-10-01,12,475.119,475.476,False
Lake Malawi,SeasonalNaive,2024-11-01,2024-11-01,1,474.987778,475.355556,False
Lake Malawi,SeasonalNaive,2024-09-01,2024-11-01,3,474.987778,475.355556,False
Lake Malawi,SeasonalNaive,2024-06-01,2024-11-01,6,474.987778,475.355556,False
Lake Malawi,SeasonalNaive,2023-12-01,2024-11-01,12,474.987778,475.355556,False
Lake Malawi,SeasonalNaive,2024-12-01,2024-12-01,1,474.9865,475.275625,False
Lake Malawi,SeasonalNaive,2024-10-01,2024-12-01,3,474.9865,475.275625,False
Lake Malawi,SeasonalNaive,2024-07-01,2024-12-01,6,474.9865,475.275625,False
Lake Malawi,SeasonalNaive,2024-01-01,2024-12-01,12,474.9865,475.275625,False
Lake Malawi,SeasonalNaive,2025-01-01,2025-01-01,1,475.1375,474.94,False
Lake Malawi,SeasonalNaive,2024-11-01,2025-01-01,3,475.1375,474.94,False
Lake Malawi,SeasonalNaive,2024-08-01,2025-01-01,6,475.1375,474.94,False
Lake Malawi,SeasonalNaive,2024-02-01,2025-01-01,12,475.1375,474.94,False
Lake Malawi,SeasonalNaive,2025-02-01,2025-02-01,1,475.562222,475.09,False
Lake Malawi,SeasonalNaive,2024-12-01,2025-02-01,3,475.562222,475.09,False
Lake Malawi,SeasonalNaive,2024-09-01,2025-02-01,6,475.562222,475.09,False
Lake Malawi,SeasonalNaive,2024-03-01,2025-02-01,12,475.562222,475.09,False
Lake Malawi,SeasonalNaive,2025-03-01,2025-03-01,1,476.05,475.191667,False
Lake Malawi,SeasonalNaive,2025-01-01,2025-03-01,3,476.05,475.191667,False
Lake Malawi,SeasonalNaive,2024-10-01,2025-03-01,6,476.05,475.191667,False
Lake Malawi,SeasonalNaive,2024-04-01,2025-03-01,12,476.05,475.191667,False
Lake Malawi,SeasonalNaive,2025-04-01,2025-04-01,1,476.355,475.416667,False
Lake Malawi,SeasonalNaive,2025-02-01,2025-04-01,3,476.355,475.416667,False
Lake Malawi,SeasonalNaive,2024-11-01,2025-04-01,6,476.355,475.416667,False
Lake Malawi,SeasonalNaive,2024-05-01,2025-04-01,12,476.355,475.416667,False
Lake Malawi,SeasonalNaive,2025-05-01,2025-05-01,1,476.3605,475.556667,False
Lake Malawi,SeasonalNaive,2025-03-01,2025-05-01,3,476.3605,475.556667,False
Lake Malawi,SeasonalNaive,2024-12-01,2025-05-01,6,476.3605,475.556667,False
Lake Malawi,SeasonalNaive,2024-06-01,2025-05-01,12,476.3605,475.556667,False
Lake Malawi,SeasonalNaive,2025-06-01,2025-06-01,1,476.178,475.413333,False
Lake Malawi,SeasonalNaive,2025-04-01,2025-06-01,3,476.178,475.413333,False
Lake Malawi,SeasonalNaive,2025-01-01,2025-06-01,6,476.178,475.413333,False
Lake Malawi,SeasonalNaive,2024-07-01,2025-06-01,12,476.178,475.413333,False
Lake Malawi,SeasonalNaive,2025-07-01,2025-07-01,1,475.98,475.209167,False
Lake Malawi,SeasonalNaive,2025-05-01,2025-07-01,3,475.98,475.209167,False
Lake Malawi,SeasonalNaive,2025-02-01,2025-07-01,6,475.98,475.209167,False
Lake Malawi,SeasonalNaive,2024-08-01,2025-07-01,12,475.98,475.209167,False
Lake Malawi,SeasonalNaive,2025-08-01,2025-08-01,1,475.796364,474.936667,False
Lake Malawi,SeasonalNaive,2025-06-01,2025-08-01,3,475.796364,474.936667,False
Lake Malawi,SeasonalNaive,2025-03-01,2025-08-01,6,475.796364,474.936667,False
Lake Malawi,SeasonalNaive,2024-09-01,2025-08-01,12,475.796364,474.936667,False
Lake Malawi,SeasonalNaive,2025-09-01,2025-09-01,1,475.616111,474.816667,False
Lake Malawi,SeasonalNaive,2025-07-01,2025-09-01,3,475.616111,474.816667,False
Lake Malawi,SeasonalNaive,2025-04-01,2025-09-01,6,475.616111,474.816667,False
Lake Malawi,SeasonalNaive,2024-10-01,2025-09-01,12,475.616111,474.816667,False
Lake Malawi,SeasonalNaive,2025-10-01,2025-10-01,1,475.476,474.643333,False
Lake Malawi,SeasonalNaive,2025-08-01,2025-10-01,3,475.476,474.643333,False
Lake Malawi,SeasonalNaive,2025-05-01,2025-10-01,6,475.476,474.643333,False
Lake Malawi,SeasonalNaive,2024-11-01,2025-10-01,12,475.476,474.643333,False
Lake Malawi,SeasonalNaive,2025-11-01,2025-11-01,1,475.355556,474.586667,False
Lake Malawi,SeasonalNaive,2025-09-01,2025-11-01,3,475.355556,474.586667,False
Lake Malawi,SeasonalNaive,2025-06-01,2025-11-01,6,475.355556,474.586667,False
Lake Malawi,SeasonalNaive,2024-12-01,2025-11-01,12,475.355556,474.586667,False
Lake Malawi,SeasonalNaive,2025-12-01,2025-12-01,1,475.275625,474.6,False
Lake Malawi,SeasonalNaive,2025-10-01,2025-12-01,3,475.275625,474.6,False
Lake Malawi,SeasonalNaive,2025-07-01,2025-12-01,6,475.275625,474.6,False
Lake Malawi,SeasonalNaive,2025-01-01,2025-12-01,12,475.275625,474.6,False
Lake Malawi,ARIMA,2021-01-01,2021-01-01,1,473.949807,474.055,False
Lake Malawi,ARIMA,2021-02-01,2021-02-01,1,474.30111,474.24,False
Lake Malawi,ARIMA,2021-03-01,2021-03-01,1,474.441312,474.673333,False
Lake Malawi,ARIMA,2021-01-01,2021-03-01,3,474.384566,474.673333,False
Lake Malawi,ARIMA,2021-04-01,2021-04-01,1,474.856673,474.986667,False
Lake Malawi,ARIMA,2021-02-01,2021-04-01,3,474.650942,474.986667,False
Lake Malawi,ARIMA,2021-05-01,2021-05-01,1,475.04492,474.97,False
Lake Malawi,ARIMA,2021-03-01,2021-05-01,3,474.598179,474.97,False
Lake Malawi,ARIMA,2021-06-01,2021-06-01,1,474.859439,474.8,False
Lake Malawi,ARIMA,2021-04-01,2021-06-01,3,474.788603,474.8,False
Lake Malawi,ARIMA,2021-01-01,2021-06-01,6,474.452999,474.8,False
Lake Malawi,ARIMA,2021-07-01,2021-07-01,1,474.589225,474.635,False
Lake Malawi,ARIMA,2021-05-01,2021-07-01,3,474.75469,474.635,False
Lake Malawi,ARIMA,2021-02-01,2021-07-01,6,474.388232,474.635,False
Lake Malawi,ARIMA,2021-08-01,2021-08-01,1,474.405598,474.476,False
Lake Malawi,ARIMA,2021-06-01,2021-08-01,3,474.423998,474.476,False
Lake Malawi,ARIMA,2021-03-01,2021-08-01,6,474.086287,474.476,False
Lake Malawi,ARIMA,2021-09-01,2021-09-01,1,474.279283,474.346111,False
Lake Malawi,ARIMA,2021-07-01,2021-09-01,3,474.136793,474.346111,False
Lake Malawi,ARIMA,2021-04-01,2021-09-01,6,474.146582,474.346111,False
Lake Malawi,ARIMA,2021-10-01,2021-10-01,1,474.229709,474.261,False
Lake Malawi,ARIMA,2021-08-01,2021-10-01,3,474.060911,474.261,False
Lake Malawi,ARIMA,2021-05-01,2021-10-01,6,474.164446,474.261,False
Lake Malawi,ARIMA,2021-11-01,2021-11-01,1,474.251297,474.1225,False
Lake Malawi,ARIMA,2021-09-01,2021-11-01,3,474.130111,474.1225,False
Lake Malawi,ARIMA,2021-06-01,2021-11-01,6,474.058715,474.1225,False
Lake Malawi,ARIMA,2021-12-01,2021-12-01,1,474.195974,474.052273,False
Lake Malawi,ARIMA,2021-10-01,2021-12-01,3,474.313447,474.052273,False
Lake Malawi,ARIMA,2021-07-01,2021-12-01,6,474.092813,474.052273,False
Lake Malawi,ARIMA,2021-01-01,2021-12-01,12,473.755611,474.052273,False
Lake Malawi,ARIMA,2022-01-01,2022-01-01,1,474.209515,474.111,False
Lake Malawi,ARIMA,2021-11-01,2022-01-01,3,474.544356,474.111,False
Lake Malawi,ARIMA,2021-08-01,2022-01-01,6,474.342637,474.111,False
Lake Malawi,ARIMA,2021-02-01,2022-01-01,12,474.078205,474.111,False
Lake Malawi,ARIMA,2022-02-01,2022-02-01,1,474.320495,474.404286,False
Lake Malawi,ARIMA,2021-12-01,2022-02-01,3,474.619006,474.404286,False
Lake Malawi,ARIMA,2021-09-01,2022-02-01,6,474.660822,474.404286,False
Lake Malawi,ARIMA,2021-03-01,2022-02-01,12,474.230371,474.404286,False
Lake Malawi,ARIMA,2022-03-01,2022-03-01,1,474.636624,474.875714,False
Lake Malawi,ARIMA,2022-01-01,2022-03-01,3,474.657486,474.875714,False
Lake Malawi,ARIMA,2021-10-01,2022-03-01,6,474.951853,474.875714,False
Lake Malawi,ARIMA,2021-04-01,2022-03-01,12,474.737524,474.875714,False
Lake Malawi,ARIMA,2022-04-01,2022-04-01,1,475.071393,475.240556,False
Lake Malawi,ARIMA,2022-02-01,2022-04-01,3,474.676757,475.240556,False
Lake Malawi,ARIMA,2021-11-01,2022-04-01,6,475.122265,475.240556,False
Lake Malawi,ARIMA,2021-05-01,2022-04-01,12,475.037058,475.240556,False
Lake Malawi,ARIMA,2022-05-01,2022-05-01,1,475.309608,475.284545,False
Lake Malawi,ARIMA,2022-03-01,2022-05-01,3,474.80662,475.284545,False
Lake Malawi,ARIMA,2021-12-01,2022-05-01,6,474.991502,475.284545,False
Lake Malawi,ARIMA,2021-06-01,2022-05-01,12,474.958441,475.284545,False
Lake Malawi,ARIMA,2022-06-01,2022-06-01,1,475.181951,475.081818,False
Lake Malawi,ARIMA,2022-04-01,2022-06-01,3,475.001857,475.081818,False
Lake Malawi,ARIMA,2022-01-01,2022-06-01,6,474.723728,475.081818,False
Lake Malawi,ARIMA,2021-07-01,2022-06-01,12,474.778125,475.081818,False
Lake Malawi,ARIMA,2022-07-01,2022-07-01,1,474.854956,474.887,False
Lake Malawi,ARIMA,2022-05-01,2022-07-01,3,475.007747,474.887,False
Lake Malawi,ARIMA,2022-02-01,2022-07-01,6,474.414013,474.887,False
Lake Malawi,ARIMA,2021-08-01,2022-07-01,12,474.640096,474.887,False
Lake Malawi,ARIMA,2022-08-01,2022-08-01,1,474.641415,474.778,False
Lake Malawi,ARIMA,2022-06-01,2022-08-01,3,474.727123,474.778,False
Lake Malawi,ARIMA,2022-03-01,2022-08-01,6,474.272829,474.778,False
Lake Malawi,ARIMA,2021-09-01,2022-08-01,12,474.494475,474.778,False
Lake Malawi,ARIMA,2022-09-01,2022-09-01,1,474.584211,474.605556,False
Lake Malawi,ARIMA,2022-07-01,2022-09-01,3,474.378475,474.605556,False
Lake Malawi,ARIMA,2022-04-01,2022-09-01,6,474.332126,474.605556,False
Lake Malawi,ARIMA,2021-10-01,2022-09-01,12,474.367683,474.605556,False
Lake Malawi,ARIMA,2022-10-01,2022-10-01,1,474.475212,474.4875,False
Lake Malawi,ARIMA,2022-08-01,2022-10-01,3,474.279324,474.4875,False
Lake Malawi,ARIMA,2022-05-01,2022-10-01,6,474.389823,474.4875,False
Lake Malawi,ARIMA,2021-11-01,2022-10-01,12,474.27476,474.4875,False
Lake Malawi,ARIMA,2022-11-01,2022-11-01,1,474.471172,474.3585,False
Lake Malawi,ARIMA,2022-09-01,2022-11-01,3,474.429691,474.3585,False
Lake Malawi,ARIMA,2022-06-01,2022-11-01,6,474.341541,474.3585,False
Lake Malawi,ARIMA,2021-12-01,2022-11-01,12,474.091053,474.3585,False
Lake Malawi,ARIMA,2022-12-01,2022-12-01,1,474.439777,474.370556,False
Lake Malawi,ARIMA,2022-10-01,2022-12-01,3,474.561301,474.370556,False
Lake Malawi,ARIMA,2022-07-01,2022-12-01,6,474.333251,474.370556,False
Lake Malawi,ARIMA,2022-01-01,2022-12-01,12,474.007666,474.370556,False
Lake Malawi,ARIMA,2023-01-01,2023-01-01,1,474.554609,474.627273,False
Lake Malawi,ARIMA,2022-11-01,2023-01-01,3,474.778868,474.627273,False
Lake Malawi,ARIMA,2022-08-01,2023-01-01,6,474.57714,474.627273,False
Lake Malawi,ARIMA,2022-02-01,2023-01-01,12,474.076478,474.627273,False
Lake Malawi,ARIMA,2023-02-01,2023-02-01,1,474.888169,474.947778,False
Lake Malawi,ARIMA,2022-12-01,2023-02-01,3,474.886073,474.947778,False
Lake Malawi,ARIMA,2022-09-01,2023-02-01,6,474.984494,474.947778,False
Lake Malawi,ARIMA,2022-03-01,2023-02-01,12,474.422649,474.947778,False
Lake Malawi,ARIMA,2023-03-01,2023-03-01,1,475.189905,475.271875,False
Lake Malawi,ARIMA,2023-01-01,2023-03-01,3,475.027108,475.271875,False
Lake Malawi,ARIMA,2022-10-01,2023-03-01,6,475.232962,475.271875,False
Lake Malawi,ARIMA,2022-04-01,2023-03-01,12,474.948148,475.271875,False
Lake Malawi,ARIMA,2023-04-01,2023-04-01,1,475.435052,475.864,False
Lake Malawi,ARIMA,2023-02-01,2023-04-01,3,475.261355,475.864,False
Lake Malawi,ARIMA,2022-11-01,2023-04-01,6,475.388124,475.864,False
Lake Malawi,ARIMA,2022-05-01,2023-04-01,12,475.303753,475.864,False
Lake Malawi,ARIMA,2023-05-01,2023-05-01,1,475.978729,475.883,False
Lake Malawi,ARIMA,2023-03-01,2023-05-01,3,475.355922,475.883,False
Lake Malawi,ARIMA,2022-12-01,2023-05-01,6,475.277064,475.883,False
Lake Malawi,ARIMA,2022-06-01,2023-05-01,12,475.28971,475.883,False
Lake Malawi,ARIMA,2023-06-01,2023-06-01,1,475.76604,475.754,False
Lake Malawi,ARIMA,2023-04-01,2023-06-01,3,475.348581,475.754,False
Lake Malawi,ARIMA,2023-01-01,2023-06-01,6,475.090699,475.754,False
Lake Malawi,ARIMA,2022-07-01,2023-06-01,12,475.052082,475.754,False
Lake Malawi,ARIMA,2023-07-01,2023-07-01,1,475.532468,475.548889,False
Lake Malawi,ARIMA,2023-05-01,2023-07-01,3,475.666191,475.548889,False
Lake Malawi,ARIMA,2023-02-01,2023-07-01,6,474.970901,475.548889,False
Lake Malawi,ARIMA,2022-08-01,2023-07-01,12,474.886367,475.548889,False
Lake Malawi,ARIMA,2023-08-01,2023-08-01,1,475.290484,475.341875,False
Lake Malawi,ARIMA,2023-06-01,2023-08-01,3,475.285527,475.341875,False
Lake Malawi,ARIMA,2023-03-01,2023-08-01,6,474.791232,475.341875,False
Lake Malawi,ARIMA,2022-09-01,2023-08-01,12,474.813661,475.341875,False
Lake Malawi,ARIMA,2023-09-01,2023-09-01,1,475.119779,475.249091,False
Lake Malawi,ARIMA,2023-07-01,2023-09-01,3,475.036953,475.249091,False
Lake Malawi,ARIMA,2023-04-01,2023-09-01,6,474.661072,475.249091,False
Lake Malawi,ARIMA,2022-10-01,2023-09-01,12,474.618104,475.249091,False
Lake Malawi,ARIMA,2023-10-01,2023-10-01,1,475.135135,475.119,False
Lake Malawi,ARIMA,2023-08-01,2023-10-01,3,474.914202,475.119,False
Lake Malawi,ARIMA,2023-05-01,2023-10-01,6,475.021356,475.119,False
Lake Malawi,ARIMA,2022-11-01,2023-10-01,12,474.493951,475.119,False
Lake Malawi,ARIMA,2023-11-01,2023-11-01,1,475.104164,474.987778,False
Lake Malawi,ARIMA,2023-09-01,2023-11-01,3,474.962884,474.987778,False
Lake Malawi,ARIMA,2023-06-01,2023-11-01,6,474.894273,474.987778,False
Lake Malawi,ARIMA,2022-12-01,2023-11-01,12,474.330042,474.987778,False
Lake Malawi,ARIMA,2023-12-01,2023-12-01,1,475.077167,474.9865,False
Lake Malawi,ARIMA,2023-10-01,2023-12-01,3,475.238542,474.9865,False
Lake Malawi,ARIMA,2023-07-01,2023-12-01,6,474.998745,474.9865,False
Lake Malawi,ARIMA,2023-01-01,2023-12-01,12,474.347626,474.9865,False
Lake Malawi,ARIMA,2024-01-01,2024-01-01,1,475.178508,475.1375,False
Lake Malawi,ARIMA,2023-11-01,2024-01-01,3,475.433372,475.1375,False
Lake Malawi,ARIMA,2023-08-01,2024-01-01,6,475.23731,475.1375,False
Lake Malawi,ARIMA,2023-02-01,2024-01-01,12,474.645673,475.1375,False
Lake Malawi,ARIMA,2024-02-01,2024-02-01,1,475.386178,475.562222,False
Lake Malawi,ARIMA,2023-12-01,2024-02-01,3,475.548757,475.562222,False
Lake Malawi,ARIMA,2023-09-01,2024-02-01,6,475.55857,475.562222,False
Lake Malawi,ARIMA,2023-03-01,2024-02-01,12,474.971108,475.562222,False
Lake Malawi,ARIMA,2024-03-01,2024-03-01,1,475.835587,476.05,False
Lake Malawi,ARIMA,2024-01-01,2024-03-01,3,475.672876,476.05,False
Lake Malawi,ARIMA,2023-10-01,2024-03-01,6,475.942959,476.05,False
Lake Malawi,ARIMA,2023-04-01,2024-03-01,12,475.301335,476.05,False
Lake Malawi,ARIMA,2024-04-01,2024-04-01,1,476.250867,476.355,False
Lake Malawi,ARIMA,2024-02-01,2024-04-01,3,475.771578,476.355,False
Lake Malawi,ARIMA,2023-11-01,2024-04-01,6,476.067999,476.355,False
Lake Malawi,ARIMA,2023-05-01,2024-04-01,12,475.990539,476.355,False
Lake Malawi,ARIMA,2024-05-01,2024-05-01,1,476.402199,476.3605,False
Lake Malawi,ARIMA,2024-03-01,2024-05-01,3,476.009078,476.3605,False
Lake Malawi,ARIMA,2023-12-01,2024-05-01,6,475.949144,476.3605,False
Lake Malawi,ARIMA,2023-06-01,2024-05-01,12,475.882192,476.3605,False
Lake Malawi,ARIMA,2024-06-01,2024-06-01,1,476.233432,476.178,False
Lake Malawi,ARIMA,2024-04-01,2024-06-01,3,476.154527,476.178,False
Lake Malawi,ARIMA,2024-01-01,2024-06-01,6,475.72833,476.178,False
Lake Malawi,ARIMA,2023-07-01,2024-06-01,12,475.74749,476.178,False
Lake Malawi,ARIMA,2024-07-01,2024-07-01,1,475.936397,475.98,False
Lake Malawi,ARIMA,2024-05-01,2024-07-01,3,476.055558,475.98,False
Lake Malawi,ARIMA,2024-02-01,2024-07-01,6,475.462799,475.98,False
Lake Malawi,ARIMA,2023-08-01,2024-07-01,12,475.548848,475.98,False
Lake Malawi,ARIMA,2024-08-01,2024-08-01,1,475.716045,475.796364,False
Lake Malawi,ARIMA,2024-06-01,2024-08-01,3,475.732061,475.796364,False
Lake Malawi,ARIMA,2024-03-01,2024-08-01,6,475.405475,475.796364,False
Lake Malawi,ARIMA,2023-09-01,2024-08-01,12,475.353674,475.796364,False
Lake Malawi,ARIMA,2024-09-01,2024-09-01,1,475.574999,475.616111,False
Lake Malawi,ARIMA,2024-07-01,2024-09-01,3,475.42326,475.616111,False
Lake Malawi,ARIMA,2024-04-01,2024-09-01,6,475.41862,475.616111,False
Lake Malawi,ARIMA,2023-10-01,2024-09-01,12,475.286654,475.616111,False
Lake Malawi,ARIMA,2024-10-01,2024-10-01,1,475.482725,475.476,False
Lake Malawi,ARIMA,2024-08-01,2024-10-01,3,475.332919,475.476,False
Lake Malawi,ARIMA,2024-05-01,2024-10-01,6,475.395126,475.476,False
Lake Malawi,ARIMA,2023-11-01,2024-10-01,12,475.123069,475.476,False
Lake Malawi,ARIMA,2024-11-01,2024-11-01,1,475.463633,475.355556,False
Lake Malawi,ARIMA,2024-09-01,2024-11-01,3,475.420664,475.355556,False
Lake Malawi,ARIMA,2024-06-01,2024-11-01,6,475.335086,475.355556,False
Lake Malawi,ARIMA,2023-12-01,2024-11-01,12,474.957876,475.355556,False
Lake Malawi,ARIMA,2024-12-01,2024-12-01,1,475.455447,475.275625,False
Lake Malawi,ARIMA,2024-10-01,2024-12-01,3,475.595006,475.275625,False
Lake Malawi,ARIMA,2024-07-01,2024-12-01,6,475.396721,475.275625,False
Lake Malawi,ARIMA,2024-01-01,2024-12-01,12,474.957393,475.275625,False
Lake Malawi,ARIMA,2025-01-01,2025-01-01,1,475.460208,474.94,False
Lake Malawi,ARIMA,2024-11-01,2025-01-01,3,475.812909,474.94,False
Lake Malawi,ARIMA,2024-08-01,2025-01-01,6,475.677131,474.94,False
Lake Malawi,ARIMA,2024-02-01,2025-01-01,12,475.122807,474.94,False
Lake Malawi,ARIMA,2025-02-01,2025-02-01,1,475.094108,475.09,False
Lake Malawi,ARIMA,2024-12-01,2025-02-01,3,475.949232,475.09,False
Lake Malawi,ARIMA,2024-09-01,2025-02-01,6,476.041469,475.09,False
Lake Malawi,ARIMA,2024-03-01,2025-02-01,12,475.611043,475.09,False
Lake Malawi,ARIMA,2025-03-01,2025-03-01,1,475.318894,475.191667,False
Lake Malawi,ARIMA,2025-01-01,2025-03-01,3,475.970857,475.191667,False
Lake Malawi,ARIMA,2024-10-01,2025-03-01,6,476.329206,475.191667,False
Lake Malawi,ARIMA,2024-04-01,2025-03-01,12,476.122286,475.191667,False
Lake Malawi,ARIMA,2025-04-01,2025-04-01,1,475.325747,475.416667,False
Lake Malawi,ARIMA,2025-02-01,2025-04-01,3,475.48529,475.416667,False
Lake Malawi,ARIMA,2024-11-01,2025-04-01,6,476.466924,475.416667,False
Lake Malawi,ARIMA,2024-05-01,2025-04-01,12,476.399801,475.416667,False
Lake Malawi,ARIMA,2025-05-01,2025-05-01,1,475.463939,475.556667,False
Lake Malawi,ARIMA,2025-03-01,2025-05-01,3,475.511796,475.556667,False
Lake Malawi,ARIMA,2024-12-01,2025-05-01,6,476.353404,475.556667,False
Lake Malawi,ARIMA,2024-06-01,2025-05-01,12,476.356682,475.556667,False
Lake Malawi,ARIMA,2025-06-01,2025-06-01,1,475.470665,475.413333,False
Lake Malawi,ARIMA,2025-04-01,2025-06-01,3,475.245047,475.413333,False
Lake Malawi,ARIMA,2025-01-01,2025-06-01,6,476.019261,475.413333,False
Lake Malawi,ARIMA,2024-07-01,2025-06-01,12,476.15852,475.413333,False
Lake Malawi,ARIMA,2025-07-01,2025-07-01,1,475.181607,475.209167,False
Lake Malawi,ARIMA,2025-05-01,2025-07-01,3,475.135887,475.209167,False
Lake Malawi,ARIMA,2025-02-01,2025-07-01,6,475.181921,475.209167,False
Lake Malawi,ARIMA,2024-08-01,2025-07-01,12,475.984618,475.209167,False
Lake Malawi,ARIMA,2025-08-01,2025-08-01,1,474.934728,474.936667,False
Lake Malawi,ARIMA,2025-06-01,2025-08-01,3,474.972571,474.936667,False
Lake Malawi,ARIMA,2025-03-01,2025-08-01,6,474.899604,474.936667,False
Lake Malawi,ARIMA,2024-09-01,2025-08-01,12,475.817251,474.936667,False
Lake Malawi,ARIMA,2025-09-01,2025-09-01,1,474.679293,474.816667,False
Lake Malawi,ARIMA,2025-07-01,2025-09-01,3,474.642668,474.816667,False
Lake Malawi,ARIMA,2025-04-01,2025-09-01,6,474.494525,474.816667,False
Lake Malawi,ARIMA,2024-10-01,2025-09-01,12,475.630936,474.816667,False
Lake Malawi,ARIMA,2025-10-01,2025-10-01,1,474.677087,474.643333,False
Lake Malawi,ARIMA,2025-08-01,2025-10-01,3,474.507935,474.643333,False
Lake Malawi,ARIMA,2025-05-01,2025-10-01,6,474.433657,474.643333,False
Lake Malawi,ARIMA,2024-11-01,2025-10-01,12,475.47776,474.643333,False
Lake Malawi,ARIMA,2025-11-01,2025-11-01,1,474.605937,474.586667,False
Lake Malawi,ARIMA,2025-09-01,2025-11-01,3,474.476088,474.586667,False
Lake Malawi,ARIMA,2025-06-01,2025-11-01,6,474.508202,474.586667,False
Lake Malawi,ARIMA,2024-12-01,2025-11-01,12,475.327592,474.586667,False
Lake Malawi,ARIMA,2025-12-01,2025-12-01,1,474.689041,474.6,False
Lake Malawi,ARIMA,2025-10-01,2025-12-01,3,474.754398,474.6,False
Lake Malawi,ARIMA,2025-07-01,2025-12-01,6,474.551061,474.6,False
Lake Malawi,ARIMA,2025-01-01,2025-12-01,12,475.222064,474.6,False
Lake Malawi,SARIMA,2021-01-01,2021-01-01,1,473.969175,474.055,False
Lake Malawi,SARIMA,2021-02-01,2021-02-01,1,474.332077,474.24,False
Lake Malawi,SARIMA,2021-03-01,2021-03-01,1,474.483327,474.673333,False
Lake Malawi,SARIMA,2021-01-01,2021-03-01,3,474.486136,474.673333,False
Lake Malawi,SARIMA,2021-04-01,2021-04-01,1,474.889446,474.986667,False
Lake Malawi,SARIMA,2021-02-01,2021-04-01,3,474.777557,474.986667,False
Lake Malawi,SARIMA,2021-05-01,2021-05-01,1,475.002198,474.97,False
Lake Malawi,SARIMA,2021-03-01,2021-05-01,3,474.649085,474.97,False
Lake Malawi,SARIMA,2021-06-01,2021-06-01,1,474.797845,474.8,False
Lake Malawi,SARIMA,2021-04-01,2021-06-01,3,474.714968,474.8,False
Lake Malawi,SARIMA,2021-01-01,2021-06-01,6,474.511695,474.8,False
Lake Malawi,SARIMA,2021-07-01,2021-07-01,1,474.619779,474.635,False
Lake Malawi,SARIMA,2021-05-01,2021-07-01,3,474.657382,474.635,False
Lake Malawi,SARIMA,2021-02-01,2021-07-01,6,474.433376,474.635,False
Lake Malawi,SARIMA,2021-08-01,2021-08-01,1,474.464583,474.476,False
Lake Malawi,SARIMA,2021-06-01,2021-08-01,3,474.443729,474.476,False
Lake Malawi,SARIMA,2021-03-01,2021-08-01,6,474.154225,474.476,False
Lake Malawi,SARIMA,2021-09-01,2021-09-01,1,474.369821,474.346111,False
Lake Malawi,SARIMA,2021-07-01,2021-09-01,3,474.337204,474.346111,False
Lake Malawi,SARIMA,2021-04-01,2021-09-01,6,474.262527,474.346111,False
Lake Malawi,SARIMA,2021-10-01,2021-10-01,1,474.235537,474.261,False
Lake Malawi,SARIMA,2021-08-01,2021-10-01,3,474.249587,474.261,False
Lake Malawi,SARIMA,2021-05-01,2021-10-01,6,474.266271,474.261,False
Lake Malawi,SARIMA,2021-11-01,2021-11-01,1,474.160427,474.1225,False
Lake Malawi,SARIMA,2021-09-01,2021-11-01,3,474.159618,474.1225,False
Lake Malawi,SARIMA,2021-06-01,2021-11-01,6,474.126895,474.1225,False
Lake Malawi,SARIMA,2021-12-01,2021-12-01,1,474.100012,474.052273,False
Lake Malawi,SARIMA,2021-10-01,2021-12-01,3,474.113507,474.052273,False
Lake Malawi,SARIMA,2021-07-01,2021-12-01,6,474.109796,474.052273,False
Lake Malawi,SARIMA,2021-01-01,2021-12-01,12,473.823602,474.052273,False
Lake Malawi,SARIMA,2022-01-01,2022-01-01,1,474.226612,474.111,False
Lake Malawi,SARIMA,2021-11-01,2022-01-01,3,474.330912,474.111,False
Lake Malawi,SARIMA,2021-08-01,2022-01-01,6,474.316852,474.111,False
Lake Malawi,SARIMA,2021-02-01,2022-01-01,12,474.110676,474.111,False
Lake Malawi,SARIMA,2022-02-01,2022-02-01,1,474.343625,474.404286,False
Lake Malawi,SARIMA,2021-12-01,2022-02-01,3,474.541175,474.404286,False
Lake Malawi,SARIMA,2021-09-01,2022-02-01,6,474.580992,474.404286,False
Lake Malawi,SARIMA,2021-03-01,2022-02-01,12,474.25685,474.404286,False
Lake Malawi,SARIMA,2022-03-01,2022-03-01,1,474.677391,474.875714,False
Lake Malawi,SARIMA,2022-01-01,2022-03-01,3,474.749244,474.875714,False
Lake Malawi,SARIMA,2021-10-01,2022-03-01,6,474.817715,474.875714,False
Lake Malawi,SARIMA,2021-04-01,2022-03-01,12,474.738152,474.875714,False
Lake Malawi,SARIMA,2022-04-01,2022-04-01,1,475.135828,475.240556,False
Lake Malawi,SARIMA,2022-02-01,2022-04-01,3,474.823436,475.240556,False
Lake Malawi,SARIMA,2021-11-01,2022-04-01,6,475.050475,475.240556,False
Lake Malawi,SARIMA,2021-05-01,2022-04-01,12,475.051892,475.240556,False
Lake Malawi,SARIMA,2022-05-01,2022-05-01,1,475.232607,475.284545,False
Lake Malawi,SARIMA,2022-03-01,2022-05-01,3,474.860158,475.284545,False
Lake Malawi,SARIMA,2021-12-01,2022-05-01,6,474.978984,475.284545,False
Lake Malawi,SARIMA,2021-06-01,2022-05-01,12,474.988078,475.284545,False
Lake Malawi,SARIMA,2022-06-01,2022-06-01,1,475.137665,475.081818,False
Lake Malawi,SARIMA,2022-04-01,2022-06-01,3,474.945004,475.081818,False
Lake Malawi,SARIMA,2022-01-01,2022-06-01,6,474.783134,475.081818,False
Lake Malawi,SARIMA,2021-07-01,2022-06-01,12,474.848569,475.081818,False
Lake Malawi,SARIMA,2022-07-01,2022-07-01,1,474.887117,474.887,False
Lake Malawi,SARIMA,2022-05-01,2022-07-01,3,474.888966,474.887,False
Lake Malawi,SARIMA,2022-02-01,2022-07-01,6,474.475234,474.887,False
Lake Malawi,SARIMA,2021-08-01,2022-07-01,12,474.69127,474.887,False
Lake Malawi,SARIMA,2022-08-01,2022-08-01,1,474.710147,474.778,False
Lake Malawi,SARIMA,2022-06-01,2022-08-01,3,474.779969,474.778,False
Lake Malawi,SARIMA,2022-03-01,2022-08-01,6,474.37827,474.778,False
Lake Malawi,SARIMA,2021-09-01,2022-08-01,12,474.535518,474.778,False
Lake Malawi,SARIMA,2022-09-01,2022-09-01,1,474.686889,474.605556,False
Lake Malawi,SARIMA,2022-07-01,2022-09-01,3,474.606051,474.605556,False
Lake Malawi,SARIMA,2022-04-01,2022-09-01,6,474.491039,474.605556,False
Lake Malawi,SARIMA,2021-10-01,2022-09-01,12,474.394999,474.605556,False
Lake Malawi,SARIMA,2022-10-01,2022-10-01,1,474.490964,474.4875,False
Lake Malawi,SARIMA,2022-08-01,2022-10-01,3,474.503367,474.4875,False
Lake Malawi,SARIMA,2022-05-01,2022-10-01,6,474.509373,474.4875,False
Lake Malawi,SARIMA,2021-11-01,2022-10-01,12,474.323374,474.4875,False
Lake Malawi,SARIMA,2022-11-01,2022-11-01,1,474.369986,474.3585,False
Lake Malawi,SARIMA,2022-09-01,2022-11-01,3,474.475596,474.3585,False
Lake Malawi,SARIMA,2022-06-01,2022-11-01,6,474.462559,474.3585,False
Lake Malawi,SARIMA,2021-12-01,2022-11-01,12,474.17398,474.3585,False
Lake Malawi,SARIMA,2022-12-01,2022-12-01,1,474.344039,474.370556,False
Lake Malawi,SARIMA,2022-10-01,2022-12-01,3,474.362069,474.370556,False
Lake Malawi,SARIMA,2022-07-01,2022-12-01,6,474.375164,474.370556,False
Lake Malawi,SARIMA,2022-01-01,2022-12-01,12,474.097027,474.370556,False
Lake Malawi,SARIMA,2023-01-01,2023-01-01,1,474.548886,474.627273,False
Lake Malawi,SARIMA,2022-11-01,2023-01-01,3,474.531569,474.627273,False
Lake Malawi,SARIMA,2022-08-01,2023-01-01,6,474.552755,474.627273,False
Lake Malawi,SARIMA,2022-02-01,2023-01-01,12,474.141422,474.627273,False
Lake Malawi,SARIMA,2023-02-01,2023-02-01,1,474.900891,474.947778,False
Lake Malawi,SARIMA,2022-12-01,2023-02-01,3,474.774249,474.947778,False
Lake Malawi,SARIMA,2022-09-01,2023-02-01,6,474.882546,474.947778,False
Lake Malawi,SARIMA,2022-03-01,2023-02-01,12,474.463493,474.947778,False
Lake Malawi,SARIMA,2023-03-01,2023-03-01,1,475.232519,475.271875,False
Lake Malawi,SARIMA,2023-01-01,2023-03-01,3,475.078752,475.271875,False
Lake Malawi,SARIMA,2022-10-01,2023-03-01,6,475.066177,475.271875,False
Lake Malawi,SARIMA,2022-04-01,2023-03-01,12,474.967672,475.271875,False
Lake Malawi,SARIMA,2023-04-01,2023-04-01,1,475.488875,475.864,False
Lake Malawi,SARIMA,2023-02-01,2023-04-01,3,475.3834,475.864,False
Lake Malawi,SARIMA,2022-11-01,2023-04-01,6,475.27803,475.864,False
Lake Malawi,SARIMA,2022-05-01,2023-04-01,12,475.301391,475.864,False
Lake Malawi,SARIMA,2023-05-01,2023-05-01,1,475.911756,475.883,False
Lake Malawi,SARIMA,2023-03-01,2023-05-01,3,475.414932,475.883,False
Lake Malawi,SARIMA,2022-12-01,2023-05-01,6,475.242398,475.883,False
Lake Malawi,SARIMA,2022-06-01,2023-05-01,12,475.339414,475.883,False
Lake Malawi,SARIMA,2023-06-01,2023-06-01,1,475.748568,475.754,False
Lake Malawi,SARIMA,2023-04-01,2023-06-01,3,475.314833,475.754,False
Lake Malawi,SARIMA,2023-01-01,2023-06-01,6,475.128658,475.754,False
Lake Malawi,SARIMA,2022-07-01,2023-06-01,12,475.130193,475.754,False
Lake Malawi,SARIMA,2023-07-01,2023-07-01,1,475.531814,475.548889,False
Lake Malawi,SARIMA,2023-05-01,2023-07-01,3,475.561211,475.548889,False
Lake Malawi,SARIMA,2023-02-01,2023-07-01,6,475.04318,475.548889,False
Lake Malawi,SARIMA,2022-08-01,2023-07-01,12,474.955588,475.548889,False
Lake Malawi,SARIMA,2023-08-01,2023-08-01,1,475.405482,475.341875,False
Lake Malawi,SARIMA,2023-06-01,2023-08-01,3,475.378325,475.341875,False
Lake Malawi,SARIMA,2023-03-01,2023-08-01,6,474.934515,475.341875,False
Lake Malawi,SARIMA,2022-09-01,2023-08-01,12,474.870817,475.341875,False
Lake Malawi,SARIMA,2023-09-01,2023-09-01,1,475.202507,475.249091,False
Lake Malawi,SARIMA,2023-07-01,2023-09-01,3,475.257117,475.249091,False
Lake Malawi,SARIMA,2023-04-01,2023-09-01,6,474.862315,475.249091,False
Lake Malawi,SARIMA,2022-10-01,2023-09-01,12,474.660724,475.249091,False
Lake Malawi,SARIMA,2023-10-01,2023-10-01,1,475.162228,475.119,False
Lake Malawi,SARIMA,2023-08-01,2023-10-01,3,475.185995,475.119,False
Lake Malawi,SARIMA,2023-05-01,2023-10-01,6,475.192961,475.119,False
Lake Malawi,SARIMA,2022-11-01,2023-10-01,12,474.555865,475.119,False
Lake Malawi,SARIMA,2023-11-01,2023-11-01,1,475.008284,474.987778,False
Lake Malawi,SARIMA,2023-09-01,2023-11-01,3,475.001754,474.987778,False
Lake Malawi,SARIMA,2023-06-01,2023-11-01,6,475.04721,474.987778,False
Lake Malawi,SARIMA,2022-12-01,2023-11-01,12,474.435833,474.987778,False
Lake Malawi,SARIMA,2023-12-01,2023-12-01,1,474.958186,474.9865,False
Lake Malawi,SARIMA,2023-10-01,2023-12-01,3,475.036597,474.9865,False
Lake Malawi,SARIMA,2023-07-01,2023-12-01,6,475.03845,474.9865,False
Lake Malawi,SARIMA,2023-01-01,2023-12-01,12,474.446764,474.9865,False
Lake Malawi,SARIMA,2024-01-01,2024-01-01,1,475.177681,475.1375,False
Lake Malawi,SARIMA,2023-11-01,2024-01-01,3,475.169475,475.1375,False
Lake Malawi,SARIMA,2023-08-01,2024-01-01,6,475.235783,475.1375,False
Lake Malawi,SARIMA,2023-02-01,2024-01-01,12,474.717423,475.1375,False
Lake Malawi,SARIMA,2024-02-01,2024-02-01,1,475.387155,475.562222,False
Lake Malawi,SARIMA,2023-12-01,2024-02-01,3,475.399783,475.562222,False
Lake Malawi,SARIMA,2023-09-01,2024-02-01,6,475.420116,475.562222,False
Lake Malawi,SARIMA,2023-03-01,2024-02-01,12,475.026356,475.562222,False
Lake Malawi,SARIMA,2024-03-01,2024-03-01,1,475.870246,476.05,False
Lake Malawi,SARIMA,2024-01-01,2024-03-01,3,475.711435,476.05,False
Lake Malawi,SARIMA,2023-10-01,2024-03-01,6,475.751943,476.05,False
Lake Malawi,SARIMA,2023-04-01,2024-03-01,12,475.349979,476.05,False
Lake Malawi,SARIMA,2024-04-01,2024-04-01,1,476.341651,476.355,False
Lake Malawi,SARIMA,2024-02-01,2024-04-01,3,475.908673,476.355,False
Lake Malawi,SARIMA,2023-11-01,2024-04-01,6,475.944133,476.355,False
Lake Malawi,SARIMA,2023-05-01,2024-04-01,12,476.021112,476.355,False
Lake Malawi,SARIMA,2024-05-01,2024-05-01,1,476.325479,476.3605,False
Lake Malawi,SARIMA,2024-03-01,2024-05-01,3,476.085262,476.3605,False
Lake Malawi,SARIMA,2023-12-01,2024-05-01,6,475.903655,476.3605,False
Lake Malawi,SARIMA,2023-06-01,2024-05-01,12,475.969616,476.3605,False
Lake Malawi,SARIMA,2024-06-01,2024-06-01,1,476.209376,476.178,False
Lake Malawi,SARIMA,2024-04-01,2024-06-01,3,476.150923,476.178,False
Lake Malawi,SARIMA,2024-01-01,2024-06-01,6,475.793347,476.178,False
Lake Malawi,SARIMA,2023-07-01,2024-06-01,12,475.833897,476.178,False
Lake Malawi,SARIMA,2024-07-01,2024-07-01,1,475.996509,475.98,False
Lake Malawi,SARIMA,2024-05-01,2024-07-01,3,475.99026,475.98,False
Lake Malawi,SARIMA,2024-02-01,2024-07-01,6,475.571566,475.98,False
Lake Malawi,SARIMA,2023-08-01,2024-07-01,12,475.677635,475.98,False
Lake Malawi,SARIMA,2024-08-01,2024-08-01,1,475.807694,475.796364,False
Lake Malawi,SARIMA,2024-06-01,2024-08-01,3,475.866547,475.796364,False
Lake Malawi,SARIMA,2024-03-01,2024-08-01,6,475.609843,475.796364,False
Lake Malawi,SARIMA,2023-09-01,2024-08-01,12,475.441029,475.796364,False
Lake Malawi,SARIMA,2024-09-01,2024-09-01,1,475.685647,475.616111,False
Lake Malawi,SARIMA,2024-07-01,2024-09-01,3,475.719768,475.616111,False
Lake Malawi,SARIMA,2024-04-01,2024-09-01,6,475.699581,475.616111,False
Lake Malawi,SARIMA,2023-10-01,2024-09-01,12,475.380274,475.616111,False
Lake Malawi,SARIMA,2024-10-01,2024-10-01,1,475.49966,475.476,False
Lake Malawi,SARIMA,2024-08-01,2024-10-01,3,475.596784,475.476,False
Lake Malawi,SARIMA,2024-05-01,2024-10-01,6,475.612001,475.476,False
Lake Malawi,SARIMA,2023-11-01,2024-10-01,12,475.228381,475.476,False
Lake Malawi,SARIMA,2024-11-01,2024-11-01,1,475.362735,475.355556,False
Lake Malawi,SARIMA,2024-09-01,2024-11-01,3,475.477732,475.355556,False
Lake Malawi,SARIMA,2024-06-01,2024-11-01,6,475.5447,475.355556,False
Lake Malawi,SARIMA,2023-12-01,2024-11-01,12,475.097438,475.355556,False
Lake Malawi,SARIMA,2024-12-01,2024-12-01,1,475.342433,475.275625,False
Lake Malawi,SARIMA,2024-10-01,2024-12-01,3,475.380522,475.275625,False
Lake Malawi,SARIMA,2024-07-01,2024-12-01,6,475.489978,475.275625,False
Lake Malawi,SARIMA,2024-01-01,2024-12-01,12,475.111893,475.275625,False
Lake Malawi,SARIMA,2025-01-01,2025-01-01,1,475.440953,474.94,False
Lake Malawi,SARIMA,2024-11-01,2025-01-01,3,475.529648,474.94,False
Lake Malawi,SARIMA,2024-08-01,2025-01-01,6,475.648908,474.94,False
Lake Malawi,SARIMA,2024-02-01,2025-01-01,12,475.242902,474.94,False
Lake Malawi,SARIMA,2025-02-01,2025-02-01,1,475.107088,475.09,False
Lake Malawi,SARIMA,2024-12-01,2025-02-01,3,475.788343,475.09,False
Lake Malawi,SARIMA,2024-09-01,2025-02-01,6,475.9018,475.09,False
Lake Malawi,SARIMA,2024-03-01,2025-02-01,12,475.709511,475.09,False
Lake Malawi,SARIMA,2025-03-01,2025-03-01,1,475.359708,475.191667,False
Lake Malawi,SARIMA,2025-01-01,2025-03-01,3,476.005159,475.191667,False
Lake Malawi,SARIMA,2024-10-01,2025-03-01,6,476.114829,475.191667,False
Lake Malawi,SARIMA,2024-04-01,2025-03-01,12,476.207155,475.191667,False
Lake Malawi,SARIMA,2025-04-01,2025-04-01,1,475.465531,475.416667,False
Lake Malawi,SARIMA,2025-02-01,2025-04-01,3,475.687412,475.416667,False
Lake Malawi,SARIMA,2024-11-01,2025-04-01,6,476.333274,475.416667,False
Lake Malawi,SARIMA,2024-05-01,2025-04-01,12,476.467268,475.416667,False
Lake Malawi,SARIMA,2025-05-01,2025-05-01,1,475.370251,475.556667,False
Lake Malawi,SARIMA,2025-03-01,2025-05-01,3,475.638243,475.556667,False
Lake Malawi,SARIMA,2024-12-01,2025-05-01,6,476.309074,475.556667,False
Lake Malawi,SARIMA,2024-06-01,2025-05-01,12,476.491531,475.556667,False
Lake Malawi,SARIMA,2025-06-01,2025-06-01,1,475.478465,475.413333,False
Lake Malawi,SARIMA,2025-04-01,2025-06-01,3,475.316944,475.413333,False
Lake Malawi,SARIMA,2025-01-01,2025-06-01,6,476.088068,475.413333,False
Lake Malawi,SARIMA,2024-07-01,2025-06-01,12,476.311258,475.413333,False
Lake Malawi,SARIMA,2025-07-01,2025-07-01,1,475.224042,475.209167,False
Lake Malawi,SARIMA,2025-05-01,2025-07-01,3,475.06918,475.209167,False
Lake Malawi,SARIMA,2025-02-01,2025-07-01,6,475.336514,475.209167,False
Lake Malawi,SARIMA,2024-08-01,2025-07-01,12,476.11714,475.209167,False
Lake Malawi,SARIMA,2025-08-01,2025-08-01,1,475.024738,474.936667,False
Lake Malawi,SARIMA,2025-06-01,2025-08-01,3,475.123759,474.936667,False
Lake Malawi,SARIMA,2025-03-01,2025-08-01,6,475.160236,474.936667,False
Lake Malawi,SARIMA,2024-09-01,2025-08-01,12,475.940041,474.936667,False
Lake Malawi,SARIMA,2025-09-01,2025-09-01,1,474.806719,474.816667,False
Lake Malawi,SARIMA,2025-07-01,2025-09-01,3,474.930394,474.816667,False
Lake Malawi,SARIMA,2025-04-01,2025-09-01,6,474.843709,474.816667,False
Lake Malawi,SARIMA,2024-10-01,2025-09-01,12,475.742526,474.816667,False
Lake Malawi,SARIMA,2025-10-01,2025-10-01,1,474.709538,474.643333,False
Lake Malawi,SARIMA,2025-08-01,2025-10-01,3,474.807554,474.643333,False
Lake Malawi,SARIMA,2025-05-01,2025-10-01,6,474.689553,474.643333,False
Lake Malawi,SARIMA,2024-11-01,2025-10-01,12,475.611182,474.643333,False
Lake Malawi,SARIMA,2025-11-01,2025-11-01,1,474.537428,474.586667,False
Lake Malawi,SARIMA,2025-09-01,2025-11-01,3,474.604031,474.586667,False
Lake Malawi,SARIMA,2025-06-01,2025-11-01,6,474.792999,474.586667,False
Lake Malawi,SARIMA,2024-12-01,2025-11-01,12,475.495376,474.586667,False
Lake Malawi,SARIMA,2025-12-01,2025-12-01,1,474.564275,474.6,False
Lake Malawi,SARIMA,2025-10-01,2025-12-01,3,474.588113,474.6,False
Lake Malawi,SARIMA,2025-07-01,2025-12-01,6,474.695067,474.6,False
Lake Malawi,SARIMA,2025-01-01,2025-12-01,12,475.3964,474.6,False
Lake Tanganyika,RandomWalk,2021-01-01,2021-01-01,1,770.335,770.54,False
Lake Tanganyika,RandomWalk,2021-02-01,2021-02-01,1,770.54,770.723,False
Lake Tanganyika,RandomWalk,2021-03-01,2021-03-01,1,770.723,770.84375,False
Lake Tanganyika,RandomWalk,2021-01-01,2021-03-01,3,770.335,770.84375,False
Lake Tanganyika,RandomWalk,2021-04-01,2021-04-01,1,770.84375,771.038889,False
Lake Tanganyika,RandomWalk,2021-02-01,2021-04-01,3,770.54,771.038889,False
Lake Tanganyika,RandomWalk,2021-05-01,2021-05-01,1,771.038889,771.154286,False
Lake Tanganyika,RandomWalk,2021-03-01,2021-05-01,3,770.723,771.154286,False
Lake Tanganyika,RandomWalk,2021-06-01,2021-06-01,1,771.154286,771.061667,False
Lake Tanganyika,RandomWalk,2021-04-01,2021-06-01,3,770.84375,771.061667,False
Lake Tanganyika,RandomWalk,2021-01-01,2021-06-01,6,770.335,771.061667,False
Lake Tanganyika,RandomWalk,2021-07-01,2021-07-01,1,771.061667,770.8875,False
Lake Tanganyika,RandomWalk,2021-05-01,2021-07-01,3,771.038889,770.8875,False
Lake Tanganyika,RandomWalk,2021-02-01,2021-07-01,6,770.54,770.8875,False
Lake Tanganyika,RandomWalk,2021-08-01,2021-08-01,1,770.8875,770.681429,False
Lake Tanganyika,RandomWalk,2021-06-01,2021-08-01,3,771.154286,770.681429,False
Lake Tanganyika,RandomWalk,2021-03-01,2021-08-01,6,770.723,770.681429,False
Lake Tanganyika,RandomWalk,2021-09-01,2021-09-01,1,770.681429,770.578571,False
Lake Tanganyika,RandomWalk,2021-07-01,2021-09-01,3,771.061667,770.578571,False
Lake Tanganyika,RandomWalk,2021-04-01,2021-09-01,6,770.84375,770.578571,False
Lake Tanganyika,RandomWalk,2021-10-01,2021-10-01,1,770.578571,770.475238,False
Lake Tanganyika,RandomWalk,2021-08-01,2021-10-01,3,770.8875,770.475238,False
Lake Tanganyika,RandomWalk,2021-05-01,2021-10-01,6,771.038889,770.475238,False
Lake Tanganyika,RandomWalk,2021-11-01,2021-11-01,1,770.475238,770.458333,False
Lake Tanganyika,RandomWalk,2021-09-01,2021-11-01,3,770.681429,770.458333,False
Lake Tanganyika,RandomWalk,2021-06-01,2021-11-01,6,771.154286,770.458333,False
Lake Tanganyika,RandomWalk,2021-12-01,2021-12-01,1,770.458333,770.555714,False
Lake Tanganyika,RandomWalk,2021-10-01,2021-12-01,3,770.578571,770.555714,False
Lake Tanganyika,RandomWalk,2021-07-01,2021-12-01,6,771.061667,770.555714,False
Lake Tanganyika,RandomWalk,2021-01-01,2021-12-01,12,770.335,770.555714,False
Lake Tanganyika,RandomWalk,2022-01-01,2022-01-01,1,770.555714,770.64,False
Lake Tanganyika,RandomWalk,2021-11-01,2022-01-01,3,770.475238,770.64,False
Lake Tanganyika,RandomWalk,2021-08-01,2022-01-01,6,770.8875,770.64,False
Lake Tanganyika,RandomWalk,2021-02-01,2022-01-01,12,770.54,770.64,False
Lake Tanganyika,RandomWalk,2022-02-01,2022-02-01,1,770.64,770.72,False
Lake Tanganyika,RandomWalk,2021-12-01,2022-02-01,3,770.458333,770.72,False
Lake Tanganyika,RandomWalk,2021-09-01,2022-02-01,6,770.681429,770.72,False
Lake Tanganyika,RandomWalk,2021-03-01,2022-02-01,12,770.723,770.72,False
Lake Tanganyika,RandomWalk,2022-03-01,2022-03-01,1,770.72,770.776667,False
Lake Tanganyika,RandomWalk,2022-01-01,2022-03-01,3,770.555714,770.776667,False
Lake Tanganyika,RandomWalk,2021-10-01,2022-03-01,6,770.578571,770.776667,False
Lake Tanganyika,RandomWalk,2021-04-01,2022-03-01,12,770.84375,770.776667,False
Lake Tanganyika,RandomWalk,2022-04-01,2022-04-01,1,770.776667,770.896429,False
Lake Tanganyika,RandomWalk,2022-02-01,2022-04-01,3,770.64,770.896429,False
Lake Tanganyika,RandomWalk,2021-11-01,2022-04-01,6,770.475238,770.896429,False
Lake Tanganyika,RandomWalk,2021-05-01,2022-04-01,12,771.038889,770.896429,False
Lake Tanganyika,RandomWalk,2022-05-01,2022-05-01,1,770.896429,770.943333,False
Lake Tanganyika,RandomWalk,2022-03-01,2022-05-01,3,770.72,770.943333,False
Lake Tanganyika,RandomWalk,2021-12-01,2022-05-01,6,770.458333,770.943333,False
Lake Tanganyika,RandomWalk,2021-06-01,2022-05-01,12,771.154286,770.943333,False
Lake Tanganyika,RandomWalk,2022-06-01,2022-06-01,1,770.943333,770.76,False
Lake Tanganyika,RandomWalk,2022-04-01,2022-06-01,3,770.776667,770.76,False
Lake Tanganyika,RandomWalk,2022-01-01,2022-06-01,6,770.555714,770.76,False
Lake Tanganyika,RandomWalk,2021-07-01,2022-06-01,12,771.061667,770.76,False
Lake Tanganyika,RandomWalk,2022-07-01,2022-07-01,1,770.76,770.613,False
Lake Tanganyika,RandomWalk,2022-05-01,2022-07-01,3,770.896429,770.613,False
Lake Tanganyika,RandomWalk,2022-02-01,2022-07-01,6,770.64,770.613,False
Lake Tanganyika,RandomWalk,2021-08-01,2022-07-01,12,770.8875,770.613,False
Lake Tanganyika,RandomWalk,2022-08-01,2022-08-01,1,770.613,770.4155,False
Lake Tanganyika,RandomWalk,2022-06-01,2022-08-01,3,770.943333,770.4155,False
Lake Tanganyika,RandomWalk,2022-03-01,2022-08-01,6,770.72,770.4155,False
Lake Tanganyika,RandomWalk,2021-09-01,2022-08-01,12,770.681429,770.4155,False
Lake Tanganyika,RandomWalk,2022-09-01,2022-09-01,1,770.4155,770.265833,False
Lake Tanganyika,RandomWalk,2022-07-01,2022-09-01,3,770.76,770.265833,False
Lake Tanganyika,RandomWalk,2022-04-01,2022-09-01,6,770.776667,770.265833,False
Lake Tanganyika,RandomWalk,2021-10-01,2022-09-01,12,770.578571,770.265833,False
Lake Tanganyika,RandomWalk,2022-10-01,2022-10-01,1,770.265833,770.113333,False
Lake Tanganyika,RandomWalk,2022-08-01,2022-10-01,3,770.613,770.113333,False
Lake Tanganyika,RandomWalk,2022-05-01,2022-10-01,6,770.896429,770.113333,False
Lake Tanganyika,RandomWalk,2021-11-01,2022-10-01,12,770.475238,770.113333,False
Lake Tanganyika,RandomWalk,2022-11-01,2022-11-01,1,770.113333,770.168,False
Lake Tanganyika,RandomWalk,2022-09-01,2022-11-01,3,770.4155,770.168,False
Lake Tanganyika,RandomWalk,2022-06-01,2022-11-01,6,770.943333,770.168,False
Lake Tanganyika,RandomWalk,2021-12-01,2022-11-01,12,770.458333,770.168,False
Lake Tanganyika,RandomWalk,2022-12-01,2022-12-01,1,770.168,770.281429,False
Lake Tanganyika,RandomWalk,2022-10-01,2022-12-01,3,770.265833,770.281429,False
Lake Tanganyika,RandomWalk,2022-07-01,2022-12-01,6,770.76,770.281429,False
Lake Tanganyika,RandomWalk,2022-01-01,2022-12-01,12,770.555714,770.281429,False
Lake Tanganyika,RandomWalk,2023-01-01,2023-01-01,1,770.281429,770.45,False
Lake Tanganyika,RandomWalk,2022-11-01,2023-01-01,3,770.113333,770.45,False
Lake Tanganyika,RandomWalk,2022-08-01,2023-01-01,6,770.613,770.45,False
Lake Tanganyika,RandomWalk,2022-02-01,2023-01-01,12,770.64,770.45,False
Lake Tanganyika,RandomWalk,2023-02-01,2023-02-01,1,770.45,770.546875,False
Lake Tanganyika,RandomWalk,2022-12-01,2023-02-01,3,770.168,770.546875,False
Lake Tanganyika,RandomWalk,2022-09-01,2023-02-01,6,770.4155,770.546875,False
Lake Tanganyika,RandomWalk,2022-03-01,2023-02-01,12,770.72,770.546875,False
Lake Tanganyika,RandomWalk,2023-03-01,2023-03-01,1,770.546875,770.626667,False
Lake Tanganyika,RandomWalk,2023-01-01,2023-03-01,3,770.281429,770.626667,False
Lake Tanganyika,RandomWalk,2022-10-01,2023-03-01,6,770.265833,770.626667,False
Lake Tanganyika,RandomWalk,2022-04-01,2023-03-01,12,770.776667,770.626667,False
Lake Tanganyika,RandomWalk,2023-04-01,2023-04-01,1,770.626667,770.92,False
Lake Tanganyika,RandomWalk,2023-02-01,2023-04-01,3,770.45,770.92,False
Lake Tanganyika,RandomWalk,2022-11-01,2023-04-01,6,770.113333,770.92,False
Lake Tanganyika,RandomWalk,2022-05-01,2023-04-01,12,770.896429,770.92,False
Lake Tanganyika,RandomWalk,2023-05-01,2023-05-01,1,770.92,771.064286,False
Lake Tanganyika,RandomWalk,2023-03-01,2023-05-01,3,770.546875,771.064286,False
Lake Tanganyika,RandomWalk,2022-12-01,2023-05-01,6,770.168,771.064286,False
Lake Tanganyika,RandomWalk,2022-06-01,2023-05-01,12,770.943333,771.064286,False
Lake Tanganyika,RandomWalk,2023-06-01,2023-06-01,1,771.064286,770.932222,False
Lake Tanganyika,RandomWalk,2023-04-01,2023-06-01,3,770.626667,770.932222,False
Lake Tanganyika,RandomWalk,2023-01-01,2023-06-01,6,770.281429,770.932222,False
Lake Tanganyika,RandomWalk,2022-07-01,2023-06-01,12,770.76,770.932222,False
Lake Tanganyika,RandomWalk,2023-07-01,2023-07-01,1,770.932222,770.73,False
Lake Tanganyika,RandomWalk,2023-05-01,2023-07-01,3,770.92,770.73,False
Lake Tanganyika,RandomWalk,2023-02-01,2023-07-01,6,770.45,770.73,False
Lake Tanganyika,RandomWalk,2022-08-01,2023-07-01,12,770.613,770.73,False
Lake Tanganyika,RandomWalk,2023-08-01,2023-08-01,1,770.73,770.558611,False
Lake Tanganyika,RandomWalk,2023-06-01,2023-08-01,3,771.064286,770.558611,False
Lake Tanganyika,RandomWalk,2023-03-01,2023-08-01,6,770.546875,770.558611,False
Lake Tanganyika,RandomWalk,2022-09-01,2023-08-01,12,770.4155,770.558611,False
Lake Tanganyika,RandomWalk,2023-09-01,2023-09-01,1,770.558611,770.464286,False
Lake Tanganyika,RandomWalk,2023-07-01,2023-09-01,3,770.932222,770.464286,False
Lake Tanganyika,RandomWalk,2023-04-01,2023-09-01,6,770.626667,770.464286,False
Lake Tanganyika,RandomWalk,2022-10-01,2023-09-01,12,770.265833,770.464286,False
Lake Tanganyika,RandomWalk,2023-10-01,2023-10-01,1,770.464286,770.358,False
Lake Tanganyika,RandomWalk,2023-08-01,2023-10-01,3,770.73,770.358,False
Lake Tanganyika,RandomWalk,2023-05-01,2023-10-01,6,770.92,770.358,False
Lake Tanganyika,RandomWalk,2022-11-01,2023-10-01,12,770.113333,770.358,False
Lake Tanganyika,RandomWalk,2023-11-01,2023-11-01,1,770.358,770.406,False
Lake Tanganyika,RandomWalk,2023-09-01,2023-11-01,3,770.558611,770.406,False
Lake Tanganyika,RandomWalk,2023-06-01,2023-11-01,6,771.064286,770.406,False
Lake Tanganyika,RandomWalk,2022-12-01,2023-11-01,12,770.168,770.406,False
Lake Tanganyika,RandomWalk,2023-12-01,2023-12-01,1,770.406,770.700556,False
Lake Tanganyika,RandomWalk,2023-10-01,2023-12-01,3,770.464286,770.700556,False
Lake Tanganyika,RandomWalk,2023-07-01,2023-12-01,6,770.932222,770.700556,False
Lake Tanganyika,RandomWalk,2023-01-01,2023-12-01,12,770.281429,770.700556,False
Lake Tanganyika,RandomWalk,2024-01-01,2024-01-01,1,770.700556,770.995833,False
Lake Tanganyika,RandomWalk,2023-11-01,2024-01-01,3,770.358,770.995833,False
Lake Tanganyika,RandomWalk,2023-08-01,2024-01-01,6,770.73,770.995833,False
Lake Tanganyika,RandomWalk,2023-02-01,2024-01-01,12,770.45,770.995833,False
Lake Tanganyika,RandomWalk,2024-02-01,2024-02-01,1,770.995833,771.176429,False
Lake Tanganyika,RandomWalk,2023-12-01,2024-02-01,3,770.406,771.176429,False
Lake Tanganyika,RandomWalk,2023-09-01,2024-02-01,6,770.558611,771.176429,False
Lake Tanganyika,RandomWalk,2023-03-01,2024-02-01,12,770.546875,771.176429,False
Lake Tanganyika,RandomWalk,2024-03-01,2024-03-01,1,771.176429,771.353125,False
Lake Tanganyika,RandomWalk,2024-01-01,2024-03-01,3,770.700556,771.353125,False
Lake Tanganyika,RandomWalk,2023-10-01,2024-03-01,6,770.464286,771.353125,False
Lake Tanganyika,RandomWalk,2023-04-01,2024-03-01,12,770.626667,771.353125,False
Lake Tanganyika,RandomWalk,2024-04-01,2024-04-01,1,771.353125,771.727857,False
Lake Tanganyika,RandomWalk,2024-02-01,2024-04-01,3,770.995833,771.727857,False
Lake Tanganyika,RandomWalk,2023-11-01,2024-04-01,6,770.358,771.727857,False
Lake Tanganyika,RandomWalk,2023-05-01,2024-04-01,12,770.92,771.727857,False
Lake Tanganyika,RandomWalk,2024-05-01,2024-05-01,1,771.727857,771.878571,False
Lake Tanganyika,RandomWalk,2024-03-01,2024-05-01,3,771.176429,771.878571,False
Lake Tanganyika,RandomWalk,2023-12-01,2024-05-01,6,770.406,771.878571,False
Lake Tanganyika,RandomWalk,2023-06-01,2024-05-01,12,771.064286,771.878571,False
Lake Tanganyika,RandomWalk,2024-06-01,2024-06-01,1,771.878571,771.79375,False
Lake Tanganyika,RandomWalk,2024-04-01,2024-06-01,3,771.353125,771.79375,False
Lake Tanganyika,RandomWalk,2024-01-01,2024-06-01,6,770.700556,771.79375,False
Lake Tanganyika,RandomWalk,2023-07-01,2024-06-01,12,770.932222,771.79375,False
Lake Tanganyika,RandomWalk,2024-07-01,2024-07-01,1,771.79375,771.614444,False
Lake Tanganyika,RandomWalk,2024-05-01,2024-07-01,3,771.727857,771.614444,False
Lake Tanganyika,RandomWalk,2024-02-01,2024-07-01,6,770.995833,771.614444,False
Lake Tanganyika,RandomWalk,2023-08-01,2024-07-01,12,770.73,771.614444,False
Lake Tanganyika,RandomWalk,2024-08-01,2024-08-01,1,771.614444,771.42,False
Lake Tanganyika,RandomWalk,2024-06-01,2024-08-01,3,771.878571,771.42,False
Lake Tanganyika,RandomWalk,2024-03-01,2024-08-01,6,771.176429,771.42,False
Lake Tanganyika,RandomWalk,2023-09-01,2024-08-01,12,770.558611,771.42,False
Lake Tanganyika,RandomWalk,2024-09-01,2024-09-01,1,771.42,771.255,False
Lake Tanganyika,RandomWalk,2024-07-01,2024-09-01,3,771.79375,771.255,False
Lake Tanganyika,RandomWalk,2024-04-01,2024-09-01,6,771.353125,771.255,False
Lake Tanganyika,RandomWalk,2023-10-01,2024-09-01,12,770.464286,771.255,False
Lake Tanganyika,RandomWalk,2024-10-01,2024-10-01,1,771.255,771.154375,False
Lake Tanganyika,RandomWalk,2024-08-01,2024-10-01,3,771.614444,771.154375,False
Lake Tanganyika,RandomWalk,2024-05-01,2024-10-01,6,771.727857,771.154375,False
Lake Tanganyika,RandomWalk,2023-11-01,2024-10-01,12,770.358,771.154375,False
Lake Tanganyika,RandomWalk,2024-11-01,2024-11-01,1,771.154375,771.182222,False
Lake Tanganyika,RandomWalk,2024-09-01,2024-11-01,3,771.42,771.182222,False
Lake Tanganyika,RandomWalk,2024-06-01,2024-11-01,6,771.878571,771.182222,False
Lake Tanganyika,RandomWalk,2023-12-01,2024-11-01,12,770.406,771.182222,False
Lake Tanganyika,RandomWalk,2024-12-01,2024-12-01,1,771.182222,771.329722,False
Lake Tanganyika,RandomWalk,2024-10-01,2024-12-01,3,771.255,771.329722,False
Lake Tanganyika,RandomWalk,2024-07-01,2024-12-01,6,771.79375,771.329722,False
Lake Tanganyika,RandomWalk,2024-01-01,2024-12-01,12,770.700556,771.329722,False
Lake Tanganyika,RandomWalk,2025-01-01,2025-01-01,1,771.329722,771.846667,False
Lake Tanganyika,RandomWalk,2024-11-01,2025-01-01,3,771.154375,771.846667,False
Lake Tanganyika,RandomWalk,2024-08-01,2025-01-01,6,771.614444,771.846667,False
Lake Tanganyika,RandomWalk,2024-02-01,2025-01-01,12,770.995833,771.846667,False
Lake Tanganyika,RandomWalk,2025-02-01,2025-02-01,1,771.846667,771.946667,False
Lake Tanganyika,RandomWalk,2024-12-01,2025-02-01,3,771.182222,771.946667,False
Lake Tanganyika,RandomWalk,2024-09-01,2025-02-01,6,771.42,771.946667,False
Lake Tanganyika,RandomWalk,2024-03-01,2025-02-01,12,771.176429,771.946667,False
Lake Tanganyika,RandomWalk,2025-03-01,2025-03-01,1,771.946667,771.988333,False
Lake Tanganyika,RandomWalk,2025-01-01,2025-03-01,3,771.329722,771.988333,False
Lake Tanganyika,RandomWalk,2024-10-01,2025-03-01,6,771.255,771.988333,False
Lake Tanganyika,RandomWalk,2024-04-01,2025-03-01,12,771.353125,771.988333,False
Lake Tanganyika,RandomWalk,2025-04-01,2025-04-01,1,771.988333,772.248333,False
Lake Tanganyika,RandomWalk,2025-02-01,2025-04-01,3,771.846667,772.248333,False
Lake Tanganyika,RandomWalk,2024-11-01,2025-04-01,6,771.154375,772.248333,False
Lake Tanganyika,RandomWalk,2024-05-01,2025-04-01,12,771.727857,772.248333,False
Lake Tanganyika,RandomWalk,2025-05-01,2025-05-01,1,772.248333,772.305,False
Lake Tanganyika,RandomWalk,2025-03-01,2025-05-01,3,771.946667,772.305,False
Lake Tanganyika,RandomWalk,2024-12-01,2025-05-01,6,771.182222,772.305,False
Lake Tanganyika,RandomWalk,2024-06-01,2025-05-01,12,771.878571,772.305,False
Lake Tanganyika,RandomWalk,2025-06-01,2025-06-01,1,772.305,772.118333,False
Lake Tanganyika,RandomWalk,2025-04-01,2025-06-01,3,771.988333,772.118333,False
Lake Tanganyika,RandomWalk,2025-01-01,2025-06-01,6,771.329722,772.118333,False
Lake Tanganyika,RandomWalk,2024-07-01,2025-06-01,12,771.79375,772.118333,False
Lake Tanganyika,RandomWalk,2025-07-01,2025-07-01,1,772.118333,771.975,False
Lake Tanganyika,RandomWalk,2025-05-01,2025-07-01,3,772.248333,771.975,False
Lake Tanganyika,RandomWalk,2025-02-01,2025-07-01,6,771.846667,771.975,False
Lake Tanganyika,RandomWalk,2024-08-01,2025-07-01,12,771.614444,771.975,False
Lake Tanganyika,RandomWalk,2025-08-01,2025-08-01,1,771.975,771.728333,False
Lake Tanganyika,RandomWalk,2025-06-01,2025-08-01,3,772.305,771.728333,False
Lake Tanganyika,RandomWalk,2025-03-01,2025-08-01,6,771.946667,771.728333,False
Lake Tanganyika,RandomWalk,2024-09-01,2025-08-01,12,771.42,771.728333,False
Lake Tanganyika,RandomWalk,2025-09-01,2025-09-01,1,771.728333,771.575,False
Lake Tanganyika,RandomWalk,2025-07-01,2025-09-01,3,772.118333,771.575,False
Lake Tanganyika,RandomWalk,2025-04-01,2025-09-01,6,771.988333,771.575,False
Lake Tanganyika,RandomWalk,2024-10-01,2025-09-01,12,771.255,771.575,False
Lake Tanganyika,RandomWalk,2025-10-01,2025-10-01,1,771.575,771.425,False
Lake Tanganyika,RandomWalk,2025-08-01,2025-10-01,3,771.975,771.425,False
Lake Tanganyika,RandomWalk,2025-05-01,2025-10-01,6,772.248333,771.425,False
Lake Tanganyika,RandomWalk,2024-11-01,2025-10-01,12,771.154375,771.425,False
Lake Tanganyika,RandomWalk,2025-11-01,2025-11-01,1,771.425,771.415,False
Lake Tanganyika,RandomWalk,2025-09-01,2025-11-01,3,771.728333,771.415,False
Lake Tanganyika,RandomWalk,2025-06-01,2025-11-01,6,772.305,771.415,False
Lake Tanganyika,RandomWalk,2024-12-01,2025-11-01,12,771.182222,771.415,False
Lake Tanganyika,RandomWalk,2025-12-01,2025-12-01,1,771.415,771.475,False
Lake Tanganyika,RandomWalk,2025-10-01,2025-12-01,3,771.575,771.475,False
Lake Tanganyika,RandomWalk,2025-07-01,2025-12-01,6,772.118333,771.475,False
Lake Tanganyika,RandomWalk,2025-01-01,2025-12-01,12,771.329722,771.475,False
Lake Tanganyika,SeasonalNaive,2021-01-01,2021-01-01,1,769.561667,770.54,False
Lake Tanganyika,SeasonalNaive,2021-02-01,2021-02-01,1,769.918333,770.723,False
Lake Tanganyika,SeasonalNaive,2021-03-01,2021-03-01,1,770.095,770.84375,False
Lake Tanganyika,SeasonalNaive,2021-01-01,2021-03-01,3,770.095,770.84375,False
Lake Tanganyika,SeasonalNaive,2021-04-01,2021-04-01,1,770.417,771.038889,False
Lake Tanganyika,SeasonalNaive,2021-02-01,2021-04-01,3,770.417,771.038889,False
Lake Tanganyika,SeasonalNaive,2021-05-01,2021-05-01,1,770.708571,771.154286,False
Lake Tanganyika,SeasonalNaive,2021-03-01,2021-05-01,3,770.708571,771.154286,False
Lake Tanganyika,SeasonalNaive,2021-06-01,2021-06-01,1,770.656667,771.061667,False
Lake Tanganyika,SeasonalNaive,2021-04-01,2021-06-01,3,770.656667,771.061667,False
Lake Tanganyika,SeasonalNaive,2021-01-01,2021-06-01,6,770.656667,771.061667,False
Lake Tanganyika,SeasonalNaive,2021-07-01,2021-07-01,1,770.523571,770.8875,False
Lake Tanganyika,SeasonalNaive,2021-05-01,2021-07-01,3,770.523571,770.8875,False
Lake Tanganyika,SeasonalNaive,2021-02-01,2021-07-01,6,770.523571,770.8875,False
Lake Tanganyika,SeasonalNaive,2021-08-01,2021-08-01,1,770.370556,770.681429,False
Lake Tanganyika,SeasonalNaive,2021-06-01,2021-08-01,3,770.370556,770.681429,False
Lake Tanganyika,SeasonalNaive,2021-03-01,2021-08-01,6,770.370556,770.681429,False
Lake Tanganyika,SeasonalNaive,2021-09-01,2021-09-01,1,770.23375,770.578571,False
Lake Tanganyika,SeasonalNaive,2021-07-01,2021-09-01,3,770.23375,770.578571,False
Lake Tanganyika,SeasonalNaive,2021-04-01,2021-09-01,6,770.23375,770.578571,False
Lake Tanganyika,SeasonalNaive,2021-10-01,2021-10-01,1,770.220833,770.475238,False
Lake Tanganyika,SeasonalNaive,2021-08-01,2021-10-01,3,770.220833,770.475238,False
Lake Tanganyika,SeasonalNaive,2021-05-01,2021-10-01,6,770.220833,770.475238,False
Lake Tanganyika,SeasonalNaive,2021-11-01,2021-11-01,1,770.20125,770.458333,False
Lake Tanganyika,SeasonalNaive,2021-09-01,2021-11-01,3,770.20125,770.458333,False
Lake Tanganyika,SeasonalNaive,2021-06-01,2021-11-01,6,770.20125,770.458333,False
Lake Tanganyika,SeasonalNaive,2021-12-01,2021-12-01,1,770.335,770.555714,False
Lake Tanganyika,SeasonalNaive,2021-10-01,2021-12-01,3,770.335,770.555714,False
Lake Tanganyika,SeasonalNaive,2021-07-01,2021-12-01,6,770.335,770.555714,False
Lake Tanganyika,SeasonalNaive,2021-01-01,2021-12-01,12,770.335,770.555714,False
Lake Tanganyika,SeasonalNaive,2022-01-01,2022-01-01,1,770.54,770.64,False
Lake Tanganyika,SeasonalNaive,2021-11-01,2022-01-01,3,770.54,770.64,False
Lake Tanganyika,SeasonalNaive,2021-08-01,2022-01-01,6,770.54,770.64,False
Lake Tanganyika,SeasonalNaive,2021-02-01,2022-01-01,12,770.54,770.64,False
Lake Tanganyika,SeasonalNaive,2022-02-01,2022-02-01,1,770.723,770.72,False
Lake Tanganyika,SeasonalNaive,2021-12-01,2022-02-01,3,770.723,770.72,False
Lake Tanganyika,SeasonalNaive,2021-09-01,2022-02-01,6,770.723,770.72,False
Lake Tanganyika,SeasonalNaive,2021-03-01,2022-02-01,12,770.723,770.72,False
Lake Tanganyika,SeasonalNaive,2022-03-01,2022-03-01,1,770.84375,770.776667,False
Lake Tanganyika,SeasonalNaive,2022-01-01,2022-03-01,3,770.84375,770.776667,False
Lake Tanganyika,SeasonalNaive,2021-10-01,2022-03-01,6,770.84375,770.776667,False
Lake Tanganyika,SeasonalNaive,2021-04-01,2022-03-01,12,770.84375,770.776667,False
Lake Tanganyika,SeasonalNaive,2022-04-01,2022-04-01,1,771.038889,770.896429,False
Lake Tanganyika,SeasonalNaive,2022-02-01,2022-04-01,3,771.038889,770.896429,False
Lake Tanganyika,SeasonalNaive,2021-11-01,2022-04-01,6,771.038889,770.896429,False
Lake Tanganyika,SeasonalNaive,2021-05-01,2022-04-01,12,771.038889,770.896429,False
Lake Tanganyika,SeasonalNaive,2022-05-01,2022-05-01,1,771.154286,770.943333,False
Lake Tanganyika,SeasonalNaive,2022-03-01,2022-05-01,3,771.154286,770.943333,False
Lake Tanganyika,SeasonalNaive,2021-12-01,2022-05-01,6,771.154286,770.943333,False
Lake Tanganyika,SeasonalNaive,2021-06-01,2022-05-01,12,771.154286,770.943333,False
Lake Tanganyika,SeasonalNaive,2022-06-01,2022-06-01,1,771.061667,770.76,False
Lake Tanganyika,SeasonalNaive,2022-04-01,2022-06-01,3,771.061667,770.76,False
Lake Tanganyika,SeasonalNaive,2022-01-01,2022-06-01,6,771.061667,770.76,False
Lake Tanganyika,SeasonalNaive,2021-07-01,2022-06-01,12,771.061667,770.76,False
Lake Tanganyika,SeasonalNaive,2022-07-01,2022-07-01,1,770.8875,770.613,False
Lake Tanganyika,SeasonalNaive,2022-05-01,2022-07-01,3,770.8875,770.613,False
Lake Tanganyika,SeasonalNaive,2022-02-01,2022-07-01,6,770.8875,770.613,False
Lake Tanganyika,SeasonalNaive,2021-08-01,2022-07-01,12,770.8875,770.613,False
Lake Tanganyika,SeasonalNaive,2022-08-01,2022-08-01,1,770.681429,770.4155,False
Lake Tanganyika,SeasonalNaive,2022-06-01,2022-08-01,3,770.681429,770.4155,False
Lake Tanganyika,SeasonalNaive,2022-03-01,2022-08-01,6,770.681429,770.4155,False
Lake Tanganyika,SeasonalNaive,2021-09-01,2022-08-01,12,770.681429,770.4155,False
Lake Tanganyika,SeasonalNaive,2022-09-01,2022-09-01,1,770.578571,770.265833,False
Lake Tanganyika,SeasonalNaive,2022-07-01,2022-09-01,3,770.578571,770.265833,False
Lake Tanganyika,SeasonalNaive,2022-04-01,2022-09-01,6,770.578571,770.265833,False
Lake Tanganyika,SeasonalNaive,2021-10-01,2022-09-01,12,770.578571,770.265833,False
Lake Tanganyika,SeasonalNaive,2022-10-01,2022-10-01,1,770.475238,770.113333,False
Lake Tanganyika,SeasonalNaive,2022-08-01,2022-10-01,3,770.475238,770.113333,False
Lake Tanganyika,SeasonalNaive,2022-05-01,2022-10-01,6,770.475238,770.113333,False
Lake Tanganyika,SeasonalNaive,2021-11-01,2022-10-01,12,770.475238,770.113333,False
Lake Tanganyika,SeasonalNaive,2022-11-01,2022-11-01,1,770.458333,770.168,False
Lake Tanganyika,SeasonalNaive,2022-09-01,2022-11-01,3,770.458333,770.168,False
Lake Tanganyika,SeasonalNaive,2022-06-01,2022-11-01,6,770.458333,770.168,False
Lake Tanganyika,SeasonalNaive,2021-12-01,2022-11-01,12,770.458333,770.168,False
Lake Tanganyika,SeasonalNaive,2022-12-01,2022-12-01,1,770.555714,770.281429,False
Lake Tanganyika,SeasonalNaive,2022-10-01,2022-12-01,3,770.555714,770.281429,False
Lake Tanganyika,SeasonalNaive,2022-07-01,2022-12-01,6,770.555714,770.281429,False
Lake Tanganyika,SeasonalNaive,2022-01-01,2022-12-01,12,770.555714,770.281429,False
Lake Tanganyika,SeasonalNaive,2023-01-01,2023-01-01,1,770.64,770.45,False
Lake Tanganyika,SeasonalNaive,2022-11-01,2023-01-01,3,770.64,770.45,False
Lake Tanganyika,SeasonalNaive,2022-08-01,2023-01-01,6,770.64,770.45,False
Lake Tanganyika,SeasonalNaive,2022-02-01,2023-01-01,12,770.64,770.45,False
Lake Tanganyika,SeasonalNaive,2023-02-01,2023-02-01,1,770.72,770.546875,False
Lake Tanganyika,SeasonalNaive,2022-12-01,2023-02-01,3,770.72,770.546875,False
Lake Tanganyika,SeasonalNaive,2022-09-01,2023-02-01,6,770.72,770.546875,False
Lake Tanganyika,SeasonalNaive,2022-03-01,2023-02-01,12,770.72,770.546875,False
Lake Tanganyika,SeasonalNaive,2023-03-01,2023-03-01,1,770.776667,770.626667,False
Lake Tanganyika,SeasonalNaive,2023-01-01,2023-03-01,3,770.776667,770.626667,False
Lake Tanganyika,SeasonalNaive,2022-10-01,2023-03-01,6,770.776667,770.626667,False
Lake Tanganyika,SeasonalNaive,2022-04-01,2023-03-01,12,770.776667,770.626667,False
Lake Tanganyika,SeasonalNaive,2023-04-01,2023-04-01,1,770.896429,770.92,False
Lake Tanganyika,SeasonalNaive,2023-02-01,2023-04-01,3,770.896429,770.92,False
Lake Tanganyika,SeasonalNaive,2022-11-01,2023-04-01,6,770.896429,770.92,False
Lake Tanganyika,SeasonalNaive,2022-05-01,2023-04-01,12,770.896429,770.92,False
Lake Tanganyika,SeasonalNaive,2023-05-01,2023-05-01,1,770.943333,771.064286,False
Lake Tanganyika,SeasonalNaive,2023-03-01,2023-05-01,3,770.943333,771.064286,False
Lake Tanganyika,SeasonalNaive,2022-12-01,2023-05-01,6,770.943333,771.064286,False
Lake Tanganyika,SeasonalNaive,2022-06-01,2023-05-01,12,770.943333,771.064286,False
Lake Tanganyika,SeasonalNaive,2023-06-01,2023-06-01,1,770.76,770.932222,False
Lake Tanganyika,SeasonalNaive,2023-04-01,2023-06-01,3,770.76,770.932222,False
Lake Tanganyika,SeasonalNaive,2023-01-01,2023-06-01,6,770.76,770.932222,False
Lake Tanganyika,SeasonalNaive,2022-07-01,2023-06-01,12,770.76,770.932222,False
Lake Tanganyika,SeasonalNaive,2023-07-01,2023-07-01,1,770.613,770.73,False
Lake Tanganyika,SeasonalNaive,2023-05-01,2023-07-01,3,770.613,770.73,False
Lake Tanganyika,SeasonalNaive,2023-02-01,2023-07-01,6,770.613,770.73,False
Lake Tanganyika,SeasonalNaive,2022-08-01,2023-07-01,12,770.613,770.73,False
Lake Tanganyika,SeasonalNaive,2023-08-01,2023-08-01,1,770.4155,770.558611,False
Lake Tanganyika,SeasonalNaive,2023-06-01,2023-08-01,3,770.4155,770.558611,False
Lake Tanganyika,SeasonalNaive,2023-03-01,2023-08-01,6,770.4155,770.558611,False
Lake Tanganyika,SeasonalNaive,2022-09-01,2023-08-01,12,770.4155,770.558611,False
Lake Tanganyika,SeasonalNaive,2023-09-01,2023-09-01,1,770.265833,770.464286,False
Lake Tanganyika,SeasonalNaive,2023-07-01,2023-09-01,3,770.265833,770.464286,False
Lake Tanganyika,SeasonalNaive,2023-04-01,2023-09-01,6,770.265833,770.464286,False
Lake Tanganyika,SeasonalNaive,2022-10-01,2023-09-01,12,770.265833,770.464286,False
Lake Tanganyika,SeasonalNaive,2023-10-01,2023-10-01,1,770.113333,770.358,False
Lake Tanganyika,SeasonalNaive,2023-08-01,2023-10-01,3,770.113333,770.358,False
Lake Tanganyika,SeasonalNaive,2023-05-01,2023-10-01,6,770.113333,770.358,False
Lake Tanganyika,SeasonalNaive,2022-11-01,2023-10-01,12,770.113333,770.358,False
Lake Tanganyika,SeasonalNaive,2023-11-01,2023-11-01,1,770.168,770.406,False
Lake Tanganyika,SeasonalNaive,2023-09-01,2023-11-01,3,770.168,770.406,False
Lake Tanganyika,SeasonalNaive,2023-06-01,2023-11-01,6,770.168,770.406,False
Lake Tanganyika,SeasonalNaive,2022-12-01,2023-11-01,12,770.168,770.406,False
Lake Tanganyika,SeasonalNaive,2023-12-01,2023-12-01,1,770.281429,770.700556,False
Lake Tanganyika,SeasonalNaive,2023-10-01,2023-12-01,3,770.281429,770.700556,False
Lake Tanganyika,SeasonalNaive,2023-07-01,2023-12-01,6,770.281429,770.700556,False
Lake Tanganyika,SeasonalNaive,2023-01-01,2023-12-01,12,770.281429,770.700556,False
Lake Tanganyika,SeasonalNaive,2024-01-01,2024-01-01,1,770.45,770.995833,False
Lake Tanganyika,SeasonalNaive,2023-11-01,2024-01-01,3,770.45,770.995833,False
Lake Tanganyika,SeasonalNaive,2023-08-01,2024-01-01,6,770.45,770.995833,False
Lake Tanganyika,SeasonalNaive,2023-02-01,2024-01-01,12,770.45,770.995833,False
Lake Tanganyika,SeasonalNaive,2024-02-01,2024-02-01,1,770.546875,771.176429,False
Lake Tanganyika,SeasonalNaive,2023-12-01,2024-02-01,3,770.546875,771.176429,False
Lake Tanganyika,SeasonalNaive,2023-09-01,2024-02-01,6,770.546875,771.176429,False
Lake Tanganyika,SeasonalNaive,2023-03-01,2024-02-01,12,770.546875,771.176429,False
Lake Tanganyika,SeasonalNaive,2024-03-01,2024-03-01,1,770.626667,771.353125,False
Lake Tanganyika,SeasonalNaive,2024-01-01,2024-03-01,3,770.626667,771.353125,False
Lake Tanganyika,SeasonalNaive,2023-10-01,2024-03-01,6,770.626667,771.353125,False
Lake Tanganyika,SeasonalNaive,2023-04-01,2024-03-01,12,770.626667,771.353125,False
Lake Tanganyika,SeasonalNaive,2024-04-01,2024-04-01,1,770.92,771.727857,False
Lake Tanganyika,SeasonalNaive,2024-02-01,2024-04-01,3,770.92,771.727857,False
Lake Tanganyika,SeasonalNaive,2023-11-01,2024-04-01,6,770.92,771.727857,False
Lake Tanganyika,SeasonalNaive,2023-05-01,2024-04-01,12,770.92,771.727857,False
Lake Tanganyika,SeasonalNaive,2024-05-01,2024-05-01,1,771.064286,771.878571,False
Lake Tanganyika,SeasonalNaive,2024-03-01,2024-05-01,3,771.064286,771.878571,False
Lake Tanganyika,SeasonalNaive,2023-12-01,2024-05-01,6,771.064286,771.878571,False
Lake Tanganyika,SeasonalNaive,2023-06-01,2024-05-01,12,771.064286,771.878571,False
Lake Tanganyika,SeasonalNaive,2024-06-01,2024-06-01,1,770.932222,771.79375,False
Lake Tanganyika,SeasonalNaive,2024-04-01,2024-06-01,3,770.932222,771.79375,False
Lake Tanganyika,SeasonalNaive,2024-01-01,2024-06-01,6,770.932222,771.79375,False
Lake Tanganyika,SeasonalNaive,2023-07-01,2024-06-01,12,770.932222,771.79375,False
Lake Tanganyika,SeasonalNaive,2024-07-01,2024-07-01,1,770.73,771.614444,False
Lake Tanganyika,SeasonalNaive,2024-05-01,2024-07-01,3,770.73,771.614444,False
Lake Tanganyika,SeasonalNaive,2024-02-01,2024-07-01,6,770.73,771.614444,False
Lake Tanganyika,SeasonalNaive,2023-08-01,2024-07-01,12,770.73,771.614444,False
Lake Tanganyika,SeasonalNaive,2024-08-01,2024-08-01,1,770.558611,771.42,False
Lake Tanganyika,SeasonalNaive,2024-06-01,2024-08-01,3,770.558611,771.42,False
Lake Tanganyika,SeasonalNaive,2024-03-01,2024-08-01,6,770.558611,771.42,False
Lake Tanganyika,SeasonalNaive,2023-09-01,2024-08-01,12,770.558611,771.42,False
Lake Tanganyika,SeasonalNaive,2024-09-01,2024-09-01,1,770.464286,771.255,False
Lake Tanganyika,SeasonalNaive,2024-07-01,2024-09-01,3,770.464286,771.255,False
Lake Tanganyika,SeasonalNaive,2024-04-01,2024-09-01,6,770.464286,771.255,False
Lake Tanganyika,SeasonalNaive,2023-10-01,2024-09-01,12,770.464286,771.255,False
Lake Tanganyika,SeasonalNaive,2024-10-01,2024-10-01,1,770.358,771.154375,False
Lake Tanganyika,SeasonalNaive,2024-08-01,2024-10-01,3,770.358,771.154375,False
Lake Tanganyika,SeasonalNaive,2024-05-01,2024-10-01,6,770.358,771.154375,False
Lake Tanganyika,SeasonalNaive,2023-11-01,2024-10-01,12,770.358,771.154375,False
Lake Tanganyika,SeasonalNaive,2024-11-01,2024-11-01,1,770.406,771.182222,False
Lake Tanganyika,SeasonalNaive,2024-09-01,2024-11-01,3,770.406,771.182222,False
Lake Tanganyika,SeasonalNaive,2024-06-01,2024-11-01,6,770.406,771.182222,False
Lake Tanganyika,SeasonalNaive,2023-12-01,2024-11-01,12,770.406,771.182222,False
Lake Tanganyika,SeasonalNaive,2024-12-01,2024-12-01,1,770.700556,771.329722,False
Lake Tanganyika,SeasonalNaive,2024-10-01,2024-12-01,3,770.700556,771.329722,False
Lake Tanganyika,SeasonalNaive,2024-07-01,2024-12-01,6,770.700556,771.329722,False
Lake Tanganyika,SeasonalNaive,2024-01-01,2024-12-01,12,770.700556,771.329722,False
Lake Tanganyika,SeasonalNaive,2025-01-01,2025-01-01,1,770.995833,771.846667,False
Lake Tanganyika,SeasonalNaive,2024-11-01,2025-01-01,3,770.995833,771.846667,False
Lake Tanganyika,SeasonalNaive,2024-08-01,2025-01-01,6,770.995833,771.846667,False
Lake Tanganyika,SeasonalNaive,2024-02-01,2025-01-01,12,770.995833,771.846667,False
Lake Tanganyika,SeasonalNaive,2025-02-01,2025-02-01,1,771.176429,771.946667,False
Lake Tanganyika,SeasonalNaive,2024-12-01,2025-02-01,3,771.176429,771.946667,False
Lake Tanganyika,SeasonalNaive,2024-09-01,2025-02-01,6,771.176429,771.946667,False
Lake Tanganyika,SeasonalNaive,2024-03-01,2025-02-01,12,771.176429,771.946667,False
Lake Tanganyika,SeasonalNaive,2025-03-01,2025-03-01,1,771.353125,771.988333,False
Lake Tanganyika,SeasonalNaive,2025-01-01,2025-03-01,3,771.353125,771.988333,False
Lake Tanganyika,SeasonalNaive,2024-10-01,2025-03-01,6,771.353125,771.988333,False
Lake Tanganyika,SeasonalNaive,2024-04-01,2025-03-01,12,771.353125,771.988333,False
Lake Tanganyika,SeasonalNaive,2025-04-01,2025-04-01,1,771.727857,772.248333,False
Lake Tanganyika,SeasonalNaive,2025-02-01,2025-04-01,3,771.727857,772.248333,False
Lake Tanganyika,SeasonalNaive,2024-11-01,2025-04-01,6,771.727857,772.248333,False
Lake Tanganyika,SeasonalNaive,2024-05-01,2025-04-01,12,771.727857,772.248333,False
Lake Tanganyika,SeasonalNaive,2025-05-01,2025-05-01,1,771.878571,772.305,False
Lake Tanganyika,SeasonalNaive,2025-03-01,2025-05-01,3,771.878571,772.305,False
Lake Tanganyika,SeasonalNaive,2024-12-01,2025-05-01,6,771.878571,772.305,False
Lake Tanganyika,SeasonalNaive,2024-06-01,2025-05-01,12,771.878571,772.305,False
Lake Tanganyika,SeasonalNaive,2025-06-01,2025-06-01,1,771.79375,772.118333,False
Lake Tanganyika,SeasonalNaive,2025-04-01,2025-06-01,3,771.79375,772.118333,False
Lake Tanganyika,SeasonalNaive,2025-01-01,2025-06-01,6,771.79375,772.118333,False
Lake Tanganyika,SeasonalNaive,2024-07-01,2025-06-01,12,771.79375,772.118333,False
Lake Tanganyika,SeasonalNaive,2025-07-01,2025-07-01,1,771.614444,771.975,False
Lake Tanganyika,SeasonalNaive,2025-05-01,2025-07-01,3,771.614444,771.975,False
Lake Tanganyika,SeasonalNaive,2025-02-01,2025-07-01,6,771.614444,771.975,False
Lake Tanganyika,SeasonalNaive,2024-08-01,2025-07-01,12,771.614444,771.975,False
Lake Tanganyika,SeasonalNaive,2025-08-01,2025-08-01,1,771.42,771.728333,False
Lake Tanganyika,SeasonalNaive,2025-06-01,2025-08-01,3,771.42,771.728333,False
Lake Tanganyika,SeasonalNaive,2025-03-01,2025-08-01,6,771.42,771.728333,False
Lake Tanganyika,SeasonalNaive,2024-09-01,2025-08-01,12,771.42,771.728333,False
Lake Tanganyika,SeasonalNaive,2025-09-01,2025-09-01,1,771.255,771.575,False
Lake Tanganyika,SeasonalNaive,2025-07-01,2025-09-01,3,771.255,771.575,False
Lake Tanganyika,SeasonalNaive,2025-04-01,2025-09-01,6,771.255,771.575,False
Lake Tanganyika,SeasonalNaive,2024-10-01,2025-09-01,12,771.255,771.575,False
Lake Tanganyika,SeasonalNaive,2025-10-01,2025-10-01,1,771.154375,771.425,False
Lake Tanganyika,SeasonalNaive,2025-08-01,2025-10-01,3,771.154375,771.425,False
Lake Tanganyika,SeasonalNaive,2025-05-01,2025-10-01,6,771.154375,771.425,False
Lake Tanganyika,SeasonalNaive,2024-11-01,2025-10-01,12,771.154375,771.425,False
Lake Tanganyika,SeasonalNaive,2025-11-01,2025-11-01,1,771.182222,771.415,False
Lake Tanganyika,SeasonalNaive,2025-09-01,2025-11-01,3,771.182222,771.415,False
Lake Tanganyika,SeasonalNaive,2025-06-01,2025-11-01,6,771.182222,771.415,False
Lake Tanganyika,SeasonalNaive,2024-12-01,2025-11-01,12,771.182222,771.415,False
Lake Tanganyika,SeasonalNaive,2025-12-01,2025-12-01,1,771.329722,771.475,False
Lake Tanganyika,SeasonalNaive,2025-10-01,2025-12-01,3,771.329722,771.475,False
Lake Tanganyika,SeasonalNaive,2025-07-01,2025-12-01,6,771.329722,771.475,False
Lake Tanganyika,SeasonalNaive,2025-01-01,2025-12-01,12,771.329722,771.475,False
Lake Tanganyika,ARIMA,2021-01-01,2021-01-01,1,770.483577,770.54,False
Lake Tanganyika,ARIMA,2021-02-01,2021-02-01,1,770.707084,770.723,False
Lake Tanganyika,ARIMA,2021-03-01,2021-03-01,1,770.860203,770.84375,False
Lake Tanganyika,ARIMA,2021-01-01,2021-03-01,3,770.767616,770.84375,False
Lake Tanganyika,ARIMA,2021-04-01,2021-04-01,1,770.917255,771.038889,False
Lake Tanganyika,ARIMA,2021-02-01,2021-04-01,3,770.917697,771.038889,False
Lake Tanganyika,ARIMA,2021-05-01,2021-05-01,1,771.073158,771.154286,False
Lake Tanganyika,ARIMA,2021-03-01,2021-05-01,3,770.940027,771.154286,False
Lake Tanganyika,ARIMA,2021-06-01,2021-06-01,1,771.10309,771.061667,False
Lake Tanganyika,ARIMA,2021-04-01,2021-06-01,3,770.844154,771.061667,False
Lake Tanganyika,ARIMA,2021-01-01,2021-06-01,6,770.770762,771.061667,False
Lake Tanganyika,ARIMA,2021-07-01,2021-07-01,1,770.922445,770.8875,False
Lake Tanganyika,ARIMA,2021-05-01,2021-07-01,3,770.870884,770.8875,False
Lake Tanganyika,ARIMA,2021-02-01,2021-07-01,6,770.713735,770.8875,False
Lake Tanganyika,ARIMA,2021-08-01,2021-08-01,1,770.727661,770.681429,False
Lake Tanganyika,ARIMA,2021-06-01,2021-08-01,3,770.825121,770.681429,False
Lake Tanganyika,ARIMA,2021-03-01,2021-08-01,6,770.582414,770.681429,False
Lake Tanganyika,ARIMA,2021-09-01,2021-09-01,1,770.536491,770.578571,False
Lake Tanganyika,ARIMA,2021-07-01,2021-09-01,3,770.639951,770.578571,False
Lake Tanganyika,ARIMA,2021-04-01,2021-09-01,6,770.428288,770.578571,False
Lake Tanganyika,ARIMA,2021-10-01,2021-10-01,1,770.51042,770.475238,False
Lake Tanganyika,ARIMA,2021-08-01,2021-10-01,3,770.516377,770.475238,False
Lake Tanganyika,ARIMA,2021-05-01,2021-10-01,6,770.509582,770.475238,False
Lake Tanganyika,ARIMA,2021-11-01,2021-11-01,1,770.461868,770.458333,False
Lake Tanganyika,ARIMA,2021-09-01,2021-11-01,3,770.452491,770.458333,False
Lake Tanganyika,ARIMA,2021-06-01,2021-11-01,6,770.612432,770.458333,False
Lake Tanganyika,ARIMA,2021-12-01,2021-12-01,1,770.528896,770.555714,False
Lake Tanganyika,ARIMA,2021-10-01,2021-12-01,3,770.578511,770.555714,False
Lake Tanganyika,ARIMA,2021-07-01,2021-12-01,6,770.630148,770.555714,False
Lake Tanganyika,ARIMA,2021-01-01,2021-12-01,12,770.353967,770.555714,False
Lake Tanganyika,ARIMA,2022-01-01,2022-01-01,1,770.690974,770.64,False
Lake Tanganyika,ARIMA,2021-11-01,2022-01-01,3,770.661504,770.64,False
Lake Tanganyika,ARIMA,2021-08-01,2022-01-01,6,770.712706,770.64,False
Lake Tanganyika,ARIMA,2021-02-01,2022-01-01,12,770.555107,770.64,False
Lake Tanganyika,ARIMA,2022-02-01,2022-02-01,1,770.777052,770.72,False
Lake Tanganyika,ARIMA,2021-12-01,2022-02-01,3,770.807281,770.72,False
Lake Tanganyika,ARIMA,2021-09-01,2022-02-01,6,770.802724,770.72,False
Lake Tanganyika,ARIMA,2021-03-01,2022-02-01,12,770.726683,770.72,False
Lake Tanganyika,ARIMA,2022-03-01,2022-03-01,1,770.836608,770.776667,False
Lake Tanganyika,ARIMA,2022-01-01,2022-03-01,3,770.974336,770.776667,False
Lake Tanganyika,ARIMA,2021-10-01,2022-03-01,6,770.990258,770.776667,False
Lake Tanganyika,ARIMA,2021-04-01,2022-03-01,12,770.838198,770.776667,False
Lake Tanganyika,ARIMA,2022-04-01,2022-04-01,1,770.838115,770.896429,False
Lake Tanganyika,ARIMA,2022-02-01,2022-04-01,3,770.987301,770.896429,False
Lake Tanganyika,ARIMA,2021-11-01,2022-04-01,6,771.022998,770.896429,False
Lake Tanganyika,ARIMA,2021-05-01,2022-04-01,12,771.068208,770.896429,False
Lake Tanganyika,ARIMA,2022-05-01,2022-05-01,1,770.914234,770.943333,False
Lake Tanganyika,ARIMA,2022-03-01,2022-05-01,3,770.917188,770.943333,False
Lake Tanganyika,ARIMA,2021-12-01,2022-05-01,6,771.022689,770.943333,False
Lake Tanganyika,ARIMA,2021-06-01,2022-05-01,12,771.173159,770.943333,False
Lake Tanganyika,ARIMA,2022-06-01,2022-06-01,1,770.879031,770.76,False
Lake Tanganyika,ARIMA,2022-04-01,2022-06-01,3,770.76734,770.76,False
Lake Tanganyika,ARIMA,2022-01-01,2022-06-01,6,770.986448,770.76,False
Lake Tanganyika,ARIMA,2021-07-01,2022-06-01,12,771.049542,770.76,False
Lake Tanganyika,ARIMA,2022-07-01,2022-07-01,1,770.600905,770.613,False
Lake Tanganyika,ARIMA,2022-05-01,2022-07-01,3,770.714494,770.613,False
Lake Tanganyika,ARIMA,2022-02-01,2022-07-01,6,770.791954,770.613,False
Lake Tanganyika,ARIMA,2021-08-01,2022-07-01,12,770.87788,770.613,False
Lake Tanganyika,ARIMA,2022-08-01,2022-08-01,1,770.465957,770.4155,False
Lake Tanganyika,ARIMA,2022-06-01,2022-08-01,3,770.603296,770.4155,False
Lake Tanganyika,ARIMA,2022-03-01,2022-08-01,6,770.567865,770.4155,False
Lake Tanganyika,ARIMA,2021-09-01,2022-08-01,12,770.669929,770.4155,False
Lake Tanganyika,ARIMA,2022-09-01,2022-09-01,1,770.270426,770.265833,False
Lake Tanganyika,ARIMA,2022-07-01,2022-09-01,3,770.318884,770.265833,False
Lake Tanganyika,ARIMA,2022-04-01,2022-09-01,6,770.358841,770.265833,False
Lake Tanganyika,ARIMA,2021-10-01,2022-09-01,12,770.590663,770.265833,False
Lake Tanganyika,ARIMA,2022-10-01,2022-10-01,1,770.1861,770.113333,False
Lake Tanganyika,ARIMA,2022-08-01,2022-10-01,3,770.25664,770.113333,False
Lake Tanganyika,ARIMA,2022-05-01,2022-10-01,6,770.35841,770.113333,False
Lake Tanganyika,ARIMA,2021-11-01,2022-10-01,12,770.468081,770.113333,False
Lake Tanganyika,ARIMA,2022-11-01,2022-11-01,1,770.089864,770.168,False
Lake Tanganyika,ARIMA,2022-09-01,2022-11-01,3,770.188007,770.168,False
Lake Tanganyika,ARIMA,2022-06-01,2022-11-01,6,770.393588,770.168,False
Lake Tanganyika,ARIMA,2021-12-01,2022-11-01,12,770.459373,770.168,False
Lake Tanganyika,ARIMA,2022-12-01,2022-12-01,1,770.259421,770.281429,False
Lake Tanganyika,ARIMA,2022-10-01,2022-12-01,3,770.253685,770.281429,False
Lake Tanganyika,ARIMA,2022-07-01,2022-12-01,6,770.309743,770.281429,False
Lake Tanganyika,ARIMA,2022-01-01,2022-12-01,12,770.564103,770.281429,False
Lake Tanganyika,ARIMA,2023-01-01,2023-01-01,1,770.415298,770.45,False
Lake Tanganyika,ARIMA,2022-11-01,2023-01-01,3,770.287191,770.45,False
Lake Tanganyika,ARIMA,2022-08-01,2023-01-01,6,770.453661,770.45,False
Lake Tanganyika,ARIMA,2022-02-01,2023-01-01,12,770.627574,770.45,False
Lake Tanganyika,ARIMA,2023-02-01,2023-02-01,1,770.609859,770.546875,False
Lake Tanganyika,ARIMA,2022-12-01,2023-02-01,3,770.537641,770.546875,False
Lake Tanganyika,ARIMA,2022-09-01,2023-02-01,6,770.537429,770.546875,False
Lake Tanganyika,ARIMA,2022-03-01,2023-02-01,12,770.704986,770.546875,False
Lake Tanganyika,ARIMA,2023-03-01,2023-03-01,1,770.663084,770.626667,False
Lake Tanganyika,ARIMA,2023-01-01,2023-03-01,3,770.698428,770.626667,False
Lake Tanganyika,ARIMA,2022-10-01,2023-03-01,6,770.663098,770.626667,False
Lake Tanganyika,ARIMA,2022-04-01,2023-03-01,12,770.759985,770.626667,False
Lake Tanganyika,ARIMA,2023-04-01,2023-04-01,1,770.695564,770.92,False
Lake Tanganyika,ARIMA,2023-02-01,2023-04-01,3,770.822504,770.92,False
Lake Tanganyika,ARIMA,2022-11-01,2023-04-01,6,770.646376,770.92,False
Lake Tanganyika,ARIMA,2022-05-01,2023-04-01,12,770.909534,770.92,False
Lake Tanganyika,ARIMA,2023-05-01,2023-05-01,1,770.983462,771.064286,False
Lake Tanganyika,ARIMA,2023-03-01,2023-05-01,3,770.745649,771.064286,False
Lake Tanganyika,ARIMA,2022-12-01,2023-05-01,6,770.753137,771.064286,False
Lake Tanganyika,ARIMA,2022-06-01,2023-05-01,12,770.948881,771.064286,False
Lake Tanganyika,ARIMA,2023-06-01,2023-06-01,1,771.016907,770.932222,False
Lake Tanganyika,ARIMA,2023-04-01,2023-06-01,3,770.626654,770.932222,False
Lake Tanganyika,ARIMA,2023-01-01,2023-06-01,6,770.710722,770.932222,False
Lake Tanganyika,ARIMA,2022-07-01,2023-06-01,12,770.727963,770.932222,False
Lake Tanganyika,ARIMA,2023-07-01,2023-07-01,1,770.785418,770.73,False
Lake Tanganyika,ARIMA,2023-05-01,2023-07-01,3,770.789131,770.73,False
Lake Tanganyika,ARIMA,2023-02-01,2023-07-01,6,770.628231,770.73,False
Lake Tanganyika,ARIMA,2022-08-01,2023-07-01,12,770.61546,770.73,False
Lake Tanganyika,ARIMA,2023-08-01,2023-08-01,1,770.567085,770.558611,False
Lake Tanganyika,ARIMA,2023-06-01,2023-08-01,3,770.745928,770.558611,False
Lake Tanganyika,ARIMA,2023-03-01,2023-08-01,6,770.395563,770.558611,False
Lake Tanganyika,ARIMA,2022-09-01,2023-08-01,12,770.40292,770.558611,False
Lake Tanganyika,ARIMA,2023-09-01,2023-09-01,1,770.424126,770.464286,False
Lake Tanganyika,ARIMA,2023-07-01,2023-09-01,3,770.50593,770.464286,False
Lake Tanganyika,ARIMA,2023-04-01,2023-09-01,6,770.216111,770.464286,False
Lake Tanganyika,ARIMA,2022-10-01,2023-09-01,12,770.265943,770.464286,False
Lake Tanganyika,ARIMA,2023-10-01,2023-10-01,1,770.394559,770.358,False
Lake Tanganyika,ARIMA,2023-08-01,2023-10-01,3,770.354518,770.358,False
Lake Tanganyika,ARIMA,2023-05-01,2023-10-01,6,770.431158,770.358,False
Lake Tanganyika,ARIMA,2022-11-01,2023-10-01,12,770.096512,770.358,False
Lake Tanganyika,ARIMA,2023-11-01,2023-11-01,1,770.341658,770.406,False
Lake Tanganyika,ARIMA,2023-09-01,2023-11-01,3,770.336507,770.406,False
Lake Tanganyika,ARIMA,2023-06-01,2023-11-01,6,770.530863,770.406,False
Lake Tanganyika,ARIMA,2022-12-01,2023-11-01,12,770.189997,770.406,False
Lake Tanganyika,ARIMA,2023-12-01,2023-12-01,1,770.491274,770.700556,False
Lake Tanganyika,ARIMA,2023-10-01,2023-12-01,3,770.45659,770.700556,False
Lake Tanganyika,ARIMA,2023-07-01,2023-12-01,6,770.488201,770.700556,False
Lake Tanganyika,ARIMA,2023-01-01,2023-12-01,12,770.288584,770.700556,False
Lake Tanganyika,ARIMA,2024-01-01,2024-01-01,1,770.882251,770.995833,False
Lake Tanganyika,ARIMA,2023-11-01,2024-01-01,3,770.534477,770.995833,False
Lake Tanganyika,ARIMA,2023-08-01,2024-01-01,6,770.5405,770.995833,False
Lake Tanganyika,ARIMA,2023-02-01,2024-01-01,12,770.459573,770.995833,False
Lake Tanganyika,ARIMA,2024-02-01,2024-02-01,1,771.178177,771.176429,False
Lake Tanganyika,ARIMA,2023-12-01,2024-02-01,3,770.765876,771.176429,False
Lake Tanganyika,ARIMA,2023-09-01,2024-02-01,6,770.677622,771.176429,False
Lake Tanganyika,ARIMA,2023-03-01,2024-02-01,12,770.530344,771.176429,False
Lake Tanganyika,ARIMA,2024-03-01,2024-03-01,1,771.312816,771.353125,False
Lake Tanganyika,ARIMA,2024-01-01,2024-03-01,3,771.169405,771.353125,False
Lake Tanganyika,ARIMA,2023-10-01,2024-03-01,6,770.861903,771.353125,False
Lake Tanganyika,ARIMA,2023-04-01,2024-03-01,12,770.616023,771.353125,False
Lake Tanganyika,ARIMA,2024-04-01,2024-04-01,1,771.447769,771.727857,False
Lake Tanganyika,ARIMA,2024-02-01,2024-04-01,3,771.398918,771.727857,False
Lake Tanganyika,ARIMA,2023-11-01,2024-04-01,6,770.893912,771.727857,False
Lake Tanganyika,ARIMA,2023-05-01,2024-04-01,12,770.975766,771.727857,False
Lake Tanganyika,ARIMA,2024-05-01,2024-05-01,1,771.81185,771.878571,False
Lake Tanganyika,ARIMA,2024-03-01,2024-05-01,3,771.405161,771.878571,False
Lake Tanganyika,ARIMA,2023-12-01,2024-05-01,6,770.984834,771.878571,False
Lake Tanganyika,ARIMA,2023-06-01,2024-05-01,12,771.083122,771.878571,False
Lake Tanganyika,ARIMA,2024-06-01,2024-06-01,1,771.831972,771.79375,False
Lake Tanganyika,ARIMA,2024-04-01,2024-06-01,3,771.388337,771.79375,False
Lake Tanganyika,ARIMA,2024-01-01,2024-06-01,6,771.189565,771.79375,False
Lake Tanganyika,ARIMA,2023-07-01,2024-06-01,12,770.908987,771.79375,False
Lake Tanganyika,ARIMA,2024-07-01,2024-07-01,1,771.660849,771.614444,False
Lake Tanganyika,ARIMA,2024-05-01,2024-07-01,3,771.623761,771.614444,False
Lake Tanganyika,ARIMA,2024-02-01,2024-07-01,6,771.210324,771.614444,False
Lake Tanganyika,ARIMA,2023-08-01,2024-07-01,12,770.715091,771.614444,False
Lake Tanganyika,ARIMA,2024-08-01,2024-08-01,1,771.452774,771.42,False
Lake Tanganyika,ARIMA,2024-06-01,2024-08-01,3,771.560591,771.42,False
Lake Tanganyika,ARIMA,2024-03-01,2024-08-01,6,771.055371,771.42,False
Lake Tanganyika,ARIMA,2023-09-01,2024-08-01,12,770.556757,771.42,False
Lake Tanganyika,ARIMA,2024-09-01,2024-09-01,1,771.27514,771.255,False
Lake Tanganyika,ARIMA,2024-07-01,2024-09-01,3,771.37617,771.255,False
Lake Tanganyika,ARIMA,2024-04-01,2024-09-01,6,770.971643,771.255,False
Lake Tanganyika,ARIMA,2023-10-01,2024-09-01,12,770.475843,771.255,False
Lake Tanganyika,ARIMA,2024-10-01,2024-10-01,1,771.163144,771.154375,False
Lake Tanganyika,ARIMA,2024-08-01,2024-10-01,3,771.230685,771.154375,False
Lake Tanganyika,ARIMA,2024-05-01,2024-10-01,6,771.253372,771.154375,False
Lake Tanganyika,ARIMA,2023-11-01,2024-10-01,12,770.350445,771.154375,False
Lake Tanganyika,ARIMA,2024-11-01,2024-11-01,1,771.138349,771.182222,False
Lake Tanganyika,ARIMA,2024-09-01,2024-11-01,3,771.175281,771.182222,False
Lake Tanganyika,ARIMA,2024-06-01,2024-11-01,6,771.328466,771.182222,False
Lake Tanganyika,ARIMA,2023-12-01,2024-11-01,12,770.424449,771.182222,False
Lake Tanganyika,ARIMA,2024-12-01,2024-12-01,1,771.256733,771.329722,False
Lake Tanganyika,ARIMA,2024-10-01,2024-12-01,3,771.212369,771.329722,False
Lake Tanganyika,ARIMA,2024-07-01,2024-12-01,6,771.342085,771.329722,False
Lake Tanganyika,ARIMA,2024-01-01,2024-12-01,12,770.755819,771.329722,False
Lake Tanganyika,ARIMA,2025-01-01,2025-01-01,1,771.472303,771.846667,False
Lake Tanganyika,ARIMA,2024-11-01,2025-01-01,3,771.323559,771.846667,False
Lake Tanganyika,ARIMA,2024-08-01,2025-01-01,6,771.40417,771.846667,False
Lake Tanganyika,ARIMA,2024-02-01,2025-01-01,12,771.02571,771.846667,False
Lake Tanganyika,ARIMA,2025-02-01,2025-02-01,1,772.097677,771.946667,False
Lake Tanganyika,ARIMA,2024-12-01,2025-02-01,3,771.529648,771.946667,False
Lake Tanganyika,ARIMA,2024-09-01,2025-02-01,6,771.510624,771.946667,False
Lake Tanganyika,ARIMA,2024-03-01,2025-02-01,12,771.175664,771.946667,False
Lake Tanganyika,ARIMA,2025-03-01,2025-03-01,1,772.049203,771.988333,False
Lake Tanganyika,ARIMA,2025-01-01,2025-03-01,3,771.760727,771.988333,False
Lake Tanganyika,ARIMA,2024-10-01,2025-03-01,6,771.620296,771.988333,False
Lake Tanganyika,ARIMA,2024-04-01,2025-03-01,12,771.36221,771.988333,False
Lake Tanganyika,ARIMA,2025-04-01,2025-04-01,1,772.062551,772.248333,False
Lake Tanganyika,ARIMA,2025-02-01,2025-04-01,3,772.333257,772.248333,False
Lake Tanganyika,ARIMA,2024-11-01,2025-04-01,6,771.695215,772.248333,False
Lake Tanganyika,ARIMA,2024-05-01,2025-04-01,12,771.797925,772.248333,False
Lake Tanganyika,ARIMA,2025-05-01,2025-05-01,1,772.312626,772.305,False
Lake Tanganyika,ARIMA,2025-03-01,2025-05-01,3,772.155195,772.305,False
Lake Tanganyika,ARIMA,2024-12-01,2025-05-01,6,771.766213,772.305,False
Lake Tanganyika,ARIMA,2024-06-01,2025-05-01,12,771.893751,772.305,False
Lake Tanganyika,ARIMA,2025-06-01,2025-06-01,1,772.241202,772.118333,False
Lake Tanganyika,ARIMA,2025-04-01,2025-06-01,3,772.012754,772.118333,False
Lake Tanganyika,ARIMA,2025-01-01,2025-06-01,6,771.798482,772.118333,False
Lake Tanganyika,ARIMA,2024-07-01,2025-06-01,12,771.782373,772.118333,False
Lake Tanganyika,ARIMA,2025-07-01,2025-07-01,1,771.961894,771.975,False
Lake Tanganyika,ARIMA,2025-05-01,2025-07-01,3,772.127382,771.975,False
Lake Tanganyika,ARIMA,2025-02-01,2025-07-01,6,772.163954,771.975,False
Lake Tanganyika,ARIMA,2024-08-01,2025-07-01,12,771.601768,771.975,False
Lake Tanganyika,ARIMA,2025-08-01,2025-08-01,1,771.824566,771.728333,False
Lake Tanganyika,ARIMA,2025-06-01,2025-08-01,3,771.965434,771.728333,False
Lake Tanganyika,ARIMA,2025-03-01,2025-08-01,6,771.81237,771.728333,False
Lake Tanganyika,ARIMA,2024-09-01,2025-08-01,12,771.411831,771.728333,False
Lake Tanganyika,ARIMA,2025-09-01,2025-09-01,1,771.561077,771.575,False
Lake Tanganyika,ARIMA,2025-07-01,2025-09-01,3,771.666235,771.575,False
Lake Tanganyika,ARIMA,2025-04-01,2025-09-01,6,771.592068,771.575,False
Lake Tanganyika,ARIMA,2024-10-01,2025-09-01,12,771.251018,771.575,False
Lake Tanganyika,ARIMA,2025-10-01,2025-10-01,1,771.485968,771.425,False
Lake Tanganyika,ARIMA,2025-08-01,2025-10-01,3,771.591657,771.425,False
Lake Tanganyika,ARIMA,2025-05-01,2025-10-01,6,771.745169,771.425,False
Lake Tanganyika,ARIMA,2024-11-01,2025-10-01,12,771.15394,771.425,False
Lake Tanganyika,ARIMA,2025-11-01,2025-11-01,1,771.390732,771.415,False
Lake Tanganyika,ARIMA,2025-09-01,2025-11-01,3,771.45015,771.415,False
Lake Tanganyika,ARIMA,2025-06-01,2025-11-01,6,771.718697,771.415,False
Lake Tanganyika,ARIMA,2024-12-01,2025-11-01,12,771.195452,771.415,False
Lake Tanganyika,ARIMA,2025-12-01,2025-12-01,1,771.482003,771.475,False
Lake Tanganyika,ARIMA,2025-10-01,2025-12-01,3,771.529382,771.475,False
Lake Tanganyika,ARIMA,2025-07-01,2025-12-01,6,771.619874,771.475,False
Lake Tanganyika,ARIMA,2025-01-01,2025-12-01,12,771.350054,771.475,False
Lake Tanganyika,SARIMA,2021-01-01,2021-01-01,1,770.431252,770.54,False
Lake Tanganyika,SARIMA,2021-02-01,2021-02-01,1,770.634124,770.723,False
Lake Tanganyika,SARIMA,2021-03-01,2021-03-01,1,770.824595,770.84375,False
Lake Tanganyika,SARIMA,2021-01-01,2021-03-01,3,770.578941,770.84375,False
Lake Tanganyika,SARIMA,2021-04-01,2021-04-01,1,770.987634,771.038889,False
Lake Tanganyika,SARIMA,2021-02-01,2021-04-01,3,770.850953,771.038889,False
Lake Tanganyika,SARIMA,2021-05-01,2021-05-01,1,771.066124,771.154286,False
Lake Tanganyika,SARIMA,2021-03-01,2021-05-01,3,770.9802,771.154286,False
Lake Tanganyika,SARIMA,2021-06-01,2021-06-01,1,771.082077,771.061667,False
Lake Tanganyika,SARIMA,2021-04-01,2021-06-01,3,770.91086,771.061667,False
Lake Tanganyika,SARIMA,2021-01-01,2021-06-01,6,770.580097,771.061667,False
Lake Tanganyika,SARIMA,2021-07-01,2021-07-01,1,770.903785,770.8875,False
Lake Tanganyika,SARIMA,2021-05-01,2021-07-01,3,770.815434,770.8875,False
Lake Tanganyika,SARIMA,2021-02-01,2021-07-01,6,770.575458,770.8875,False
Lake Tanganyika,SARIMA,2021-08-01,2021-08-01,1,770.777347,770.681429,False
Lake Tanganyika,SARIMA,2021-06-01,2021-08-01,3,770.822969,770.681429,False
Lake Tanganyika,SARIMA,2021-03-01,2021-08-01,6,770.594858,770.681429,False
Lake Tanganyika,SARIMA,2021-09-01,2021-09-01,1,770.594024,770.578571,False
Lake Tanganyika,SARIMA,2021-07-01,2021-09-01,3,770.729793,770.578571,False
Lake Tanganyika,SARIMA,2021-04-01,2021-09-01,6,770.545826,770.578571,False
Lake Tanganyika,SARIMA,2021-10-01,2021-10-01,1,770.528043,770.475238,False
Lake Tanganyika,SARIMA,2021-08-01,2021-10-01,3,770.669312,770.475238,False
Lake Tanganyika,SARIMA,2021-05-01,2021-10-01,6,770.582474,770.475238,False
Lake Tanganyika,SARIMA,2021-11-01,2021-11-01,1,770.477873,770.458333,False
Lake Tanganyika,SARIMA,2021-09-01,2021-11-01,3,770.560918,770.458333,False
Lake Tanganyika,SARIMA,2021-06-01,2021-11-01,6,770.7498,770.458333,False
Lake Tanganyika,SARIMA,2021-12-01,2021-12-01,1,770.578635,770.555714,False
Lake Tanganyika,SARIMA,2021-10-01,2021-12-01,3,770.669619,770.555714,False
Lake Tanganyika,SARIMA,2021-07-01,2021-12-01,6,770.859254,770.555714,False
Lake Tanganyika,SARIMA,2021-01-01,2021-12-01,12,770.29015,770.555714,False
Lake Tanganyika,SARIMA,2022-01-01,2022-01-01,1,770.66704,770.64,False
Lake Tanganyika,SARIMA,2021-11-01,2022-01-01,3,770.719507,770.64,False
Lake Tanganyika,SARIMA,2021-08-01,2022-01-01,6,770.967295,770.64,False
Lake Tanganyika,SARIMA,2021-02-01,2022-01-01,12,770.608899,770.64,False
Lake Tanganyika,SARIMA,2022-02-01,2022-02-01,1,770.727741,770.72,False
Lake Tanganyika,SARIMA,2021-12-01,2022-02-01,3,770.789471,770.72,False
Lake Tanganyika,SARIMA,2021-09-01,2022-02-01,6,770.919368,770.72,False
Lake Tanganyika,SARIMA,2021-03-01,2022-02-01,12,770.87136,770.72,False
Lake Tanganyika,SARIMA,2022-03-01,2022-03-01,1,770.804501,770.776667,False
Lake Tanganyika,SARIMA,2022-01-01,2022-03-01,3,770.848379,770.776667,False
Lake Tanganyika,SARIMA,2021-10-01,2022-03-01,6,770.99269,770.776667,False
Lake Tanganyika,SARIMA,2021-04-01,2022-03-01,12,771.013184,770.776667,False
Lake Tanganyika,SARIMA,2022-04-01,2022-04-01,1,770.897637,770.896429,False
Lake Tanganyika,SARIMA,2022-02-01,2022-04-01,3,770.940894,770.896429,False
Lake Tanganyika,SARIMA,2021-11-01,2022-04-01,6,771.043217,770.896429,False
Lake Tanganyika,SARIMA,2021-05-01,2022-04-01,12,771.242809,770.896429,False
Lake Tanganyika,SARIMA,2022-05-01,2022-05-01,1,770.889704,770.943333,False
Lake Tanganyika,SARIMA,2022-03-01,2022-05-01,3,770.926769,770.943333,False
Lake Tanganyika,SARIMA,2021-12-01,2022-05-01,6,771.013938,770.943333,False
Lake Tanganyika,SARIMA,2021-06-01,2022-05-01,12,771.391313,770.943333,False
Lake Tanganyika,SARIMA,2022-06-01,2022-06-01,1,770.827434,770.76,False
Lake Tanganyika,SARIMA,2022-04-01,2022-06-01,3,770.764723,770.76,False
Lake Tanganyika,SARIMA,2022-01-01,2022-06-01,6,770.857471,770.76,False
Lake Tanganyika,SARIMA,2021-07-01,2022-06-01,12,771.237307,770.76,False
Lake Tanganyika,SARIMA,2022-07-01,2022-07-01,1,770.550623,770.613,False
Lake Tanganyika,SARIMA,2022-05-01,2022-07-01,3,770.562799,770.613,False
Lake Tanganyika,SARIMA,2022-02-01,2022-07-01,6,770.618082,770.613,False
Lake Tanganyika,SARIMA,2021-08-01,2022-07-01,12,771.011461,770.613,False
Lake Tanganyika,SARIMA,2022-08-01,2022-08-01,1,770.470845,770.4155,False
Lake Tanganyika,SARIMA,2022-06-01,2022-08-01,3,770.482396,770.4155,False
Lake Tanganyika,SARIMA,2022-03-01,2022-08-01,6,770.454291,770.4155,False
Lake Tanganyika,SARIMA,2021-09-01,2022-08-01,12,770.70234,770.4155,False
Lake Tanganyika,SARIMA,2022-09-01,2022-09-01,1,770.302515,770.265833,False
Lake Tanganyika,SARIMA,2022-07-01,2022-09-01,3,770.289038,770.265833,False
Lake Tanganyika,SARIMA,2022-04-01,2022-09-01,6,770.304323,770.265833,False
Lake Tanganyika,SARIMA,2021-10-01,2022-09-01,12,770.570515,770.265833,False
Lake Tanganyika,SARIMA,2022-10-01,2022-10-01,1,770.190671,770.113333,False
Lake Tanganyika,SARIMA,2022-08-01,2022-10-01,3,770.305451,770.113333,False
Lake Tanganyika,SARIMA,2022-05-01,2022-10-01,6,770.234634,770.113333,False
Lake Tanganyika,SARIMA,2021-11-01,2022-10-01,12,770.415744,770.113333,False
Lake Tanganyika,SARIMA,2022-11-01,2022-11-01,1,770.102956,770.168,False
Lake Tanganyika,SARIMA,2022-09-01,2022-11-01,3,770.242563,770.168,False
Lake Tanganyika,SARIMA,2022-06-01,2022-11-01,6,770.333091,770.168,False
Lake Tanganyika,SARIMA,2021-12-01,2022-11-01,12,770.391315,770.168,False
Lake Tanganyika,SARIMA,2022-12-01,2022-12-01,1,770.306755,770.281429,False
Lake Tanganyika,SARIMA,2022-10-01,2022-12-01,3,770.327783,770.281429,False
Lake Tanganyika,SARIMA,2022-07-01,2022-12-01,6,770.361868,770.281429,False
Lake Tanganyika,SARIMA,2022-01-01,2022-12-01,12,770.489789,770.281429,False
Lake Tanganyika,SARIMA,2023-01-01,2023-01-01,1,770.411131,770.45,False
Lake Tanganyika,SARIMA,2022-11-01,2023-01-01,3,770.358245,770.45,False
Lake Tanganyika,SARIMA,2022-08-01,2023-01-01,6,770.607145,770.45,False
Lake Tanganyika,SARIMA,2022-02-01,2023-01-01,12,770.587889,770.45,False
Lake Tanganyika,SARIMA,2023-02-01,2023-02-01,1,770.579779,770.546875,False
Lake Tanganyika,SARIMA,2022-12-01,2023-02-01,3,770.565615,770.546875,False
Lake Tanganyika,SARIMA,2022-09-01,2023-02-01,6,770.648871,770.546875,False
Lake Tanganyika,SARIMA,2022-03-01,2023-02-01,12,770.706033,770.546875,False
Lake Tanganyika,SARIMA,2023-03-01,2023-03-01,1,770.665249,770.626667,False
Lake Tanganyika,SARIMA,2023-01-01,2023-03-01,3,770.654937,770.626667,False
Lake Tanganyika,SARIMA,2022-10-01,2023-03-01,6,770.71576,770.626667,False
Lake Tanganyika,SARIMA,2022-04-01,2023-03-01,12,770.791127,770.626667,False
Lake Tanganyika,SARIMA,2023-04-01,2023-04-01,1,770.784667,770.92,False
Lake Tanganyika,SARIMA,2023-02-01,2023-04-01,3,770.873001,770.92,False
Lake Tanganyika,SARIMA,2022-11-01,2023-04-01,6,770.753953,770.92,False
Lake Tanganyika,SARIMA,2022-05-01,2023-04-01,12,770.960404,770.92,False
Lake Tanganyika,SARIMA,2023-05-01,2023-05-01,1,770.977803,771.064286,False
Lake Tanganyika,SARIMA,2023-03-01,2023-05-01,3,770.865021,771.064286,False
Lake Tanganyika,SARIMA,2022-12-01,2023-05-01,6,770.892797,771.064286,False
Lake Tanganyika,SARIMA,2022-06-01,2023-05-01,12,771.081893,771.064286,False
Lake Tanganyika,SARIMA,2023-06-01,2023-06-01,1,770.992201,770.932222,False
Lake Tanganyika,SARIMA,2023-04-01,2023-06-01,3,770.715414,770.932222,False
Lake Tanganyika,SARIMA,2023-01-01,2023-06-01,6,770.755964,770.932222,False
Lake Tanganyika,SARIMA,2022-07-01,2023-06-01,12,770.876169,770.932222,False
Lake Tanganyika,SARIMA,2023-07-01,2023-07-01,1,770.76077,770.73,False
Lake Tanganyika,SARIMA,2023-05-01,2023-07-01,3,770.721976,770.73,False
Lake Tanganyika,SARIMA,2023-02-01,2023-07-01,6,770.644688,770.73,False
Lake Tanganyika,SARIMA,2022-08-01,2023-07-01,12,770.797285,770.73,False
Lake Tanganyika,SARIMA,2023-08-01,2023-08-01,1,770.592225,770.558611,False
Lake Tanganyika,SARIMA,2023-06-01,2023-08-01,3,770.705823,770.558611,False
Lake Tanganyika,SARIMA,2023-03-01,2023-08-01,6,770.446586,770.558611,False
Lake Tanganyika,SARIMA,2022-09-01,2023-08-01,12,770.55738,770.558611,False
Lake Tanganyika,SARIMA,2023-09-01,2023-09-01,1,770.452722,770.464286,False
Lake Tanganyika,SARIMA,2023-07-01,2023-09-01,3,770.532362,770.464286,False
Lake Tanganyika,SARIMA,2023-04-01,2023-09-01,6,770.27231,770.464286,False
Lake Tanganyika,SARIMA,2022-10-01,2023-09-01,12,770.385729,770.464286,False
Lake Tanganyika,SARIMA,2023-10-01,2023-10-01,1,770.387295,770.358,False
Lake Tanganyika,SARIMA,2023-08-01,2023-10-01,3,770.416455,770.358,False
Lake Tanganyika,SARIMA,2023-05-01,2023-10-01,6,770.411023,770.358,False
Lake Tanganyika,SARIMA,2022-11-01,2023-10-01,12,770.178317,770.358,False
Lake Tanganyika,SARIMA,2023-11-01,2023-11-01,1,770.342347,770.406,False
Lake Tanganyika,SARIMA,2023-09-01,2023-11-01,3,770.362651,770.406,False
Lake Tanganyika,SARIMA,2023-06-01,2023-11-01,6,770.549717,770.406,False
Lake Tanganyika,SARIMA,2022-12-01,2023-11-01,12,770.273179,770.406,False
Lake Tanganyika,SARIMA,2023-12-01,2023-12-01,1,770.523006,770.700556,False
Lake Tanganyika,SARIMA,2023-10-01,2023-12-01,3,770.484223,770.700556,False
Lake Tanganyika,SARIMA,2023-07-01,2023-12-01,6,770.566933,770.700556,False
Lake Tanganyika,SARIMA,2023-01-01,2023-12-01,12,770.341601,770.700556,False
Lake Tanganyika,SARIMA,2024-01-01,2024-01-01,1,770.847621,770.995833,False
Lake Tanganyika,SARIMA,2023-11-01,2024-01-01,3,770.55343,770.995833,False
Lake Tanganyika,SARIMA,2023-08-01,2024-01-01,6,770.629925,770.995833,False
Lake Tanganyika,SARIMA,2023-02-01,2024-01-01,12,770.518623,770.995833,False
Lake Tanganyika,SARIMA,2024-02-01,2024-02-01,1,771.1388,771.176429,False
Lake Tanganyika,SARIMA,2023-12-01,2024-02-01,3,770.734017,771.176429,False
Lake Tanganyika,SARIMA,2023-09-01,2024-02-01,6,770.671387,771.176429,False
Lake Tanganyika,SARIMA,2023-03-01,2024-02-01,12,770.568359,771.176429,False
Lake Tanganyika,SARIMA,2024-03-01,2024-03-01,1,771.315107,771.353125,False
Lake Tanganyika,SARIMA,2024-01-01,2024-03-01,3,771.080365,771.353125,False
Lake Tanganyika,SARIMA,2023-10-01,2024-03-01,6,770.787198,771.353125,False
Lake Tanganyika,SARIMA,2023-04-01,2024-03-01,12,770.614382,771.353125,False
Lake Tanganyika,SARIMA,2024-04-01,2024-04-01,1,771.552241,771.727857,False
Lake Tanganyika,SARIMA,2024-02-01,2024-04-01,3,771.458538,771.727857,False
Lake Tanganyika,SARIMA,2023-11-01,2024-04-01,6,770.889391,771.727857,False
Lake Tanganyika,SARIMA,2023-05-01,2024-04-01,12,770.989989,771.727857,False
Lake Tanganyika,SARIMA,2024-05-01,2024-05-01,1,771.832845,771.878571,False
Lake Tanganyika,SARIMA,2024-03-01,2024-05-01,3,771.573781,771.878571,False
Lake Tanganyika,SARIMA,2023-12-01,2024-05-01,6,771.020386,771.878571,False
Lake Tanganyika,SARIMA,2023-06-01,2024-05-01,12,771.15345,771.878571,False
Lake Tanganyika,SARIMA,2024-06-01,2024-06-01,1,771.840809,771.79375,False
Lake Tanganyika,SARIMA,2024-04-01,2024-06-01,3,771.561313,771.79375,False
Lake Tanganyika,SARIMA,2024-01-01,2024-06-01,6,771.218156,771.79375,False
Lake Tanganyika,SARIMA,2023-07-01,2024-06-01,12,770.951796,771.79375,False
Lake Tanganyika,SARIMA,2024-07-01,2024-07-01,1,771.664778,771.614444,False
Lake Tanganyika,SARIMA,2024-05-01,2024-07-01,3,771.662654,771.614444,False
Lake Tanganyika,SARIMA,2024-02-01,2024-07-01,6,771.304251,771.614444,False
Lake Tanganyika,SARIMA,2023-08-01,2024-07-01,12,770.72808,771.614444,False
Lake Tanganyika,SARIMA,2024-08-01,2024-08-01,1,771.507733,771.42,False
Lake Tanganyika,SARIMA,2024-06-01,2024-08-01,3,771.628239,771.42,False
Lake Tanganyika,SARIMA,2024-03-01,2024-08-01,6,771.24406,771.42,False
Lake Tanganyika,SARIMA,2023-09-01,2024-08-01,12,770.538252,771.42,False
Lake Tanganyika,SARIMA,2024-09-01,2024-09-01,1,771.328785,771.255,False
Lake Tanganyika,SARIMA,2024-07-01,2024-09-01,3,771.4983,771.255,False
Lake Tanganyika,SARIMA,2024-04-01,2024-09-01,6,771.21716,771.255,False
Lake Tanganyika,SARIMA,2023-10-01,2024-09-01,12,770.463644,771.255,False
Lake Tanganyika,SARIMA,2024-10-01,2024-10-01,1,771.168804,771.154375,False
Lake Tanganyika,SARIMA,2024-08-01,2024-10-01,3,771.369486,771.154375,False
Lake Tanganyika,SARIMA,2024-05-01,2024-10-01,6,771.436397,771.154375,False
Lake Tanganyika,SARIMA,2023-11-01,2024-10-01,12,770.3508,771.154375,False
Lake Tanganyika,SARIMA,2024-11-01,2024-11-01,1,771.13141,771.182222,False
Lake Tanganyika,SARIMA,2024-09-01,2024-11-01,3,771.243117,771.182222,False
Lake Tanganyika,SARIMA,2024-06-01,2024-11-01,6,771.513464,771.182222,False
Lake Tanganyika,SARIMA,2023-12-01,2024-11-01,12,770.46154,771.182222,False
Lake Tanganyika,SARIMA,2024-12-01,2024-12-01,1,771.277928,771.329722,False
Lake Tanganyika,SARIMA,2024-10-01,2024-12-01,3,771.23551,771.329722,False
Lake Tanganyika,SARIMA,2024-07-01,2024-12-01,6,771.547383,771.329722,False
Lake Tanganyika,SARIMA,2024-01-01,2024-12-01,12,770.868602,771.329722,False
Lake Tanganyika,SARIMA,2025-01-01,2025-01-01,1,771.422932,771.846667,False
Lake Tanganyika,SARIMA,2024-11-01,2025-01-01,3,771.295854,771.846667,False
Lake Tanganyika,SARIMA,2024-08-01,2025-01-01,6,771.564373,771.846667,False
Lake Tanganyika,SARIMA,2024-02-01,2025-01-01,12,771.218843,771.846667,False
Lake Tanganyika,SARIMA,2025-02-01,2025-02-01,1,771.997074,771.946667,False
Lake Tanganyika,SARIMA,2024-12-01,2025-02-01,3,771.423084,771.946667,False
Lake Tanganyika,SARIMA,2024-09-01,2025-02-01,6,771.49129,771.946667,False
Lake Tanganyika,SARIMA,2024-03-01,2025-02-01,12,771.366007,771.946667,False
Lake Tanganyika,SARIMA,2025-03-01,2025-03-01,1,772.040982,771.988333,False
Lake Tanganyika,SARIMA,2025-01-01,2025-03-01,3,771.559167,771.988333,False
Lake Tanganyika,SARIMA,2024-10-01,2025-03-01,6,771.435063,771.988333,False
Lake Tanganyika,SARIMA,2024-04-01,2025-03-01,12,771.511968,771.988333,False
Lake Tanganyika,SARIMA,2025-04-01,2025-04-01,1,772.149487,772.248333,False
Lake Tanganyika,SARIMA,2025-02-01,2025-04-01,3,772.277069,772.248333,False
Lake Tanganyika,SARIMA,2024-11-01,2025-04-01,6,771.53492,772.248333,False
Lake Tanganyika,SARIMA,2024-05-01,2025-04-01,12,771.930384,772.248333,False
Lake Tanganyika,SARIMA,2025-05-01,2025-05-01,1,772.317466,772.305,False
Lake Tanganyika,SARIMA,2025-03-01,2025-05-01,3,772.2664,772.305,False
Lake Tanganyika,SARIMA,2024-12-01,2025-05-01,6,771.624359,772.305,False
Lake Tanganyika,SARIMA,2024-06-01,2025-05-01,12,772.007571,772.305,False
Lake Tanganyika,SARIMA,2025-06-01,2025-06-01,1,772.234865,772.118333,False
Lake Tanganyika,SARIMA,2025-04-01,2025-06-01,3,772.123323,772.118333,False
Lake Tanganyika,SARIMA,2025-01-01,2025-06-01,6,771.599606,772.118333,False
Lake Tanganyika,SARIMA,2024-07-01,2025-06-01,12,771.810487,772.118333,False
Lake Tanganyika,SARIMA,2025-07-01,2025-07-01,1,771.95836,771.975,False
Lake Tanganyika,SARIMA,2025-05-01,2025-07-01,3,772.113931,771.975,False
Lake Tanganyika,SARIMA,2025-02-01,2025-07-01,6,772.13561,771.975,False
Lake Tanganyika,SARIMA,2024-08-01,2025-07-01,12,771.547138,771.975,False
Lake Tanganyika,SARIMA,2025-08-01,2025-08-01,1,771.865158,771.728333,False
Lake Tanganyika,SARIMA,2025-06-01,2025-08-01,3,771.994316,771.728333,False
Lake Tanganyika,SARIMA,2025-03-01,2025-08-01,6,771.948074,771.728333,False
Lake Tanganyika,SARIMA,2024-09-01,2025-08-01,12,771.27143,771.728333,False
Lake Tanganyika,SARIMA,2025-09-01,2025-09-01,1,771.623384,771.575,False
Lake Tanganyika,SARIMA,2025-07-01,2025-09-01,3,771.766044,771.575,False
Lake Tanganyika,SARIMA,2025-04-01,2025-09-01,6,771.788771,771.575,False
Lake Tanganyika,SARIMA,2024-10-01,2025-09-01,12,771.073051,771.575,False
Lake Tanganyika,SARIMA,2025-10-01,2025-10-01,1,771.496123,771.425,False
Lake Tanganyika,SARIMA,2025-08-01,2025-10-01,3,771.729188,771.425,False
Lake Tanganyika,SARIMA,2025-05-01,2025-10-01,6,771.899059,771.425,False
Lake Tanganyika,SARIMA,2024-11-01,2025-10-01,12,771.007252,771.425,False
Lake Tanganyika,SARIMA,2025-11-01,2025-11-01,1,771.403155,771.415,False
Lake Tanganyika,SARIMA,2025-09-01,2025-11-01,3,771.550286,771.415,False
Lake Tanganyika,SARIMA,2025-06-01,2025-11-01,6,771.89893,771.415,False
Lake Tanganyika,SARIMA,2024-12-01,2025-11-01,12,771.124684,771.415,False
Lake Tanganyika,SARIMA,2025-12-01,2025-12-01,1,771.51535,771.475,False
Lake Tanganyika,SARIMA,2025-10-01,2025-12-01,3,771.592166,771.475,False
Lake Tanganyika,SARIMA,2025-07-01,2025-12-01,6,771.835871,771.475,False
Lake Tanganyika,SARIMA,2025-01-01,2025-12-01,12,771.360635,771.475,False
Lake Turkana,RandomWalk,2021-01-01,2021-01-01,1,366.451667,366.4025,False
Lake Turkana,RandomWalk,2021-02-01,2021-02-01,1,366.4025,366.306,False
Lake Turkana,RandomWalk,2021-03-01,2021-03-01,1,366.306,366.272,False
Lake Turkana,RandomWalk,2021-01-01,2021-03-01,3,366.451667,366.272,False
Lake Turkana,RandomWalk,2021-04-01,2021-04-01,1,366.272,366.234,False
Lake Turkana,RandomWalk,2021-02-01,2021-04-01,3,366.4025,366.234,False
Lake Turkana,RandomWalk,2021-05-01,2021-05-01,1,366.234,366.362,False
Lake Turkana,RandomWalk,2021-03-01,2021-05-01,3,366.306,366.362,False
Lake Turkana,RandomWalk,2021-06-01,2021-06-01,1,366.362,366.39,False
Lake Turkana,RandomWalk,2021-04-01,2021-06-01,3,366.272,366.39,False
Lake Turkana,RandomWalk,2021-01-01,2021-06-01,6,366.451667,366.39,False
Lake Turkana,RandomWalk,2021-07-01,2021-07-01,1,366.39,366.338333,False
Lake Turkana,RandomWalk,2021-05-01,2021-07-01,3,366.234,366.338333,False
Lake Turkana,RandomWalk,2021-02-01,2021-07-01,6,366.4025,366.338333,False
Lake Turkana,RandomWalk,2021-08-01,2021-08-01,1,366.338333,366.381667,False
Lake Turkana,RandomWalk,2021-06-01,2021-08-01,3,366.362,366.381667,False
Lake Turkana,RandomWalk,2021-03-01,2021-08-01,6,366.306,366.381667,False
Lake Turkana,RandomWalk,2021-09-01,2021-09-01,1,366.381667,366.453333,False
Lake Turkana,RandomWalk,2021-07-01,2021-09-01,3,366.39,366.453333,False
Lake Turkana,RandomWalk,2021-04-01,2021-09-01,6,366.272,366.453333,False
Lake Turkana,RandomWalk,2021-10-01,2021-10-01,1,366.453333,366.845,False
Lake Turkana,RandomWalk,2021-08-01,2021-10-01,3,366.338333,366.845,False
Lake Turkana,RandomWalk,2021-05-01,2021-10-01,6,366.234,366.845,False
Lake Turkana,RandomWalk,2021-11-01,2021-11-01,1,366.845,366.95,False
Lake Turkana,RandomWalk,2021-09-01,2021-11-01,3,366.381667,366.95,False
Lake Turkana,RandomWalk,2021-06-01,2021-11-01,6,366.362,366.95,False
Lake Turkana,RandomWalk,2021-12-01,2021-12-01,1,366.95,366.86,False
Lake Turkana,RandomWalk,2021-10-01,2021-12-01,3,366.453333,366.86,False
Lake Turkana,RandomWalk,2021-07-01,2021-12-01,6,366.39,366.86,False
Lake Turkana,RandomWalk,2021-01-01,2021-12-01,12,366.451667,366.86,False
Lake Turkana,RandomWalk,2022-01-01,2022-01-01,1,366.86,366.87,False
Lake Turkana,RandomWalk,2021-11-01,2022-01-01,3,366.845,366.87,False
Lake Turkana,RandomWalk,2021-08-01,2022-01-01,6,366.338333,366.87,False
Lake Turkana,RandomWalk,2021-02-01,2022-01-01,12,366.4025,366.87,False
Lake Turkana,RandomWalk,2022-02-01,2022-02-01,1,366.87,366.87,False
Lake Turkana,RandomWalk,2021-12-01,2022-02-01,3,366.95,366.87,False
Lake Turkana,RandomWalk,2021-09-01,2022-02-01,6,366.381667,366.87,False
Lake Turkana,RandomWalk,2021-03-01,2022-02-01,12,366.306,366.87,False
Lake Turkana,RandomWalk,2022-03-01,2022-03-01,1,366.87,366.83,False
Lake Turkana,RandomWalk,2022-01-01,2022-03-01,3,366.86,366.83,False
Lake Turkana,RandomWalk,2021-10-01,2022-03-01,6,366.453333,366.83,False
Lake Turkana,RandomWalk,2021-04-01,2022-03-01,12,366.272,366.83,False
Lake Turkana,RandomWalk,2022-04-01,2022-04-01,1,366.83,366.756,False
Lake Turkana,RandomWalk,2022-02-01,2022-04-01,3,366.87,366.756,False
Lake Turkana,RandomWalk,2021-11-01,2022-04-01,6,366.845,366.756,False
Lake Turkana,RandomWalk,2021-05-01,2022-04-01,12,366.234,366.756,False
Lake Turkana,RandomWalk,2022-05-01,2022-05-01,1,366.756,366.791,False
Lake Turkana,RandomWalk,2022-03-01,2022-05-01,3,366.87,366.791,False
Lake Turkana,RandomWalk,2021-12-01,2022-05-01,6,366.95,366.791,False
Lake Turkana,RandomWalk,2021-06-01,2022-05-01,12,366.362,366.791,False
Lake Turkana,RandomWalk,2022-06-01,2022-06-01,1,366.791,366.75,False
Lake Turkana,RandomWalk,2022-04-01,2022-06-01,3,366.83,366.75,False
Lake Turkana,RandomWalk,2022-01-01,2022-06-01,6,366.86,366.75,False
Lake Turkana,RandomWalk,2021-07-01,2022-06-01,12,366.39,366.75,False
Lake Turkana,RandomWalk,2022-07-01,2022-07-01,1,366.75,366.73,False
Lake Turkana,RandomWalk,2022-05-01,2022-07-01,3,366.756,366.73,False
Lake Turkana,RandomWalk,2022-02-01,2022-07-01,6,366.87,366.73,False
Lake Turkana,RandomWalk,2021-08-01,2022-07-01,12,366.338333,366.73,False
Lake Turkana,RandomWalk,2022-08-01,2022-08-01,1,366.73,366.684,False
Lake Turkana,RandomWalk,2022-06-01,2022-08-01,3,366.791,366.684,False
Lake Turkana,RandomWalk,2022-03-01,2022-08-01,6,366.87,366.684,False
Lake Turkana,RandomWalk,2021-09-01,2022-08-01,12,366.381667,366.684,False
Lake Turkana,RandomWalk,2022-09-01,2022-09-01,1,366.684,366.714,False
Lake Turkana,RandomWalk,2022-07-01,2022-09-01,3,366.75,366.714,False
Lake Turkana,RandomWalk,2022-04-01,2022-09-01,6,366.83,366.714,False
Lake Turkana,RandomWalk,2021-10-01,2022-09-01,12,366.453333,366.714,False
Lake Turkana,RandomWalk,2022-10-01,2022-10-01,1,366.714,366.702,False
Lake Turkana,RandomWalk,2022-08-01,2022-10-01,3,366.73,366.702,False
Lake Turkana,RandomWalk,2022-05-01,2022-10-01,6,366.756,366.702,False
Lake Turkana,RandomWalk,2021-11-01,2022-10-01,12,366.845,366.702,False
Lake Turkana,RandomWalk,2022-11-01,2022-11-01,1,366.702,366.7,False
Lake Turkana,RandomWalk,2022-09-01,2022-11-01,3,366.684,366.7,False
Lake Turkana,RandomWalk,2022-06-01,2022-11-01,6,366.791,366.7,False
Lake Turkana,RandomWalk,2021-12-01,2022-11-01,12,366.95,366.7,False
Lake Turkana,RandomWalk,2022-12-01,2022-12-01,1,366.7,366.636667,False
Lake Turkana,RandomWalk,2022-10-01,2022-12-01,3,366.714,366.636667,False
Lake Turkana,RandomWalk,2022-07-01,2022-12-01,6,366.75,366.636667,False
Lake Turkana,RandomWalk,2022-01-01,2022-12-01,12,366.86,366.636667,False
Lake Turkana,RandomWalk,2023-01-01,2023-01-01,1,366.636667,366.563333,False
Lake Turkana,RandomWalk,2022-11-01,2023-01-01,3,366.702,366.563333,False
Lake Turkana,RandomWalk,2022-08-01,2023-01-01,6,366.73,366.563333,False
Lake Turkana,RandomWalk,2022-02-01,2023-01-01,12,366.87,366.563333,False
Lake Turkana,RandomWalk,2023-02-01,2023-02-01,1,366.563333,366.5025,False
Lake Turkana,RandomWalk,2022-12-01,2023-02-01,3,366.7,366.5025,False
Lake Turkana,RandomWalk,2022-09-01,2023-02-01,6,366.684,366.5025,False
Lake Turkana,RandomWalk,2022-03-01,2023-02-01,12,366.87,366.5025,False
Lake Turkana,RandomWalk,2023-03-01,2023-03-01,1,366.5025,366.499,False
Lake Turkana,RandomWalk,2023-01-01,2023-03-01,3,366.636667,366.499,False
Lake Turkana,RandomWalk,2022-10-01,2023-03-01,6,366.714,366.499,False
Lake Turkana,RandomWalk,2022-04-01,2023-03-01,12,366.83,366.499,False
Lake Turkana,RandomWalk,2023-04-01,2023-04-01,1,366.499,366.696,False
Lake Turkana,RandomWalk,2023-02-01,2023-04-01,3,366.563333,366.696,False
Lake Turkana,RandomWalk,2022-11-01,2023-04-01,6,366.702,366.696,False
Lake Turkana,RandomWalk,2022-05-01,2023-04-01,12,366.756,366.696,False
Lake Turkana,RandomWalk,2023-05-01,2023-05-01,1,366.696,366.904,False
Lake Turkana,RandomWalk,2023-03-01,2023-05-01,3,366.5025,366.904,False
Lake Turkana,RandomWalk,2022-12-01,2023-05-01,6,366.7,366.904,False
Lake Turkana,RandomWalk,2022-06-01,2023-05-01,12,366.791,366.904,False
Lake Turkana,RandomWalk,2023-06-01,2023-06-01,1,366.904,366.936,False
Lake Turkana,RandomWalk,2023-04-01,2023-06-01,3,366.499,366.936,False
Lake Turkana,RandomWalk,2023-01-01,2023-06-01,6,366.636667,366.936,False
Lake Turkana,RandomWalk,2022-07-01,2023-06-01,12,366.75,366.936,False
Lake Turkana,RandomWalk,2023-07-01,2023-07-01,1,366.936,366.869,False
Lake Turkana,RandomWalk,2023-05-01,2023-07-01,3,366.696,366.869,False
Lake Turkana,RandomWalk,2023-02-01,2023-07-01,6,366.563333,366.869,False
Lake Turkana,RandomWalk,2022-08-01,2023-07-01,12,366.73,366.869,False
Lake Turkana,RandomWalk,2023-08-01,2023-08-01,1,366.869,366.793333,False
Lake Turkana,RandomWalk,2023-06-01,2023-08-01,3,366.904,366.793333,False
Lake Turkana,RandomWalk,2023-03-01,2023-08-01,6,366.5025,366.793333,False
Lake Turkana,RandomWalk,2022-09-01,2023-08-01,12,366.684,366.793333,False
Lake Turkana,RandomWalk,2023-09-01,2023-09-01,1,366.793333,366.7825,False
Lake Turkana,RandomWalk,2023-07-01,2023-09-01,3,366.936,366.7825,False
Lake Turkana,RandomWalk,2023-04-01,2023-09-01,6,366.499,366.7825,False
Lake Turkana,RandomWalk,2022-10-01,2023-09-01,12,366.714,366.7825,False
Lake Turkana,RandomWalk,2023-10-01,2023-10-01,1,366.7825,366.826,False
Lake Turkana,RandomWalk,2023-08-01,2023-10-01,3,366.869,366.826,False
Lake Turkana,RandomWalk,2023-05-01,2023-10-01,6,366.696,366.826,False
Lake Turkana,RandomWalk,2022-11-01,2023-10-01,12,366.702,366.826,False
Lake Turkana,RandomWalk,2023-11-01,2023-11-01,1,366.826,367.1,False
Lake Turkana,RandomWalk,2023-09-01,2023-11-01,3,366.793333,367.1,False
Lake Turkana,RandomWalk,2023-06-01,2023-11-01,6,366.904,367.1,False
Lake Turkana,RandomWalk,2022-12-01,2023-11-01,12,366.7,367.1,False
Lake Turkana,RandomWalk,2023-12-01,2023-12-01,1,367.1,367.222,False
Lake Turkana,RandomWalk,2023-10-01,2023-12-01,3,366.7825,367.222,False
Lake Turkana,RandomWalk,2023-07-01,2023-12-01,6,366.936,367.222,False
Lake Turkana,RandomWalk,2023-01-01,2023-12-01,12,366.636667,367.222,False
Lake Turkana,RandomWalk,2024-01-01,2024-01-01,1,367.222,367.204,False
Lake Turkana,RandomWalk,2023-11-01,2024-01-01,3,366.826,367.204,False
Lake Turkana,RandomWalk,2023-08-01,2024-01-01,6,366.869,367.204,False
Lake Turkana,RandomWalk,2023-02-01,2024-01-01,12,366.563333,367.204,False
Lake Turkana,RandomWalk,2024-02-01,2024-02-01,1,367.204,367.256667,False
Lake Turkana,RandomWalk,2023-12-01,2024-02-01,3,367.1,367.256667,False
Lake Turkana,RandomWalk,2023-09-01,2024-02-01,6,366.793333,367.256667,False
Lake Turkana,RandomWalk,2023-03-01,2024-02-01,12,366.5025,367.256667,False
Lake Turkana,RandomWalk,2024-03-01,2024-03-01,1,367.256667,367.27,False
Lake Turkana,RandomWalk,2024-01-01,2024-03-01,3,367.222,367.27,False
Lake Turkana,RandomWalk,2023-10-01,2024-03-01,6,366.7825,367.27,False
Lake Turkana,RandomWalk,2023-04-01,2024-03-01,12,366.499,367.27,False
Lake Turkana,RandomWalk,2024-04-01,2024-04-01,1,367.27,367.434,False
Lake Turkana,RandomWalk,2024-02-01,2024-04-01,3,367.204,367.434,False
Lake Turkana,RandomWalk,2023-11-01,2024-04-01,6,366.826,367.434,False
Lake Turkana,RandomWalk,2023-05-01,2024-04-01,12,366.696,367.434,False
Lake Turkana,RandomWalk,2024-05-01,2024-05-01,1,367.434,367.86375,False
Lake Turkana,RandomWalk,2024-03-01,2024-05-01,3,367.256667,367.86375,False
Lake Turkana,RandomWalk,2023-12-01,2024-05-01,6,367.1,367.86375,False
Lake Turkana,RandomWalk,2023-06-01,2024-05-01,12,366.904,367.86375,False
Lake Turkana,RandomWalk,2024-06-01,2024-06-01,1,367.86375,367.976,False
Lake Turkana,RandomWalk,2024-04-01,2024-06-01,3,367.27,367.976,False
Lake Turkana,RandomWalk,2024-01-01,2024-06-01,6,367.222,367.976,False
Lake Turkana,RandomWalk,2023-07-01,2024-06-01,12,366.936,367.976,False
Lake Turkana,RandomWalk,2024-07-01,2024-07-01,1,367.976,367.9725,False
Lake Turkana,RandomWalk,2024-05-01,2024-07-01,3,367.434,367.9725,False
Lake Turkana,RandomWalk,2024-02-01,2024-07-01,6,367.204,367.9725,False
Lake Turkana,RandomWalk,2023-08-01,2024-07-01,12,366.869,367.9725,False
Lake Turkana,RandomWalk,2024-08-01,2024-08-01,1,367.9725,368.134,False
Lake Turkana,RandomWalk,2024-06-01,2024-08-01,3,367.86375,368.134,False
Lake Turkana,RandomWalk,2024-03-01,2024-08-01,6,367.256667,368.134,False
Lake Turkana,RandomWalk,2023-09-01,2024-08-01,12,366.793333,368.134,False
Lake Turkana,RandomWalk,2024-09-01,2024-09-01,1,368.134,368.3,False
Lake Turkana,RandomWalk,2024-07-01,2024-09-01,3,367.976,368.3,False
Lake Turkana,RandomWalk,2024-04-01,2024-09-01,6,367.27,368.3,False
Lake Turkana,RandomWalk,2023-10-01,2024-09-01,12,366.7825,368.3,False
Lake Turkana,RandomWalk,2024-10-01,2024-10-01,1,368.3,368.388333,False
Lake Turkana,RandomWalk,2024-08-01,2024-10-01,3,367.9725,368.388333,False
Lake Turkana,RandomWalk,2024-05-01,2024-10-01,6,367.434,368.388333,False
Lake Turkana,RandomWalk,2023-11-01,2024-10-01,12,366.826,368.388333,False
Lake Turkana,RandomWalk,2024-11-01,2024-11-01,1,368.388333,368.515,False
Lake Turkana,RandomWalk,2024-09-01,2024-11-01,3,368.134,368.515,False
Lake Turkana,RandomWalk,2024-06-01,2024-11-01,6,367.86375,368.515,False
Lake Turkana,RandomWalk,2023-12-01,2024-11-01,12,367.1,368.515,False
Lake Turkana,RandomWalk,2024-12-01,2024-12-01,1,368.515,368.663333,False
Lake Turkana,RandomWalk,2024-10-01,2024-12-01,3,368.3,368.663333,False
Lake Turkana,RandomWalk,2024-07-01,2024-12-01,6,367.976,368.663333,False
Lake Turkana,RandomWalk,2024-01-01,2024-12-01,12,367.222,368.663333,False
Lake Turkana,RandomWalk,2025-01-01,2025-01-01,1,368.663333,368.6,False
Lake Turkana,RandomWalk,2024-11-01,2025-01-01,3,368.388333,368.6,False
Lake Turkana,RandomWalk,2024-08-01,2025-01-01,6,367.9725,368.6,False
Lake Turkana,RandomWalk,2024-02-01,2025-01-01,12,367.204,368.6,False
Lake Turkana,RandomWalk,2025-02-01,2025-02-01,1,368.6,368.62,False
Lake Turkana,RandomWalk,2024-12-01,2025-02-01,3,368.515,368.62,False
Lake Turkana,RandomWalk,2024-09-01,2025-02-01,6,368.134,368.62,False
Lake Turkana,RandomWalk,2024-03-01,2025-02-01,12,367.256667,368.62,False
Lake Turkana,RandomWalk,2025-03-01,2025-03-01,1,368.62,368.595,False
Lake Turkana,RandomWalk,2025-01-01,2025-03-01,3,368.663333,368.595,False
Lake Turkana,RandomWalk,2024-10-01,2025-03-01,6,368.3,368.595,False
Lake Turkana,RandomWalk,2024-04-01,2025-03-01,12,367.27,368.595,False
Lake Turkana,RandomWalk,2025-04-01,2025-04-01,1,368.595,368.636667,False
Lake Turkana,RandomWalk,2025-02-01,2025-04-01,3,368.6,368.636667,False
Lake Turkana,RandomWalk,2024-11-01,2025-04-01,6,368.388333,368.636667,False
Lake Turkana,RandomWalk,2024-05-01,2025-04-01,12,367.434,368.636667,False
Lake Turkana,RandomWalk,2025-05-01,2025-05-01,1,368.636667,368.796667,False
Lake Turkana,RandomWalk,2025-03-01,2025-05-01,3,368.62,368.796667,False
Lake Turkana,RandomWalk,2024-12-01,2025-05-01,6,368.515,368.796667,False
Lake Turkana,RandomWalk,2024-06-01,2025-05-01,12,367.86375,368.796667,False
Lake Turkana,RandomWalk,2025-06-01,2025-06-01,1,368.796667,368.756667,False
Lake Turkana,RandomWalk,2025-04-01,2025-06-01,3,368.595,368.756667,False
Lake Turkana,RandomWalk,2025-01-01,2025-06-01,6,368.663333,368.756667,False
Lake Turkana,RandomWalk,2024-07-01,2025-06-01,12,367.976,368.756667,False
Lake Turkana,RandomWalk,2025-07-01,2025-07-01,1,368.756667,368.8475,False
Lake Turkana,RandomWalk,2025-05-01,2025-07-01,3,368.636667,368.8475,False
Lake Turkana,RandomWalk,2025-02-01,2025-07-01,6,368.6,368.8475,False
Lake Turkana,RandomWalk,2024-08-01,2025-07-01,12,367.9725,368.8475,False
Lake Turkana,RandomWalk,2025-08-01,2025-08-01,1,368.8475,369.003333,False
Lake Turkana,RandomWalk,2025-06-01,2025-08-01,3,368.796667,369.003333,False
Lake Turkana,RandomWalk,2025-03-01,2025-08-01,6,368.62,369.003333,False
Lake Turkana,RandomWalk,2024-09-01,2025-08-01,12,368.134,369.003333,False
Lake Turkana,RandomWalk,2025-09-01,2025-09-01,1,369.003333,369.13,False
Lake Turkana,RandomWalk,2025-07-01,2025-09-01,3,368.756667,369.13,False
Lake Turkana,RandomWalk,2025-04-01,2025-09-01,6,368.595,369.13,False
Lake Turkana,RandomWalk,2024-10-01,2025-09-01,12,368.3,369.13,False
Lake Turkana,RandomWalk,2025-10-01,2025-10-01,1,369.13,369.293333,False
Lake Turkana,RandomWalk,2025-08-01,2025-10-01,3,368.8475,369.293333,False
Lake Turkana,RandomWalk,2025-05-01,2025-10-01,6,368.636667,369.293333,False
Lake Turkana,RandomWalk,2024-11-01,2025-10-01,12,368.388333,369.293333,False
Lake Turkana,RandomWalk,2025-11-01,2025-11-01,1,369.293333,369.343333,False
Lake Turkana,RandomWalk,2025-09-01,2025-11-01,3,369.003333,369.343333,False
Lake Turkana,RandomWalk,2025-06-01,2025-11-01,6,368.796667,369.343333,False
Lake Turkana,RandomWalk,2024-12-01,2025-11-01,12,368.515,369.343333,False
Lake Turkana,RandomWalk,2025-12-01,2025-12-01,1,369.343333,369.27,False
Lake Turkana,RandomWalk,2025-10-01,2025-12-01,3,369.13,369.27,False
Lake Turkana,RandomWalk,2025-07-01,2025-12-01,6,368.756667,369.27,False
Lake Turkana,RandomWalk,2025-01-01,2025-12-01,12,368.663333,369.27,False
Lake Turkana,SeasonalNaive,2021-01-01,2021-01-01,1,364.44,366.4025,False
Lake Turkana,SeasonalNaive,2021-02-01,2021-02-01,1,364.51,366.306,False
Lake Turkana,SeasonalNaive,2021-03-01,2021-03-01,1,364.525,366.272,False
Lake Turkana,SeasonalNaive,2021-01-01,2021-03-01,3,364.525,366.272,False
Lake Turkana,SeasonalNaive,2021-04-01,2021-04-01,1,364.64,366.234,False
Lake Turkana,SeasonalNaive,2021-02-01,2021-04-01,3,364.64,366.234,False
Lake Turkana,SeasonalNaive,2021-05-01,2021-05-01,1,364.973333,366.362,False
Lake Turkana,SeasonalNaive,2021-03-01,2021-05-01,3,364.973333,366.362,False
Lake Turkana,SeasonalNaive,2021-06-01,2021-06-01,1,365.15,366.39,False
Lake Turkana,SeasonalNaive,2021-04-01,2021-06-01,3,365.15,366.39,False
Lake Turkana,SeasonalNaive,2021-01-01,2021-06-01,6,365.15,366.39,False
Lake Turkana,SeasonalNaive,2021-07-01,2021-07-01,1,365.25875,366.338333,False
Lake Turkana,SeasonalNaive,2021-05-01,2021-07-01,3,365.25875,366.338333,False
Lake Turkana,SeasonalNaive,2021-02-01,2021-07-01,6,365.25875,366.338333,False
Lake Turkana,SeasonalNaive,2021-08-01,2021-08-01,1,365.55,366.381667,False
Lake Turkana,SeasonalNaive,2021-06-01,2021-08-01,3,365.55,366.381667,False
Lake Turkana,SeasonalNaive,2021-03-01,2021-08-01,6,365.55,366.381667,False
Lake Turkana,SeasonalNaive,2021-09-01,2021-09-01,1,365.942,366.453333,False
Lake Turkana,SeasonalNaive,2021-07-01,2021-09-01,3,365.942,366.453333,False
Lake Turkana,SeasonalNaive,2021-04-01,2021-09-01,6,365.942,366.453333,False
Lake Turkana,SeasonalNaive,2021-10-01,2021-10-01,1,366.316,366.845,False
Lake Turkana,SeasonalNaive,2021-08-01,2021-10-01,3,366.316,366.845,False
Lake Turkana,SeasonalNaive,2021-05-01,2021-10-01,6,366.316,366.845,False
Lake Turkana,SeasonalNaive,2021-11-01,2021-11-01,1,366.446,366.95,False
Lake Turkana,SeasonalNaive,2021-09-01,2021-11-01,3,366.446,366.95,False
Lake Turkana,SeasonalNaive,2021-06-01,2021-11-01,6,366.446,366.95,False
Lake Turkana,SeasonalNaive,2021-12-01,2021-12-01,1,366.451667,366.86,False
Lake Turkana,SeasonalNaive,2021-10-01,2021-12-01,3,366.451667,366.86,False
Lake Turkana,SeasonalNaive,2021-07-01,2021-12-01,6,366.451667,366.86,False
Lake Turkana,SeasonalNaive,2021-01-01,2021-12-01,12,366.451667,366.86,False
Lake Turkana,SeasonalNaive,2022-01-01,2022-01-01,1,366.4025,366.87,False
Lake Turkana,SeasonalNaive,2021-11-01,2022-01-01,3,366.4025,366.87,False
Lake Turkana,SeasonalNaive,2021-08-01,2022-01-01,6,366.4025,366.87,False
Lake Turkana,SeasonalNaive,2021-02-01,2022-01-01,12,366.4025,366.87,False
Lake Turkana,SeasonalNaive,2022-02-01,2022-02-01,1,366.306,366.87,False
Lake Turkana,SeasonalNaive,2021-12-01,2022-02-01,3,366.306,366.87,False
Lake Turkana,SeasonalNaive,2021-09-01,2022-02-01,6,366.306,366.87,False
Lake Turkana,SeasonalNaive,2021-03-01,2022-02-01,12,366.306,366.87,False
Lake Turkana,SeasonalNaive,2022-03-01,2022-03-01,1,366.272,366.83,False
Lake Turkana,SeasonalNaive,2022-01-01,2022-03-01,3,366.272,366.83,False
Lake Turkana,SeasonalNaive,2021-10-01,2022-03-01,6,366.272,366.83,False
Lake Turkana,SeasonalNaive,2021-04-01,2022-03-01,12,366.272,366.83,False
Lake Turkana,SeasonalNaive,2022-04-01,2022-04-01,1,366.234,366.756,False
Lake Turkana,SeasonalNaive,2022-02-01,2022-04-01,3,366.234,366.756,False
Lake Turkana,SeasonalNaive,2021-11-01,2022-04-01,6,366.234,366.756,False
Lake Turkana,SeasonalNaive,2021-05-01,2022-04-01,12,366.234,366.756,False
Lake Turkana,SeasonalNaive,2022-05-01,2022-05-01,1,366.362,366.791,False
Lake Turkana,SeasonalNaive,2022-03-01,2022-05-01,3,366.362,366.791,False
Lake Turkana,SeasonalNaive,2021-12-01,2022-05-01,6,366.362,366.791,False
Lake Turkana,SeasonalNaive,2021-06-01,2022-05-01,12,366.362,366.791,False
Lake Turkana,SeasonalNaive,2022-06-01,2022-06-01,1,366.39,366.75,False
Lake Turkana,SeasonalNaive,2022-04-01,2022-06-01,3,366.39,366.75,False
Lake Turkana,SeasonalNaive,2022-01-01,2022-06-01,6,366.39,366.75,False
Lake Turkana,SeasonalNaive,2021-07-01,2022-06-01,12,366.39,366.75,False
Lake Turkana,SeasonalNaive,2022-07-01,2022-07-01,1,366.338333,366.73,False
Lake Turkana,SeasonalNaive,2022-05-01,2022-07-01,3,366.338333,366.73,False
Lake Turkana,SeasonalNaive,2022-02-01,2022-07-01,6,366.338333,366.73,False
Lake Turkana,SeasonalNaive,2021-08-01,2022-07-01,12,366.338333,366.73,False
Lake Turkana,SeasonalNaive,2022-08-01,2022-08-01,1,366.381667,366.684,False
Lake Turkana,SeasonalNaive,2022-06-01,2022-08-01,3,366.381667,366.684,False
Lake Turkana,SeasonalNaive,2022-03-01,2022-08-01,6,366.381667,366.684,False
Lake Turkana,SeasonalNaive,2021-09-01,2022-08-01,12,366.381667,366.684,False
Lake Turkana,SeasonalNaive,2022-09-01,2022-09-01,1,366.453333,366.714,False
Lake Turkana,SeasonalNaive,2022-07-01,2022-09-01,3,366.453333,366.714,False
Lake Turkana,SeasonalNaive,2022-04-01,2022-09-01,6,366.453333,366.714,False
Lake Turkana,SeasonalNaive,2021-10-01,2022-09-01,12,366.453333,366.714,False
Lake Turkana,SeasonalNaive,2022-10-01,2022-10-01,1,366.845,366.702,False
Lake Turkana,SeasonalNaive,2022-08-01,2022-10-01,3,366.845,366.702,False
Lake Turkana,SeasonalNaive,2022-05-01,2022-10-01,6,366.845,366.702,False
Lake Turkana,SeasonalNaive,2021-11-01,2022-10-01,12,366.845,366.702,False
Lake Turkana,SeasonalNaive,2022-11-01,2022-11-01,1,366.95,366.7,False
Lake Turkana,SeasonalNaive,2022-09-01,2022-11-01,3,366.95,366.7,False
Lake Turkana,SeasonalNaive,2022-06-01,2022-11-01,6,366.95,366.7,False
Lake Turkana,SeasonalNaive,2021-12-01,2022-11-01,12,366.95,366.7,False
Lake Turkana,SeasonalNaive,2022-12-01,2022-12-01,1,366.86,366.636667,False
Lake Turkana,SeasonalNaive,2022-10-01,2022-12-01,3,366.86,366.636667,False
Lake Turkana,SeasonalNaive,2022-07-01,2022-12-01,6,366.86,366.636667,False
Lake Turkana,SeasonalNaive,2022-01-01,2022-12-01,12,366.86,366.636667,False
Lake Turkana,SeasonalNaive,2023-01-01,2023-01-01,1,366.87,366.563333,False
Lake Turkana,SeasonalNaive,2022-11-01,2023-01-01,3,366.87,366.563333,False
Lake Turkana,SeasonalNaive,2022-08-01,2023-01-01,6,366.87,366.563333,False
Lake Turkana,SeasonalNaive,2022-02-01,2023-01-01,12,366.87,366.563333,False
Lake Turkana,SeasonalNaive,2023-02-01,2023-02-01,1,366.87,366.5025,False
Lake Turkana,SeasonalNaive,2022-12-01,2023-02-01,3,366.87,366.5025,False
Lake Turkana,SeasonalNaive,2022-09-01,2023-02-01,6,366.87,366.5025,False
Lake Turkana,SeasonalNaive,2022-03-01,2023-02-01,12,366.87,366.5025,False
Lake Turkana,SeasonalNaive,2023-03-01,2023-03-01,1,366.83,366.499,False
Lake Turkana,SeasonalNaive,2023-01-01,2023-03-01,3,366.83,366.499,False
Lake Turkana,SeasonalNaive,2022-10-01,2023-03-01,6,366.83,366.499,False
Lake Turkana,SeasonalNaive,2022-04-01,2023-03-01,12,366.83,366.499,False
Lake Turkana,SeasonalNaive,2023-04-01,2023-04-01,1,366.756,366.696,False
Lake Turkana,SeasonalNaive,2023-02-01,2023-04-01,3,366.756,366.696,False
Lake Turkana,SeasonalNaive,2022-11-01,2023-04-01,6,366.756,366.696,False
Lake Turkana,SeasonalNaive,2022-05-01,2023-04-01,12,366.756,366.696,False
Lake Turkana,SeasonalNaive,2023-05-01,2023-05-01,1,366.791,366.904,False
Lake Turkana,SeasonalNaive,2023-03-01,2023-05-01,3,366.791,366.904,False
Lake Turkana,SeasonalNaive,2022-12-01,2023-05-01,6,366.791,366.904,False
Lake Turkana,SeasonalNaive,2022-06-01,2023-05-01,12,366.791,366.904,False
Lake Turkana,SeasonalNaive,2023-06-01,2023-06-01,1,366.75,366.936,False
Lake Turkana,SeasonalNaive,2023-04-01,2023-06-01,3,366.75,366.936,False
Lake Turkana,SeasonalNaive,2023-01-01,2023-06-01,6,366.75,366.936,False
Lake Turkana,SeasonalNaive,2022-07-01,2023-06-01,12,366.75,366.936,False
Lake Turkana,SeasonalNaive,2023-07-01,2023-07-01,1,366.73,366.869,False
Lake Turkana,SeasonalNaive,2023-05-01,2023-07-01,3,366.73,366.869,False
Lake Turkana,SeasonalNaive,2023-02-01,2023-07-01,6,366.73,366.869,False
Lake Turkana,SeasonalNaive,2022-08-01,2023-07-01,12,366.73,366.869,False
Lake Turkana,SeasonalNaive,2023-08-01,2023-08-01,1,366.684,366.793333,False
Lake Turkana,SeasonalNaive,2023-06-01,2023-08-01,3,366.684,366.793333,False
Lake Turkana,SeasonalNaive,2023-03-01,2023-08-01,6,366.684,366.793333,False
Lake Turkana,SeasonalNaive,2022-09-01,2023-08-01,12,366.684,366.793333,False
Lake Turkana,SeasonalNaive,2023-09-01,2023-09-01,1,366.714,366.7825,False
Lake Turkana,SeasonalNaive,2023-07-01,2023-09-01,3,366.714,366.7825,False
Lake Turkana,SeasonalNaive,2023-04-01,2023-09-01,6,366.714,366.7825,False
Lake Turkana,SeasonalNaive,2022-10-01,2023-09-01,12,366.714,366.7825,False
Lake Turkana,SeasonalNaive,2023-10-01,2023-10-01,1,366.702,366.826,False
Lake Turkana,SeasonalNaive,2023-08-01,2023-10-01,3,366.702,366.826,False
Lake Turkana,SeasonalNaive,2023-05-01,2023-10-01,6,366.702,366.826,False
Lake Turkana,SeasonalNaive,2022-11-01,2023-10-01,12,366.702,366.826,False
Lake Turkana,SeasonalNaive,2023-11-01,2023-11-01,1,366.7,367.1,False
Lake Turkana,SeasonalNaive,2023-09-01,2023-11-01,3,366.7,367.1,False
Lake Turkana,SeasonalNaive,2023-06-01,2023-11-01,6,366.7,367.1,False
Lake Turkana,SeasonalNaive,2022-12-01,2023-11-01,12,366.7,367.1,False
Lake Turkana,SeasonalNaive,2023-12-01,2023-12-01,1,366.636667,367.222,False
Lake Turkana,SeasonalNaive,2023-10-01,2023-12-01,3,366.636667,367.222,False
Lake Turkana,SeasonalNaive,2023-07-01,2023-12-01,6,366.636667,367.222,False
Lake Turkana,SeasonalNaive,2023-01-01,2023-12-01,12,366.636667,367.222,False
Lake Turkana,SeasonalNaive,2024-01-01,2024-01-01,1,366.563333,367.204,False
Lake Turkana,SeasonalNaive,2023-11-01,2024-01-01,3,366.563333,367.204,False
Lake Turkana,SeasonalNaive,2023-08-01,2024-01-01,6,366.563333,367.204,False
Lake Turkana,SeasonalNaive,2023-02-01,2024-01-01,12,366.563333,367.204,False
Lake Turkana,SeasonalNaive,2024-02-01,2024-02-01,1,366.5025,367.256667,False
Lake Turkana,SeasonalNaive,2023-12-01,2024-02-01,3,366.5025,367.256667,False
Lake Turkana,SeasonalNaive,2023-09-01,2024-02-01,6,366.5025,367.256667,False
Lake Turkana,SeasonalNaive,2023-03-01,2024-02-01,12,366.5025,367.256667,False
Lake Turkana,SeasonalNaive,2024-03-01,2024-03-01,1,366.499,367.27,False
Lake Turkana,SeasonalNaive,2024-01-01,2024-03-01,3,366.499,367.27,False
Lake Turkana,SeasonalNaive,2023-10-01,2024-03-01,6,366.499,367.27,False
Lake Turkana,SeasonalNaive,2023-04-01,2024-03-01,12,366.499,367.27,False
Lake Turkana,SeasonalNaive,2024-04-01,2024-04-01,1,366.696,367.434,False
Lake Turkana,SeasonalNaive,2024-02-01,2024-04-01,3,366.696,367.434,False
Lake Turkana,SeasonalNaive,2023-11-01,2024-04-01,6,366.696,367.434,False
Lake Turkana,SeasonalNaive,2023-05-01,2024-04-01,12,366.696,367.434,False
Lake Turkana,SeasonalNaive,2024-05-01,2024-05-01,1,366.904,367.86375,False
Lake Turkana,SeasonalNaive,2024-03-01,2024-05-01,3,366.904,367.86375,False
Lake Turkana,SeasonalNaive,2023-12-01,2024-05-01,6,366.904,367.86375,False
Lake Turkana,SeasonalNaive,2023-06-01,2024-05-01,12,366.904,367.86375,False
Lake Turkana,SeasonalNaive,2024-06-01,2024-06-01,1,366.936,367.976,False
Lake Turkana,SeasonalNaive,2024-04-01,2024-06-01,3,366.936,367.976,False
Lake Turkana,SeasonalNaive,2024-01-01,2024-06-01,6,366.936,367.976,False
Lake Turkana,SeasonalNaive,2023-07-01,2024-06-01,12,366.936,367.976,False
Lake Turkana,SeasonalNaive,2024-07-01,2024-07-01,1,366.869,367.9725,False
Lake Turkana,SeasonalNaive,2024-05-01,2024-07-01,3,366.869,367.9725,False
Lake Turkana,SeasonalNaive,2024-02-01,2024-07-01,6,366.869,367.9725,False
Lake Turkana,SeasonalNaive,2023-08-01,2024-07-01,12,366.869,367.9725,False
Lake Turkana,SeasonalNaive,2024-08-01,2024-08-01,1,366.793333,368.134,False
Lake Turkana,SeasonalNaive,2024-06-01,2024-08-01,3,366.793333,368.134,False
Lake Turkana,SeasonalNaive,2024-03-01,2024-08-01,6,366.793333,368.134,False
Lake Turkana,SeasonalNaive,2023-09-01,2024-08-01,12,366.793333,368.134,False
Lake Turkana,SeasonalNaive,2024-09-01,2024-09-01,1,366.7825,368.3,False
Lake Turkana,SeasonalNaive,2024-07-01,2024-09-01,3,366.7825,368.3,False
Lake Turkana,SeasonalNaive,2024-04-01,2024-09-01,6,366.7825,368.3,False
Lake Turkana,SeasonalNaive,2023-10-01,2024-09-01,12,366.7825,368.3,False
Lake Turkana,SeasonalNaive,2024-10-01,2024-10-01,1,366.826,368.388333,False
Lake Turkana,SeasonalNaive,2024-08-01,2024-10-01,3,366.826,368.388333,False
Lake Turkana,SeasonalNaive,2024-05-01,2024-10-01,6,366.826,368.388333,False
Lake Turkana,SeasonalNaive,2023-11-01,2024-10-01,12,366.826,368.388333,False
Lake Turkana,SeasonalNaive,2024-11-01,2024-11-01,1,367.1,368.515,False
Lake Turkana,SeasonalNaive,2024-09-01,2024-11-01,3,367.1,368.515,False
Lake Turkana,SeasonalNaive,2024-06-01,2024-11-01,6,367.1,368.515,False
Lake Turkana,SeasonalNaive,2023-12-01,2024-11-01,12,367.1,368.515,False
Lake Turkana,SeasonalNaive,2024-12-01,2024-12-01,1,367.222,368.663333,False
Lake Turkana,SeasonalNaive,2024-10-01,2024-12-01,3,367.222,368.663333,False
Lake Turkana,SeasonalNaive,2024-07-01,2024-12-01,6,367.222,368.663333,False
Lake Turkana,SeasonalNaive,2024-01-01,2024-12-01,12,367.222,368.663333,False
Lake Turkana,SeasonalNaive,2025-01-01,2025-01-01,1,367.204,368.6,False
Lake Turkana,SeasonalNaive,2024-11-01,2025-01-01,3,367.204,368.6,False
Lake Turkana,SeasonalNaive,2024-08-01,2025-01-01,6,367.204,368.6,False
Lake Turkana,SeasonalNaive,2024-02-01,2025-01-01,12,367.204,368.6,False
Lake Turkana,SeasonalNaive,2025-02-01,2025-02-01,1,367.256667,368.62,False
Lake Turkana,SeasonalNaive,2024-12-01,2025-02-01,3,367.256667,368.62,False
Lake Turkana,SeasonalNaive,2024-09-01,2025-02-01,6,367.256667,368.62,False
Lake Turkana,SeasonalNaive,2024-03-01,2025-02-01,12,367.256667,368.62,False
Lake Turkana,SeasonalNaive,2025-03-01,2025-03-01,1,367.27,368.595,False
Lake Turkana,SeasonalNaive,2025-01-01,2025-03-01,3,367.27,368.595,False
Lake Turkana,SeasonalNaive,2024-10-01,2025-03-01,6,367.27,368.595,False
Lake Turkana,SeasonalNaive,2024-04-01,2025-03-01,12,367.27,368.595,False
Lake Turkana,SeasonalNaive,2025-04-01,2025-04-01,1,367.434,368.636667,False
Lake Turkana,SeasonalNaive,2025-02-01,2025-04-01,3,367.434,368.636667,False
Lake Turkana,SeasonalNaive,2024-11-01,2025-04-01,6,367.434,368.636667,False
Lake Turkana,SeasonalNaive,2024-05-01,2025-04-01,12,367.434,368.636667,False
Lake Turkana,SeasonalNaive,2025-05-01,2025-05-01,1,367.86375,368.796667,False
Lake Turkana,SeasonalNaive,2025-03-01,2025-05-01,3,367.86375,368.796667,False
Lake Turkana,SeasonalNaive,2024-12-01,2025-05-01,6,367.86375,368.796667,False
Lake Turkana,SeasonalNaive,2024-06-01,2025-05-01,12,367.86375,368.796667,False
Lake Turkana,SeasonalNaive,2025-06-01,2025-06-01,1,367.976,368.756667,False
Lake Turkana,SeasonalNaive,2025-04-01,2025-06-01,3,367.976,368.756667,False
Lake Turkana,SeasonalNaive,2025-01-01,2025-06-01,6,367.976,368.756667,False
Lake Turkana,SeasonalNaive,2024-07-01,2025-06-01,12,367.976,368.756667,False
Lake Turkana,SeasonalNaive,2025-07-01,2025-07-01,1,367.9725,368.8475,False
Lake Turkana,SeasonalNaive,2025-05-01,2025-07-01,3,367.9725,368.8475,False
Lake Turkana,SeasonalNaive,2025-02-01,2025-07-01,6,367.9725,368.8475,False
Lake Turkana,SeasonalNaive,2024-08-01,2025-07-01,12,367.9725,368.8475,False
Lake Turkana,SeasonalNaive,2025-08-01,2025-08-01,1,368.134,369.003333,False
Lake Turkana,SeasonalNaive,2025-06-01,2025-08-01,3,368.134,369.003333,False
Lake Turkana,SeasonalNaive,2025-03-01,2025-08-01,6,368.134,369.003333,False
Lake Turkana,SeasonalNaive,2024-09-01,2025-08-01,12,368.134,369.003333,False
Lake Turkana,SeasonalNaive,2025-09-01,2025-09-01,1,368.3,369.13,False
Lake Turkana,SeasonalNaive,2025-07-01,2025-09-01,3,368.3,369.13,False
Lake Turkana,SeasonalNaive,2025-04-01,2025-09-01,6,368.3,369.13,False
Lake Turkana,SeasonalNaive,2024-10-01,2025-09-01,12,368.3,369.13,False
Lake Turkana,SeasonalNaive,2025-10-01,2025-10-01,1,368.388333,369.293333,False
Lake Turkana,SeasonalNaive,2025-08-01,2025-10-01,3,368.388333,369.293333,False
Lake Turkana,SeasonalNaive,2025-05-01,2025-10-01,6,368.388333,369.293333,False
Lake Turkana,SeasonalNaive,2024-11-01,2025-10-01,12,368.388333,369.293333,False
Lake Turkana,SeasonalNaive,2025-11-01,2025-11-01,1,368.515,369.343333,False
Lake Turkana,SeasonalNaive,2025-09-01,2025-11-01,3,368.515,369.343333,False
Lake Turkana,SeasonalNaive,2025-06-01,2025-11-01,6,368.515,369.343333,False
Lake Turkana,SeasonalNaive,2024-12-01,2025-11-01,12,368.515,369.343333,False
Lake Turkana,SeasonalNaive,2025-12-01,2025-12-01,1,368.663333,369.27,False
Lake Turkana,SeasonalNaive,2025-10-01,2025-12-01,3,368.663333,369.27,False
Lake Turkana,SeasonalNaive,2025-07-01,2025-12-01,6,368.663333,369.27,False
Lake Turkana,SeasonalNaive,2025-01-01,2025-12-01,12,368.663333,369.27,False
Lake Turkana,ARIMA,2021-01-01,2021-01-01,1,366.402876,366.4025,False
Lake Turkana,ARIMA,2021-02-01,2021-02-01,1,366.313148,366.306,False
Lake Turkana,ARIMA,2021-03-01,2021-03-01,1,366.198759,366.272,False
Lake Turkana,ARIMA,2021-01-01,2021-03-01,3,366.211409,366.272,False
Lake Turkana,ARIMA,2021-04-01,2021-04-01,1,366.232483,366.234,False
Lake Turkana,ARIMA,2021-02-01,2021-04-01,3,366.123316,366.234,False
Lake Turkana,ARIMA,2021-05-01,2021-05-01,1,366.199449,366.362,False
Lake Turkana,ARIMA,2021-03-01,2021-05-01,3,366.060794,366.362,False
Lake Turkana,ARIMA,2021-06-01,2021-06-01,1,366.477523,366.39,False
Lake Turkana,ARIMA,2021-04-01,2021-06-01,3,366.202933,366.39,False
Lake Turkana,ARIMA,2021-01-01,2021-06-01,6,366.077677,366.39,False
Lake Turkana,ARIMA,2021-07-01,2021-07-01,1,366.415304,366.338333,False
Lake Turkana,ARIMA,2021-05-01,2021-07-01,3,366.259529,366.338333,False
Lake Turkana,ARIMA,2021-02-01,2021-07-01,6,366.129989,366.338333,False
Lake Turkana,ARIMA,2021-08-01,2021-08-01,1,366.36722,366.381667,False
Lake Turkana,ARIMA,2021-06-01,2021-08-01,3,366.658567,366.381667,False
Lake Turkana,ARIMA,2021-03-01,2021-08-01,6,366.205445,366.381667,False
Lake Turkana,ARIMA,2021-09-01,2021-09-01,1,366.475261,366.453333,False
Lake Turkana,ARIMA,2021-07-01,2021-09-01,3,366.594152,366.453333,False
Lake Turkana,ARIMA,2021-04-01,2021-09-01,6,366.446685,366.453333,False
Lake Turkana,ARIMA,2021-10-01,2021-10-01,1,366.522679,366.845,False
Lake Turkana,ARIMA,2021-08-01,2021-10-01,3,366.532491,366.845,False
Lake Turkana,ARIMA,2021-05-01,2021-10-01,6,366.535737,366.845,False
Lake Turkana,ARIMA,2021-11-01,2021-11-01,1,367.105521,366.95,False
Lake Turkana,ARIMA,2021-09-01,2021-11-01,3,366.607411,366.95,False
Lake Turkana,ARIMA,2021-06-01,2021-11-01,6,366.894908,366.95,False
Lake Turkana,ARIMA,2021-12-01,2021-12-01,1,366.902827,366.86,False
Lake Turkana,ARIMA,2021-10-01,2021-12-01,3,366.563867,366.86,False
Lake Turkana,ARIMA,2021-07-01,2021-12-01,6,366.725357,366.86,False
Lake Turkana,ARIMA,2021-01-01,2021-12-01,12,366.453245,366.86,False
Lake Turkana,ARIMA,2022-01-01,2022-01-01,1,366.766506,366.87,False
Lake Turkana,ARIMA,2021-11-01,2022-01-01,3,367.127105,366.87,False
Lake Turkana,ARIMA,2021-08-01,2022-01-01,6,366.526874,366.87,False
Lake Turkana,ARIMA,2021-02-01,2022-01-01,12,366.400409,366.87,False
Lake Turkana,ARIMA,2022-02-01,2022-02-01,1,366.840221,366.87,False
Lake Turkana,ARIMA,2021-12-01,2022-02-01,3,366.746785,366.87,False
Lake Turkana,ARIMA,2021-09-01,2022-02-01,6,366.467788,366.87,False
Lake Turkana,ARIMA,2021-03-01,2022-02-01,12,366.29889,366.87,False
Lake Turkana,ARIMA,2022-03-01,2022-03-01,1,366.806408,366.83,False
Lake Turkana,ARIMA,2022-01-01,2022-03-01,3,366.564312,366.83,False
Lake Turkana,ARIMA,2021-10-01,2022-03-01,6,366.326852,366.83,False
Lake Turkana,ARIMA,2021-04-01,2022-03-01,12,366.340697,366.83,False
Lake Turkana,ARIMA,2022-04-01,2022-04-01,1,366.770596,366.756,False
Lake Turkana,ARIMA,2022-02-01,2022-04-01,3,366.675823,366.756,False
Lake Turkana,ARIMA,2021-11-01,2022-04-01,6,366.858301,366.756,False
Lake Turkana,ARIMA,2021-05-01,2022-04-01,12,366.25873,366.756,False
Lake Turkana,ARIMA,2022-05-01,2022-05-01,1,366.705146,366.791,False
Lake Turkana,ARIMA,2022-03-01,2022-05-01,3,366.685711,366.791,False
Lake Turkana,ARIMA,2021-12-01,2022-05-01,6,366.512664,366.791,False
Lake Turkana,ARIMA,2021-06-01,2022-05-01,12,366.525041,366.791,False
Lake Turkana,ARIMA,2022-06-01,2022-06-01,1,366.849422,366.75,False
Lake Turkana,ARIMA,2022-04-01,2022-06-01,3,366.73302,366.75,False
Lake Turkana,ARIMA,2022-01-01,2022-06-01,6,366.432874,366.75,False
Lake Turkana,ARIMA,2021-07-01,2022-06-01,12,366.35804,366.75,False
Lake Turkana,ARIMA,2022-07-01,2022-07-01,1,366.749651,366.73,False
Lake Turkana,ARIMA,2022-05-01,2022-07-01,3,366.756334,366.73,False
Lake Turkana,ARIMA,2022-02-01,2022-07-01,6,366.681963,366.73,False
Lake Turkana,ARIMA,2021-08-01,2022-07-01,12,366.259753,366.73,False
Lake Turkana,ARIMA,2022-08-01,2022-08-01,1,366.788416,366.684,False
Lake Turkana,ARIMA,2022-06-01,2022-08-01,3,367.005996,366.684,False
Lake Turkana,ARIMA,2022-03-01,2022-08-01,6,366.825115,366.684,False
Lake Turkana,ARIMA,2021-09-01,2022-08-01,12,366.372967,366.684,False
Lake Turkana,ARIMA,2022-09-01,2022-09-01,1,366.704458,366.714,False
Lake Turkana,ARIMA,2022-07-01,2022-09-01,3,366.915516,366.714,False
Lake Turkana,ARIMA,2022-04-01,2022-09-01,6,366.968535,366.714,False
Lake Turkana,ARIMA,2021-10-01,2022-09-01,12,366.428116,366.714,False
Lake Turkana,ARIMA,2022-10-01,2022-10-01,1,366.783227,366.702,False
Lake Turkana,ARIMA,2022-08-01,2022-10-01,3,366.961269,366.702,False
Lake Turkana,ARIMA,2022-05-01,2022-10-01,6,367.024821,366.702,False
Lake Turkana,ARIMA,2021-11-01,2022-10-01,12,367.134522,366.702,False
Lake Turkana,ARIMA,2022-11-01,2022-11-01,1,366.691659,366.7,False
Lake Turkana,ARIMA,2022-09-01,2022-11-01,3,366.809711,366.7,False
Lake Turkana,ARIMA,2022-06-01,2022-11-01,6,367.236723,366.7,False
Lake Turkana,ARIMA,2021-12-01,2022-11-01,12,366.881778,366.7,False
Lake Turkana,ARIMA,2022-12-01,2022-12-01,1,366.688906,366.636667,False
Lake Turkana,ARIMA,2022-10-01,2022-12-01,3,366.825868,366.636667,False
Lake Turkana,ARIMA,2022-07-01,2022-12-01,6,367.045288,366.636667,False
Lake Turkana,ARIMA,2022-01-01,2022-12-01,12,366.797074,366.636667,False
Lake Turkana,ARIMA,2023-01-01,2023-01-01,1,366.549955,366.563333,False
Lake Turkana,ARIMA,2022-11-01,2023-01-01,3,366.621782,366.563333,False
Lake Turkana,ARIMA,2022-08-01,2023-01-01,6,366.958206,366.563333,False
Lake Turkana,ARIMA,2022-02-01,2023-01-01,12,366.946698,366.563333,False
Lake Turkana,ARIMA,2023-02-01,2023-02-01,1,366.477989,366.5025,False
Lake Turkana,ARIMA,2022-12-01,2023-02-01,3,366.552677,366.5025,False
Lake Turkana,ARIMA,2022-09-01,2023-02-01,6,366.674091,366.5025,False
Lake Turkana,ARIMA,2022-03-01,2023-02-01,12,366.919416,366.5025,False
Lake Turkana,ARIMA,2023-03-01,2023-03-01,1,366.422303,366.499,False
Lake Turkana,ARIMA,2023-01-01,2023-03-01,3,366.356479,366.499,False
Lake Turkana,ARIMA,2022-10-01,2023-03-01,6,366.595568,366.499,False
Lake Turkana,ARIMA,2022-04-01,2023-03-01,12,366.868193,366.499,False
Lake Turkana,ARIMA,2023-04-01,2023-04-01,1,366.471946,366.696,False
Lake Turkana,ARIMA,2023-02-01,2023-04-01,3,366.298212,366.696,False
Lake Turkana,ARIMA,2022-11-01,2023-04-01,6,366.356802,366.696,False
Lake Turkana,ARIMA,2022-05-01,2023-04-01,12,366.757011,366.696,False
Lake Turkana,ARIMA,2023-05-01,2023-05-01,1,366.814171,366.904,False
Lake Turkana,ARIMA,2023-03-01,2023-05-01,3,366.297189,366.904,False
Lake Turkana,ARIMA,2022-12-01,2023-05-01,6,366.32485,366.904,False
Lake Turkana,ARIMA,2022-06-01,2023-05-01,12,366.875783,366.904,False
Lake Turkana,ARIMA,2023-06-01,2023-06-01,1,367.010073,366.936,False
Lake Turkana,ARIMA,2023-04-01,2023-06-01,3,366.443718,366.936,False
Lake Turkana,ARIMA,2023-01-01,2023-06-01,6,366.224994,366.936,False
Lake Turkana,ARIMA,2022-07-01,2023-06-01,12,366.684871,366.936,False
Lake Turkana,ARIMA,2023-07-01,2023-07-01,1,366.962175,366.869,False
Lake Turkana,ARIMA,2023-05-01,2023-07-01,3,366.91912,366.869,False
Lake Turkana,ARIMA,2023-02-01,2023-07-01,6,366.2983,366.869,False
Lake Turkana,ARIMA,2022-08-01,2023-07-01,12,366.695522,366.869,False
Lake Turkana,ARIMA,2023-08-01,2023-08-01,1,366.881207,366.793333,False
Lake Turkana,ARIMA,2023-06-01,2023-08-01,3,367.174546,366.793333,False
Lake Turkana,ARIMA,2023-03-01,2023-08-01,6,366.427445,366.793333,False
Lake Turkana,ARIMA,2022-09-01,2023-08-01,12,366.57687,366.793333,False
Lake Turkana,ARIMA,2023-09-01,2023-09-01,1,366.808578,366.7825,False
Lake Turkana,ARIMA,2023-07-01,2023-09-01,3,367.128531,366.7825,False
Lake Turkana,ARIMA,2023-04-01,2023-09-01,6,366.668795,366.7825,False
Lake Turkana,ARIMA,2022-10-01,2023-09-01,12,366.690577,366.7825,False
Lake Turkana,ARIMA,2023-10-01,2023-10-01,1,366.824749,366.826,False
Lake Turkana,ARIMA,2023-08-01,2023-10-01,3,367.031557,366.826,False
Lake Turkana,ARIMA,2023-05-01,2023-10-01,6,367.179037,366.826,False
Lake Turkana,ARIMA,2022-11-01,2023-10-01,12,366.615851,366.826,False
Lake Turkana,ARIMA,2023-11-01,2023-11-01,1,366.86413,367.1,False
Lake Turkana,ARIMA,2023-09-01,2023-11-01,3,366.910475,367.1,False
Lake Turkana,ARIMA,2023-06-01,2023-11-01,6,367.398153,367.1,False
Lake Turkana,ARIMA,2022-12-01,2023-11-01,12,366.67923,367.1,False
Lake Turkana,ARIMA,2023-12-01,2023-12-01,1,367.257792,367.222,False
Lake Turkana,ARIMA,2023-10-01,2023-12-01,3,366.86123,367.222,False
Lake Turkana,ARIMA,2023-07-01,2023-12-01,6,367.257533,367.222,False
Lake Turkana,ARIMA,2023-01-01,2023-12-01,12,366.578366,367.222,False
Lake Turkana,ARIMA,2024-01-01,2024-01-01,1,367.196883,367.204,False
Lake Turkana,ARIMA,2023-11-01,2024-01-01,3,366.8186,367.204,False
Lake Turkana,ARIMA,2023-08-01,2024-01-01,6,367.034334,367.204,False
Lake Turkana,ARIMA,2023-02-01,2024-01-01,12,366.557305,367.204,False
Lake Turkana,ARIMA,2024-02-01,2024-02-01,1,367.134707,367.256667,False
Lake Turkana,ARIMA,2023-12-01,2024-02-01,3,367.189291,367.256667,False
Lake Turkana,ARIMA,2023-09-01,2024-02-01,6,366.787317,367.256667,False
Lake Turkana,ARIMA,2023-03-01,2024-02-01,12,366.5237,367.256667,False
Lake Turkana,ARIMA,2024-03-01,2024-03-01,1,367.248428,367.27,False
Lake Turkana,ARIMA,2024-01-01,2024-03-01,3,367.03137,367.27,False
Lake Turkana,ARIMA,2023-10-01,2024-03-01,6,366.645505,367.27,False
Lake Turkana,ARIMA,2023-04-01,2024-03-01,12,366.578665,367.27,False
Lake Turkana,ARIMA,2024-04-01,2024-04-01,1,367.22644,367.434,False
Lake Turkana,ARIMA,2024-02-01,2024-04-01,3,366.963875,367.434,False
Lake Turkana,ARIMA,2023-11-01,2024-04-01,6,366.567371,367.434,False
Lake Turkana,ARIMA,2023-05-01,2024-04-01,12,366.931082,367.434,False
Lake Turkana,ARIMA,2024-05-01,2024-05-01,1,367.535125,367.86375,False
Lake Turkana,ARIMA,2024-03-01,2024-05-01,3,367.148161,367.86375,False
Lake Turkana,ARIMA,2023-12-01,2024-05-01,6,366.970655,367.86375,False
Lake Turkana,ARIMA,2023-06-01,2024-05-01,12,367.058043,367.86375,False
Lake Turkana,ARIMA,2024-06-01,2024-06-01,1,368.12278,367.976,False
Lake Turkana,ARIMA,2024-04-01,2024-06-01,3,367.188059,367.976,False
Lake Turkana,ARIMA,2024-01-01,2024-06-01,6,366.899822,367.976,False
Lake Turkana,ARIMA,2023-07-01,2024-06-01,12,366.913805,367.976,False
Lake Turkana,ARIMA,2024-07-01,2024-07-01,1,367.992615,367.9725,False
Lake Turkana,ARIMA,2024-05-01,2024-07-01,3,367.627606,367.9725,False
Lake Turkana,ARIMA,2024-02-01,2024-07-01,6,366.95741,367.9725,False
Lake Turkana,ARIMA,2023-08-01,2024-07-01,12,366.777967,367.9725,False
Lake Turkana,ARIMA,2024-08-01,2024-08-01,1,368.027566,368.134,False
Lake Turkana,ARIMA,2024-06-01,2024-08-01,3,368.333783,368.134,False
Lake Turkana,ARIMA,2024-03-01,2024-08-01,6,367.268921,368.134,False
Lake Turkana,ARIMA,2023-09-01,2024-08-01,12,366.685839,368.134,False
Lake Turkana,ARIMA,2024-09-01,2024-09-01,1,368.289115,368.3,False
Lake Turkana,ARIMA,2024-07-01,2024-09-01,3,368.148592,368.3,False
Lake Turkana,ARIMA,2024-04-01,2024-09-01,6,367.401782,368.3,False
Lake Turkana,ARIMA,2023-10-01,2024-09-01,12,366.725955,368.3,False
Lake Turkana,ARIMA,2024-10-01,2024-10-01,1,368.404834,368.388333,False
Lake Turkana,ARIMA,2024-08-01,2024-10-01,3,368.188988,368.388333,False
Lake Turkana,ARIMA,2024-05-01,2024-10-01,6,367.87936,368.388333,False
Lake Turkana,ARIMA,2023-11-01,2024-10-01,12,366.807724,368.388333,False
Lake Turkana,ARIMA,2024-11-01,2024-11-01,1,368.432126,368.515,False
Lake Turkana,ARIMA,2024-09-01,2024-11-01,3,368.439489,368.515,False
Lake Turkana,ARIMA,2024-06-01,2024-11-01,6,368.556155,368.515,False
Lake Turkana,ARIMA,2023-12-01,2024-11-01,12,367.31077,368.515,False
Lake Turkana,ARIMA,2024-12-01,2024-12-01,1,368.573226,368.663333,False
Lake Turkana,ARIMA,2024-10-01,2024-12-01,3,368.465364,368.663333,False
Lake Turkana,ARIMA,2024-07-01,2024-12-01,6,368.279361,368.663333,False
Lake Turkana,ARIMA,2024-01-01,2024-12-01,12,367.24414,368.663333,False
Lake Turkana,ARIMA,2025-01-01,2025-01-01,1,368.69787,368.6,False
Lake Turkana,ARIMA,2024-11-01,2025-01-01,3,368.39338,368.6,False
Lake Turkana,ARIMA,2024-08-01,2025-01-01,6,368.20029,368.6,False
Lake Turkana,ARIMA,2024-02-01,2025-01-01,12,367.2147,368.6,False
Lake Turkana,ARIMA,2025-02-01,2025-02-01,1,368.480383,368.62,False
Lake Turkana,ARIMA,2024-12-01,2025-02-01,3,368.476616,368.62,False
Lake Turkana,ARIMA,2024-09-01,2025-02-01,6,368.329485,368.62,False
Lake Turkana,ARIMA,2024-03-01,2025-02-01,12,367.373374,368.62,False
Lake Turkana,ARIMA,2025-03-01,2025-03-01,1,368.612606,368.595,False
Lake Turkana,ARIMA,2025-01-01,2025-03-01,3,368.56102,368.595,False
Lake Turkana,ARIMA,2024-10-01,2025-03-01,6,368.262267,368.595,False
Lake Turkana,ARIMA,2024-04-01,2025-03-01,12,367.32489,368.595,False
Lake Turkana,ARIMA,2025-04-01,2025-04-01,1,368.527296,368.636667,False
Lake Turkana,ARIMA,2025-02-01,2025-04-01,3,368.297468,368.636667,False
Lake Turkana,ARIMA,2024-11-01,2025-04-01,6,368.152793,368.636667,False
Lake Turkana,ARIMA,2024-05-01,2025-04-01,12,367.646609,368.636667,False
Lake Turkana,ARIMA,2025-05-01,2025-05-01,1,368.665405,368.796667,False
Lake Turkana,ARIMA,2025-03-01,2025-05-01,3,368.515321,368.796667,False
Lake Turkana,ARIMA,2024-12-01,2025-05-01,6,368.264263,368.796667,False
Lake Turkana,ARIMA,2024-06-01,2025-05-01,12,368.234186,368.796667,False
Lake Turkana,ARIMA,2025-06-01,2025-06-01,1,368.901729,368.756667,False
Lake Turkana,ARIMA,2025-04-01,2025-06-01,3,368.479289,368.756667,False
Lake Turkana,ARIMA,2025-01-01,2025-06-01,6,368.432864,368.756667,False
Lake Turkana,ARIMA,2024-07-01,2025-06-01,12,367.946639,368.756667,False
Lake Turkana,ARIMA,2025-07-01,2025-07-01,1,368.729424,368.8475,False
Lake Turkana,ARIMA,2025-05-01,2025-07-01,3,368.728117,368.8475,False
Lake Turkana,ARIMA,2025-02-01,2025-07-01,6,368.286298,368.8475,False
Lake Turkana,ARIMA,2024-08-01,2025-07-01,12,367.947633,368.8475,False
Lake Turkana,ARIMA,2025-08-01,2025-08-01,1,368.980942,369.003333,False
Lake Turkana,ARIMA,2025-06-01,2025-08-01,3,369.052975,369.003333,False
Lake Turkana,ARIMA,2025-03-01,2025-08-01,6,368.62726,369.003333,False
Lake Turkana,ARIMA,2024-09-01,2025-08-01,12,368.226497,369.003333,False
Lake Turkana,ARIMA,2025-09-01,2025-09-01,1,369.121841,369.13,False
Lake Turkana,ARIMA,2025-07-01,2025-09-01,3,368.865184,369.13,False
Lake Turkana,ARIMA,2025-04-01,2025-09-01,6,368.680933,369.13,False
Lake Turkana,ARIMA,2024-10-01,2025-09-01,12,368.334267,369.13,False
Lake Turkana,ARIMA,2025-10-01,2025-10-01,1,369.221306,369.293333,False
Lake Turkana,ARIMA,2025-08-01,2025-10-01,3,369.166098,369.293333,False
Lake Turkana,ARIMA,2025-05-01,2025-10-01,6,368.967664,369.293333,False
Lake Turkana,ARIMA,2024-11-01,2025-10-01,12,368.379179,369.293333,False
Lake Turkana,ARIMA,2025-11-01,2025-11-01,1,369.392439,369.343333,False
Lake Turkana,ARIMA,2025-09-01,2025-11-01,3,369.256928,369.343333,False
Lake Turkana,ARIMA,2025-06-01,2025-11-01,6,369.265878,369.343333,False
Lake Turkana,ARIMA,2024-12-01,2025-11-01,12,368.58579,369.343333,False
Lake Turkana,ARIMA,2025-12-01,2025-12-01,1,369.329146,369.27,False
Lake Turkana,ARIMA,2025-10-01,2025-12-01,3,369.277478,369.27,False
Lake Turkana,ARIMA,2025-07-01,2025-12-01,6,368.993122,369.27,False
Lake Turkana,ARIMA,2025-01-01,2025-12-01,12,368.763782,369.27,False
Lake Turkana,SARIMA,2021-01-01,2021-01-01,1,366.410359,366.4025,False
Lake Turkana,SARIMA,2021-02-01,2021-02-01,1,366.336916,366.306,False
Lake Turkana,SARIMA,2021-03-01,2021-03-01,1,366.244359,366.272,False
Lake Turkana,SARIMA,2021-01-01,2021-03-01,3,366.309549,366.272,False
Lake Turkana,SARIMA,2021-04-01,2021-04-01,1,366.260609,366.234,False
Lake Turkana,SARIMA,2021-02-01,2021-04-01,3,366.272202,366.234,False
Lake Turkana,SARIMA,2021-05-01,2021-05-01,1,366.252184,366.362,False
Lake Turkana,SARIMA,2021-03-01,2021-05-01,3,366.244928,366.362,False
Lake Turkana,SARIMA,2021-06-01,2021-06-01,1,366.423212,366.39,False
Lake Turkana,SARIMA,2021-04-01,2021-06-01,3,366.292071,366.39,False
Lake Turkana,SARIMA,2021-01-01,2021-06-01,6,366.313159,366.39,False
Lake Turkana,SARIMA,2021-07-01,2021-07-01,1,366.381678,366.338333,False
Lake Turkana,SARIMA,2021-05-01,2021-07-01,3,366.233918,366.338333,False
Lake Turkana,SARIMA,2021-02-01,2021-07-01,6,366.290278,366.338333,False
Lake Turkana,SARIMA,2021-08-01,2021-08-01,1,366.389497,366.381667,False
Lake Turkana,SARIMA,2021-06-01,2021-08-01,3,366.521744,366.381667,False
Lake Turkana,SARIMA,2021-03-01,2021-08-01,6,366.312373,366.381667,False
Lake Turkana,SARIMA,2021-09-01,2021-09-01,1,366.508839,366.453333,False
Lake Turkana,SARIMA,2021-07-01,2021-09-01,3,366.601476,366.453333,False
Lake Turkana,SARIMA,2021-04-01,2021-09-01,6,366.506727,366.453333,False
Lake Turkana,SARIMA,2021-10-01,2021-10-01,1,366.480556,366.845,False
Lake Turkana,SARIMA,2021-08-01,2021-10-01,3,366.586003,366.845,False
Lake Turkana,SARIMA,2021-05-01,2021-10-01,6,366.523359,366.845,False
Lake Turkana,SARIMA,2021-11-01,2021-11-01,1,367.087451,366.95,False
Lake Turkana,SARIMA,2021-09-01,2021-11-01,3,366.591924,366.95,False
Lake Turkana,SARIMA,2021-06-01,2021-11-01,6,366.751356,366.95,False
Lake Turkana,SARIMA,2021-12-01,2021-12-01,1,366.902815,366.86,False
Lake Turkana,SARIMA,2021-10-01,2021-12-01,3,366.457422,366.86,False
Lake Turkana,SARIMA,2021-07-01,2021-12-01,6,366.658816,366.86,False
Lake Turkana,SARIMA,2021-01-01,2021-12-01,12,366.587863,366.86,False
Lake Turkana,SARIMA,2022-01-01,2022-01-01,1,366.736774,366.87,False
Lake Turkana,SARIMA,2021-11-01,2022-01-01,3,367.059982,366.87,False
Lake Turkana,SARIMA,2021-08-01,2022-01-01,6,366.491515,366.87,False
Lake Turkana,SARIMA,2021-02-01,2022-01-01,12,366.484646,366.87,False
Lake Turkana,SARIMA,2022-02-01,2022-02-01,1,366.832694,366.87,False
Lake Turkana,SARIMA,2021-12-01,2022-02-01,3,366.69301,366.87,False
Lake Turkana,SARIMA,2021-09-01,2022-02-01,6,366.368512,366.87,False
Lake Turkana,SARIMA,2021-03-01,2022-02-01,12,366.309009,366.87,False
Lake Turkana,SARIMA,2022-03-01,2022-03-01,1,366.836446,366.83,False
Lake Turkana,SARIMA,2022-01-01,2022-03-01,3,366.530056,366.83,False
Lake Turkana,SARIMA,2021-10-01,2022-03-01,6,366.183435,366.83,False
Lake Turkana,SARIMA,2021-04-01,2022-03-01,12,366.285479,366.83,False
Lake Turkana,SARIMA,2022-04-01,2022-04-01,1,366.790056,366.756,False
Lake Turkana,SARIMA,2022-02-01,2022-04-01,3,366.731964,366.756,False
Lake Turkana,SARIMA,2021-11-01,2022-04-01,6,366.820493,366.756,False
Lake Turkana,SARIMA,2021-05-01,2022-04-01,12,366.177082,366.756,False
Lake Turkana,SARIMA,2022-05-01,2022-05-01,1,366.759512,366.791,False
Lake Turkana,SARIMA,2022-03-01,2022-05-01,3,366.827228,366.791,False
Lake Turkana,SARIMA,2021-12-01,2022-05-01,6,366.585778,366.791,False
Lake Turkana,SARIMA,2021-06-01,2022-05-01,12,366.430608,366.791,False
Lake Turkana,SARIMA,2022-06-01,2022-06-01,1,366.809651,366.75,False
Lake Turkana,SARIMA,2022-04-01,2022-06-01,3,366.820694,366.75,False
Lake Turkana,SARIMA,2022-01-01,2022-06-01,6,366.511172,366.75,False
Lake Turkana,SARIMA,2021-07-01,2022-06-01,12,366.363536,366.75,False
Lake Turkana,SARIMA,2022-07-01,2022-07-01,1,366.734634,366.73,False
Lake Turkana,SARIMA,2022-05-01,2022-07-01,3,366.774507,366.73,False
Lake Turkana,SARIMA,2022-02-01,2022-07-01,6,366.780644,366.73,False
Lake Turkana,SARIMA,2021-08-01,2022-07-01,12,366.283514,366.73,False
Lake Turkana,SARIMA,2022-08-01,2022-08-01,1,366.83642,366.684,False
Lake Turkana,SARIMA,2022-06-01,2022-08-01,3,366.953813,366.684,False
Lake Turkana,SARIMA,2022-03-01,2022-08-01,6,366.97087,366.684,False
Lake Turkana,SARIMA,2021-09-01,2022-08-01,12,366.376494,366.684,False
Lake Turkana,SARIMA,2022-09-01,2022-09-01,1,366.773478,366.714,False
Lake Turkana,SARIMA,2022-07-01,2022-09-01,3,367.031996,366.714,False
Lake Turkana,SARIMA,2022-04-01,2022-09-01,6,367.149339,366.714,False
Lake Turkana,SARIMA,2021-10-01,2022-09-01,12,366.436251,366.714,False
Lake Turkana,SARIMA,2022-10-01,2022-10-01,1,366.782354,366.702,False
Lake Turkana,SARIMA,2022-08-01,2022-10-01,3,367.160497,366.702,False
Lake Turkana,SARIMA,2022-05-01,2022-10-01,6,367.222595,366.702,False
Lake Turkana,SARIMA,2021-11-01,2022-10-01,12,367.3362,366.702,False
Lake Turkana,SARIMA,2022-11-01,2022-11-01,1,366.717396,366.7,False
Lake Turkana,SARIMA,2022-09-01,2022-11-01,3,366.958669,366.7,False
Lake Turkana,SARIMA,2022-06-01,2022-11-01,6,367.36776,366.7,False
Lake Turkana,SARIMA,2021-12-01,2022-11-01,12,367.130139,366.7,False
Lake Turkana,SARIMA,2022-12-01,2022-12-01,1,366.696377,366.636667,False
Lake Turkana,SARIMA,2022-10-01,2022-12-01,3,366.87282,366.636667,False
Lake Turkana,SARIMA,2022-07-01,2022-12-01,6,367.281987,366.636667,False
Lake Turkana,SARIMA,2022-01-01,2022-12-01,12,367.059903,366.636667,False
Lake Turkana,SARIMA,2023-01-01,2023-01-01,1,366.558819,366.563333,False
Lake Turkana,SARIMA,2022-11-01,2023-01-01,3,366.688769,366.563333,False
Lake Turkana,SARIMA,2022-08-01,2023-01-01,6,367.240408,366.563333,False
Lake Turkana,SARIMA,2022-02-01,2023-01-01,12,367.304807,366.563333,False
Lake Turkana,SARIMA,2023-02-01,2023-02-01,1,366.484141,366.5025,False
Lake Turkana,SARIMA,2022-12-01,2023-02-01,3,366.586648,366.5025,False
Lake Turkana,SARIMA,2022-09-01,2023-02-01,6,366.883533,366.5025,False
Lake Turkana,SARIMA,2022-03-01,2023-02-01,12,367.316635,366.5025,False
Lake Turkana,SARIMA,2023-03-01,2023-03-01,1,366.449308,366.499,False
Lake Turkana,SARIMA,2023-01-01,2023-03-01,3,366.410889,366.499,False
Lake Turkana,SARIMA,2022-10-01,2023-03-01,6,366.708057,366.499,False
Lake Turkana,SARIMA,2022-04-01,2023-03-01,12,367.24591,366.499,False
Lake Turkana,SARIMA,2023-04-01,2023-04-01,1,366.477019,366.696,False
Lake Turkana,SARIMA,2023-02-01,2023-04-01,3,366.361728,366.696,False
Lake Turkana,SARIMA,2022-11-01,2023-04-01,6,366.498861,366.696,False
Lake Turkana,SARIMA,2022-05-01,2023-04-01,12,367.125127,366.696,False
Lake Turkana,SARIMA,2023-05-01,2023-05-01,1,366.839261,366.904,False
Lake Turkana,SARIMA,2023-03-01,2023-05-01,3,366.38866,366.904,False
Lake Turkana,SARIMA,2022-12-01,2023-05-01,6,366.458071,366.904,False
Lake Turkana,SARIMA,2022-06-01,2023-05-01,12,367.196087,366.904,False
Lake Turkana,SARIMA,2023-06-01,2023-06-01,1,366.944615,366.936,False
Lake Turkana,SARIMA,2023-04-01,2023-06-01,3,366.435381,366.936,False
Lake Turkana,SARIMA,2023-01-01,2023-06-01,6,366.298339,366.936,False
Lake Turkana,SARIMA,2022-07-01,2023-06-01,12,367.038093,366.936,False
Lake Turkana,SARIMA,2023-07-01,2023-07-01,1,366.903524,366.869,False
Lake Turkana,SARIMA,2023-05-01,2023-07-01,3,366.798499,366.869,False
Lake Turkana,SARIMA,2023-02-01,2023-07-01,6,366.256503,366.869,False
Lake Turkana,SARIMA,2022-08-01,2023-07-01,12,366.99398,366.869,False
Lake Turkana,SARIMA,2023-08-01,2023-08-01,1,366.881904,366.793333,False
Lake Turkana,SARIMA,2023-06-01,2023-08-01,3,366.954362,366.793333,False
Lake Turkana,SARIMA,2023-03-01,2023-08-01,6,366.324667,366.793333,False
Lake Turkana,SARIMA,2022-09-01,2023-08-01,12,366.719299,366.793333,False
Lake Turkana,SARIMA,2023-09-01,2023-09-01,1,366.827423,366.7825,False
Lake Turkana,SARIMA,2023-07-01,2023-09-01,3,367.036161,366.7825,False
Lake Turkana,SARIMA,2023-04-01,2023-09-01,6,366.517266,366.7825,False
Lake Turkana,SARIMA,2022-10-01,2023-09-01,12,366.701011,366.7825,False
Lake Turkana,SARIMA,2023-10-01,2023-10-01,1,366.78787,366.826,False
Lake Turkana,SARIMA,2023-08-01,2023-10-01,3,367.024469,366.826,False
Lake Turkana,SARIMA,2023-05-01,2023-10-01,6,366.983855,366.826,False
Lake Turkana,SARIMA,2022-11-01,2023-10-01,12,366.588195,366.826,False
Lake Turkana,SARIMA,2023-11-01,2023-11-01,1,366.85771,367.1,False
Lake Turkana,SARIMA,2023-09-01,2023-11-01,3,366.877836,367.1,False
Lake Turkana,SARIMA,2023-06-01,2023-11-01,6,367.126357,367.1,False
Lake Turkana,SARIMA,2022-12-01,2023-11-01,12,366.568463,367.1,False
Lake Turkana,SARIMA,2023-12-01,2023-12-01,1,367.244358,367.222,False
Lake Turkana,SARIMA,2023-10-01,2023-12-01,3,366.776942,367.222,False
Lake Turkana,SARIMA,2023-07-01,2023-12-01,6,367.093942,367.222,False
Lake Turkana,SARIMA,2023-01-01,2023-12-01,12,366.416198,367.222,False
Lake Turkana,SARIMA,2024-01-01,2024-01-01,1,367.209871,367.204,False
Lake Turkana,SARIMA,2023-11-01,2024-01-01,3,366.800792,367.204,False
Lake Turkana,SARIMA,2023-08-01,2024-01-01,6,366.980493,367.204,False
Lake Turkana,SARIMA,2023-02-01,2024-01-01,12,366.362623,367.204,False
Lake Turkana,SARIMA,2024-02-01,2024-02-01,1,367.14956,367.256667,False
Lake Turkana,SARIMA,2023-12-01,2024-02-01,3,367.200319,367.256667,False
Lake Turkana,SARIMA,2023-09-01,2024-02-01,6,366.75582,367.256667,False
Lake Turkana,SARIMA,2023-03-01,2024-02-01,12,366.328185,367.256667,False
Lake Turkana,SARIMA,2024-03-01,2024-03-01,1,367.295851,367.27,False
Lake Turkana,SARIMA,2024-01-01,2024-03-01,3,367.131039,367.27,False
Lake Turkana,SARIMA,2023-10-01,2024-03-01,6,366.643974,367.27,False
Lake Turkana,SARIMA,2023-04-01,2024-03-01,12,366.393375,367.27,False
Lake Turkana,SARIMA,2024-04-01,2024-04-01,1,367.278154,367.434,False
Lake Turkana,SARIMA,2024-02-01,2024-04-01,3,367.123503,367.434,False
Lake Turkana,SARIMA,2023-11-01,2024-04-01,6,366.720392,367.434,False
Lake Turkana,SARIMA,2023-05-01,2024-04-01,12,366.856847,367.434,False
Lake Turkana,SARIMA,2024-05-01,2024-05-01,1,367.602227,367.86375,False
Lake Turkana,SARIMA,2024-03-01,2024-05-01,3,367.394263,367.86375,False
Lake Turkana,SARIMA,2023-12-01,2024-05-01,6,367.245396,367.86375,False
Lake Turkana,SARIMA,2023-06-01,2024-05-01,12,367.06598,367.86375,False
Lake Turkana,SARIMA,2024-06-01,2024-06-01,1,368.10099,367.976,False
Lake Turkana,SARIMA,2024-04-01,2024-06-01,3,367.38554,367.976,False
Lake Turkana,SARIMA,2024-01-01,2024-06-01,6,367.243178,367.976,False
Lake Turkana,SARIMA,2023-07-01,2024-06-01,12,367.090401,367.976,False
Lake Turkana,SARIMA,2024-07-01,2024-07-01,1,367.995333,367.9725,False
Lake Turkana,SARIMA,2024-05-01,2024-07-01,3,367.719205,367.9725,False
Lake Turkana,SARIMA,2024-02-01,2024-07-01,6,367.272284,367.9725,False
Lake Turkana,SARIMA,2023-08-01,2024-07-01,12,367.056407,367.9725,False
Lake Turkana,SARIMA,2024-08-01,2024-08-01,1,368.062619,368.134,False
Lake Turkana,SARIMA,2024-06-01,2024-08-01,3,368.329976,368.134,False
Lake Turkana,SARIMA,2024-03-01,2024-08-01,6,367.591151,368.134,False
Lake Turkana,SARIMA,2023-09-01,2024-08-01,12,366.978989,368.134,False
Lake Turkana,SARIMA,2024-09-01,2024-09-01,1,368.340806,368.3,False
Lake Turkana,SARIMA,2024-07-01,2024-09-01,3,368.265769,368.3,False
Lake Turkana,SARIMA,2024-04-01,2024-09-01,6,367.714386,368.3,False
Lake Turkana,SARIMA,2023-10-01,2024-09-01,12,367.042291,368.3,False
Lake Turkana,SARIMA,2024-10-01,2024-10-01,1,368.401673,368.388333,False
Lake Turkana,SARIMA,2024-08-01,2024-10-01,3,368.337262,368.388333,False
Lake Turkana,SARIMA,2024-05-01,2024-10-01,6,368.123722,368.388333,False
Lake Turkana,SARIMA,2023-11-01,2024-10-01,12,367.222521,368.388333,False
Lake Turkana,SARIMA,2024-11-01,2024-11-01,1,368.447239,368.515,False
Lake Turkana,SARIMA,2024-09-01,2024-11-01,3,368.544182,368.515,False
Lake Turkana,SARIMA,2024-06-01,2024-11-01,6,368.688033,368.515,False
Lake Turkana,SARIMA,2023-12-01,2024-11-01,12,367.793116,368.515,False
Lake Turkana,SARIMA,2024-12-01,2024-12-01,1,368.564547,368.663333,False
Lake Turkana,SARIMA,2024-10-01,2024-12-01,3,368.477984,368.663333,False
Lake Turkana,SARIMA,2024-07-01,2024-12-01,6,368.463223,368.663333,False
Lake Turkana,SARIMA,2024-01-01,2024-12-01,12,367.743745,368.663333,False
Lake Turkana,SARIMA,2025-01-01,2025-01-01,1,368.691264,368.6,False
Lake Turkana,SARIMA,2024-11-01,2025-01-01,3,368.404631,368.6,False
Lake Turkana,SARIMA,2024-08-01,2025-01-01,6,368.372388,368.6,False
Lake Turkana,SARIMA,2024-02-01,2025-01-01,12,367.666567,368.6,False
Lake Turkana,SARIMA,2025-02-01,2025-02-01,1,368.488151,368.62,False
Lake Turkana,SARIMA,2024-12-01,2025-02-01,3,368.456056,368.62,False
Lake Turkana,SARIMA,2024-09-01,2025-02-01,6,368.430262,368.62,False
Lake Turkana,SARIMA,2024-03-01,2025-02-01,12,367.79975,368.62,False
Lake Turkana,SARIMA,2025-03-01,2025-03-01,1,368.623867,368.595,False
Lake Turkana,SARIMA,2025-01-01,2025-03-01,3,368.57558,368.595,False
Lake Turkana,SARIMA,2024-10-01,2025-03-01,6,368.286406,368.595,False
Lake Turkana,SARIMA,2024-04-01,2025-03-01,12,367.662513,368.595,False
Lake Turkana,SARIMA,2025-04-01,2025-04-01,1,368.552487,368.636667,False
Lake Turkana,SARIMA,2025-02-01,2025-04-01,3,368.357277,368.636667,False
Lake Turkana,SARIMA,2024-11-01,2025-04-01,6,368.215321,368.636667,False
Lake Turkana,SARIMA,2024-05-01,2025-04-01,12,367.933756,368.636667,False
Lake Turkana,SARIMA,2025-05-01,2025-05-01,1,368.703299,368.796667,False
Lake Turkana,SARIMA,2025-03-01,2025-05-01,3,368.618384,368.796667,False
Lake Turkana,SARIMA,2024-12-01,2025-05-01,6,368.35587,368.796667,False
Lake Turkana,SARIMA,2024-06-01,2025-05-01,12,368.498235,368.796667,False
Lake Turkana,SARIMA,2025-06-01,2025-06-01,1,368.844575,368.756667,False
Lake Turkana,SARIMA,2025-04-01,2025-06-01,3,368.536662,368.756667,False
Lake Turkana,SARIMA,2025-01-01,2025-06-01,6,368.514134,368.756667,False
Lake Turkana,SARIMA,2024-07-01,2025-06-01,12,368.207609,368.756667,False
Lake Turkana,SARIMA,2025-07-01,2025-07-01,1,368.693789,368.8475,False
Lake Turkana,SARIMA,2025-05-01,2025-07-01,3,368.666181,368.8475,False
Lake Turkana,SARIMA,2025-02-01,2025-07-01,6,368.313597,368.8475,False
Lake Turkana,SARIMA,2024-08-01,2025-07-01,12,368.126584,368.8475,False
Lake Turkana,SARIMA,2025-08-01,2025-08-01,1,368.988784,369.003333,False
Lake Turkana,SARIMA,2025-06-01,2025-08-01,3,368.898482,369.003333,False
Lake Turkana,SARIMA,2025-03-01,2025-08-01,6,368.617898,369.003333,False
Lake Turkana,SARIMA,2024-09-01,2025-08-01,12,368.329247,369.003333,False
Lake Turkana,SARIMA,2025-09-01,2025-09-01,1,369.158958,369.13,False
Lake Turkana,SARIMA,2025-07-01,2025-09-01,3,368.852439,369.13,False
Lake Turkana,SARIMA,2025-04-01,2025-09-01,6,368.683585,369.13,False
Lake Turkana,SARIMA,2024-10-01,2025-09-01,12,368.357761,369.13,False
Lake Turkana,SARIMA,2025-10-01,2025-10-01,1,369.202193,369.293333,False
Lake Turkana,SARIMA,2025-08-01,2025-10-01,3,369.222908,369.293333,False
Lake Turkana,SARIMA,2025-05-01,2025-10-01,6,368.923185,369.293333,False
Lake Turkana,SARIMA,2024-11-01,2025-10-01,12,368.40233,369.293333,False
Lake Turkana,SARIMA,2025-11-01,2025-11-01,1,369.404752,369.343333,False
Lake Turkana,SARIMA,2025-09-01,2025-11-01,3,369.308592,369.343333,False
Lake Turkana,SARIMA,2025-06-01,2025-11-01,6,369.156639,369.343333,False
Lake Turkana,SARIMA,2024-12-01,2025-11-01,12,368.594003,369.343333,False
Lake Turkana,SARIMA,2025-12-01,2025-12-01,1,369.337316,369.27,False
Lake Turkana,SARIMA,2025-10-01,2025-12-01,3,369.27039,369.27,False
Lake Turkana,SARIMA,2025-07-01,2025-12-01,6,369.008267,369.27,False
Lake Turkana,SARIMA,2025-01-01,2025-12-01,12,368.812559,369.27,False
Lake Victoria,RandomWalk,2021-01-01,2021-01-01,1,1136.565714,1136.592222,False
Lake Victoria,RandomWalk,2021-02-01,2021-02-01,1,1136.592222,1136.592143,False
Lake Victoria,RandomWalk,2021-03-01,2021-03-01,1,1136.592143,1136.53625,False
Lake Victoria,RandomWalk,2021-01-01,2021-03-01,3,1136.565714,1136.53625,False
Lake Victoria,RandomWalk,2021-04-01,2021-04-01,1,1136.53625,1136.570714,False
Lake Victoria,RandomWalk,2021-02-01,2021-04-01,3,1136.592222,1136.570714,False
Lake Victoria,RandomWalk,2021-05-01,2021-05-01,1,1136.570714,1136.76,False
Lake Victoria,RandomWalk,2021-03-01,2021-05-01,3,1136.592143,1136.76,False
Lake Victoria,RandomWalk,2021-06-01,2021-06-01,1,1136.76,1136.63875,False
Lake Victoria,RandomWalk,2021-04-01,2021-06-01,3,1136.53625,1136.63875,False
Lake Victoria,RandomWalk,2021-01-01,2021-06-01,6,1136.565714,1136.63875,False
Lake Victoria,RandomWalk,2021-07-01,2021-07-01,1,1136.63875,1136.4425,False
Lake Victoria,RandomWalk,2021-05-01,2021-07-01,3,1136.570714,1136.4425,False
Lake Victoria,RandomWalk,2021-02-01,2021-07-01,6,1136.592222,1136.4425,False
Lake Victoria,RandomWalk,2021-08-01,2021-08-01,1,1136.4425,1136.287143,False
Lake Victoria,RandomWalk,2021-06-01,2021-08-01,3,1136.76,1136.287143,False
Lake Victoria,RandomWalk,2021-03-01,2021-08-01,6,1136.592143,1136.287143,False
Lake Victoria,RandomWalk,2021-09-01,2021-09-01,1,1136.287143,1136.173571,False
Lake Victoria,RandomWalk,2021-07-01,2021-09-01,3,1136.63875,1136.173571,False
Lake Victoria,RandomWalk,2021-04-01,2021-09-01,6,1136.53625,1136.173571,False
Lake Victoria,RandomWalk,2021-10-01,2021-10-01,1,1136.173571,1136.186429,False
Lake Victoria,RandomWalk,2021-08-01,2021-10-01,3,1136.4425,1136.186429,False
Lake Victoria,RandomWalk,2021-05-01,2021-10-01,6,1136.570714,1136.186429,False
Lake Victoria,RandomWalk,2021-11-01,2021-11-01,1,1136.186429,1136.152857,False
Lake Victoria,RandomWalk,2021-09-01,2021-11-01,3,1136.287143,1136.152857,False
Lake Victoria,RandomWalk,2021-06-01,2021-11-01,6,1136.76,1136.152857,False
Lake Victoria,RandomWalk,2021-12-01,2021-12-01,1,1136.152857,1136.15125,False
Lake Victoria,RandomWalk,2021-10-01,2021-12-01,3,1136.173571,1136.15125,False
Lake Victoria,RandomWalk,2021-07-01,2021-12-01,6,1136.63875,1136.15125,False
Lake Victoria,RandomWalk,2021-01-01,2021-12-01,12,1136.565714,1136.15125,False
Lake Victoria,RandomWalk,2022-01-01,2022-01-01,1,1136.15125,1136.125,False
Lake Victoria,RandomWalk,2021-11-01,2022-01-01,3,1136.186429,1136.125,False
Lake Victoria,RandomWalk,2021-08-01,2022-01-01,6,1136.4425,1136.125,False
Lake Victoria,RandomWalk,2021-02-01,2022-01-01,12,1136.592222,1136.125,False
Lake Victoria,RandomWalk,2022-02-01,2022-02-01,1,1136.125,1136.159375,False
Lake Victoria,RandomWalk,2021-12-01,2022-02-01,3,1136.152857,1136.159375,False
Lake Victoria,RandomWalk,2021-09-01,2022-02-01,6,1136.287143,1136.159375,False
Lake Victoria,RandomWalk,2021-03-01,2022-02-01,12,1136.592143,1136.159375,False
Lake Victoria,RandomWalk,2022-03-01,2022-03-01,1,1136.159375,1136.1875,False
Lake Victoria,RandomWalk,2022-01-01,2022-03-01,3,1136.15125,1136.1875,False
Lake Victoria,RandomWalk,2021-10-01,2022-03-01,6,1136.173571,1136.1875,False
Lake Victoria,RandomWalk,2021-04-01,2022-03-01,12,1136.53625,1136.1875,False
Lake Victoria,RandomWalk,2022-04-01,2022-04-01,1,1136.1875,1136.1675,False
Lake Victoria,RandomWalk,2022-02-01,2022-04-01,3,1136.125,1136.1675,False
Lake Victoria,RandomWalk,2021-11-01,2022-04-01,6,1136.186429,1136.1675,False
Lake Victoria,RandomWalk,2021-05-01,2022-04-01,12,1136.570714,1136.1675,False
Lake Victoria,RandomWalk,2022-05-01,2022-05-01,1,1136.1675,1136.263333,False
Lake Victoria,RandomWalk,2022-03-01,2022-05-01,3,1136.159375,1136.263333,False
Lake Victoria,RandomWalk,2021-12-01,2022-05-01,6,1136.152857,1136.263333,False
Lake Victoria,RandomWalk,2021-06-01,2022-05-01,12,1136.76,1136.263333,False
Lake Victoria,RandomWalk,2022-06-01,2022-06-01,1,1136.263333,1136.233125,False
Lake Victoria,RandomWalk,2022-04-01,2022-06-01,3,1136.1875,1136.233125,False
Lake Victoria,RandomWalk,2022-01-01,2022-06-01,6,1136.15125,1136.233125,False
Lake Victoria,RandomWalk,2021-07-01,2022-06-01,12,1136.63875,1136.233125,False
Lake Victoria,RandomWalk,2022-07-01,2022-07-01,1,1136.233125,1136.023333,False
Lake Victoria,RandomWalk,2022-05-01,2022-07-01,3,1136.1675,1136.023333,False
Lake Victoria,RandomWalk,2022-02-01,2022-07-01,6,1136.125,1136.023333,False
Lake Victoria,RandomWalk,2021-08-01,2022-07-01,12,1136.4425,1136.023333,False
Lake Victoria,RandomWalk,2022-08-01,2022-08-01,1,1136.023333,1135.9525,False
Lake Victoria,RandomWalk,2022-06-01,2022-08-01,3,1136.263333,1135.9525,False
Lake Victoria,RandomWalk,2022-03-01,2022-08-01,6,1136.159375,1135.9525,False
Lake Victoria,RandomWalk,2021-09-01,2022-08-01,12,1136.287143,1135.9525,False
Lake Victoria,RandomWalk,2022-09-01,2022-09-01,1,1135.9525,1135.92875,False
Lake Victoria,RandomWalk,2022-07-01,2022-09-01,3,1136.233125,1135.92875,False
Lake Victoria,RandomWalk,2022-04-01,2022-09-01,6,1136.1875,1135.92875,False
Lake Victoria,RandomWalk,2021-10-01,2022-09-01,12,1136.173571,1135.92875,False
Lake Victoria,RandomWalk,2022-10-01,2022-10-01,1,1135.92875,1135.881111,False
Lake Victoria,RandomWalk,2022-08-01,2022-10-01,3,1136.023333,1135.881111,False
Lake Victoria,RandomWalk,2022-05-01,2022-10-01,6,1136.1675,1135.881111,False
Lake Victoria,RandomWalk,2021-11-01,2022-10-01,12,1136.186429,1135.881111,False
Lake Victoria,RandomWalk,2022-11-01,2022-11-01,1,1135.881111,1135.89,False
Lake Victoria,RandomWalk,2022-09-01,2022-11-01,3,1135.9525,1135.89,False
Lake Victoria,RandomWalk,2022-06-01,2022-11-01,6,1136.263333,1135.89,False
Lake Victoria,RandomWalk,2021-12-01,2022-11-01,12,1136.152857,1135.89,False
Lake Victoria,RandomWalk,2022-12-01,2022-12-01,1,1135.89,1135.96375,False
Lake Victoria,RandomWalk,2022-10-01,2022-12-01,3,1135.92875,1135.96375,False
Lake Victoria,RandomWalk,2022-07-01,2022-12-01,6,1136.233125,1135.96375,False
Lake Victoria,RandomWalk,2022-01-01,2022-12-01,12,1136.15125,1135.96375,False
Lake Victoria,RandomWalk,2023-01-01,2023-01-01,1,1135.96375,1136.022143,False
Lake Victoria,RandomWalk,2022-11-01,2023-01-01,3,1135.881111,1136.022143,False
Lake Victoria,RandomWalk,2022-08-01,2023-01-01,6,1136.023333,1136.022143,False
Lake Victoria,RandomWalk,2022-02-01,2023-01-01,12,1136.125,1136.022143,False
Lake Victoria,RandomWalk,2023-02-01,2023-02-01,1,1136.022143,1135.983333,False
Lake Victoria,RandomWalk,2022-12-01,2023-02-01,3,1135.89,1135.983333,False
Lake Victoria,RandomWalk,2022-09-01,2023-02-01,6,1135.9525,1135.983333,False
Lake Victoria,RandomWalk,2022-03-01,2023-02-01,12,1136.159375,1135.983333,False
Lake Victoria,RandomWalk,2023-03-01,2023-03-01,1,1135.983333,1135.96,False
Lake Victoria,RandomWalk,2023-01-01,2023-03-01,3,1135.96375,1135.96,False
Lake Victoria,RandomWalk,2022-10-01,2023-03-01,6,1135.92875,1135.96,False
Lake Victoria,RandomWalk,2022-04-01,2023-03-01,12,1136.1875,1135.96,False
Lake Victoria,RandomWalk,2023-04-01,2023-04-01,1,1135.96,1136.147143,False
Lake Victoria,RandomWalk,2023-02-01,2023-04-01,3,1136.022143,1136.147143,False
Lake Victoria,RandomWalk,2022-11-01,2023-04-01,6,1135.881111,1136.147143,False
Lake Victoria,RandomWalk,2022-05-01,2023-04-01,12,1136.1675,1136.147143,False
Lake Victoria,RandomWalk,2023-05-01,2023-05-01,1,1136.147143,1136.35,False
Lake Victoria,RandomWalk,2023-03-01,2023-05-01,3,1135.983333,1136.35,False
Lake Victoria,RandomWalk,2022-12-01,2023-05-01,6,1135.89,1136.35,False
Lake Victoria,RandomWalk,2022-06-01,2023-05-01,12,1136.263333,1136.35,False
Lake Victoria,RandomWalk,2023-06-01,2023-06-01,1,1136.35,1136.291875,False
Lake Victoria,RandomWalk,2023-04-01,2023-06-01,3,1135.96,1136.291875,False
Lake Victoria,RandomWalk,2023-01-01,2023-06-01,6,1135.96375,1136.291875,False
Lake Victoria,RandomWalk,2022-07-01,2023-06-01,12,1136.233125,1136.291875,False
Lake Victoria,RandomWalk,2023-07-01,2023-07-01,1,1136.291875,1136.1425,False
Lake Victoria,RandomWalk,2023-05-01,2023-07-01,3,1136.147143,1136.1425,False
Lake Victoria,RandomWalk,2023-02-01,2023-07-01,6,1136.022143,1136.1425,False
Lake Victoria,RandomWalk,2022-08-01,2023-07-01,12,1136.023333,1136.1425,False
Lake Victoria,RandomWalk,2023-08-01,2023-08-01,1,1136.1425,1136.006667,False
Lake Victoria,RandomWalk,2023-06-01,2023-08-01,3,1136.35,1136.006667,False
Lake Victoria,RandomWalk,2023-03-01,2023-08-01,6,1135.983333,1136.006667,False
Lake Victoria,RandomWalk,2022-09-01,2023-08-01,12,1135.9525,1136.006667,False
Lake Victoria,RandomWalk,2023-09-01,2023-09-01,1,1136.006667,1135.9575,False
Lake Victoria,RandomWalk,2023-07-01,2023-09-01,3,1136.291875,1135.9575,False
Lake Victoria,RandomWalk,2023-04-01,2023-09-01,6,1135.96,1135.9575,False
Lake Victoria,RandomWalk,2022-10-01,2023-09-01,12,1135.92875,1135.9575,False
Lake Victoria,RandomWalk,2023-10-01,2023-10-01,1,1135.9575,1135.899375,False
Lake Victoria,RandomWalk,2023-08-01,2023-10-01,3,1136.1425,1135.899375,False
Lake Victoria,RandomWalk,2023-05-01,2023-10-01,6,1136.147143,1135.899375,False
Lake Victoria,RandomWalk,2022-11-01,2023-10-01,12,1135.881111,1135.899375,False
Lake Victoria,RandomWalk,2023-11-01,2023-11-01,1,1135.899375,1136.041429,False
Lake Victoria,RandomWalk,2023-09-01,2023-11-01,3,1136.006667,1136.041429,False
Lake Victoria,RandomWalk,2023-06-01,2023-11-01,6,1136.35,1136.041429,False
Lake Victoria,RandomWalk,2022-12-01,2023-11-01,12,1135.89,1136.041429,False
Lake Victoria,RandomWalk,2023-12-01,2023-12-01,1,1136.041429,1136.29125,False
Lake Victoria,RandomWalk,2023-10-01,2023-12-01,3,1135.9575,1136.29125,False
Lake Victoria,RandomWalk,2023-07-01,2023-12-01,6,1136.291875,1136.29125,False
Lake Victoria,RandomWalk,2023-01-01,2023-12-01,12,1135.96375,1136.29125,False
Lake Victoria,RandomWalk,2024-01-01,2024-01-01,1,1136.29125,1136.475,False
Lake Victoria,RandomWalk,2023-11-01,2024-01-01,3,1135.899375,1136.475,False
Lake Victoria,RandomWalk,2023-08-01,2024-01-01,6,1136.1425,1136.475,False
Lake Victoria,RandomWalk,2023-02-01,2024-01-01,12,1136.022143,1136.475,False
Lake Victoria,RandomWalk,2024-02-01,2024-02-01,1,1136.475,1136.532857,False
Lake Victoria,RandomWalk,2023-12-01,2024-02-01,3,1136.041429,1136.532857,False
Lake Victoria,RandomWalk,2023-09-01,2024-02-01,6,1136.006667,1136.532857,False
Lake Victoria,RandomWalk,2023-03-01,2024-02-01,12,1135.983333,1136.532857,False
Lake Victoria,RandomWalk,2024-03-01,2024-03-01,1,1136.532857,1136.551875,False
Lake Victoria,RandomWalk,2024-01-01,2024-03-01,3,1136.29125,1136.551875,False
Lake Victoria,RandomWalk,2023-10-01,2024-03-01,6,1135.9575,1136.551875,False
Lake Victoria,RandomWalk,2023-04-01,2024-03-01,12,1135.96,1136.551875,False
Lake Victoria,RandomWalk,2024-04-01,2024-04-01,1,1136.551875,1136.72875,False
Lake Victoria,RandomWalk,2024-02-01,2024-04-01,3,1136.475,1136.72875,False
Lake Victoria,RandomWalk,2023-11-01,2024-04-01,6,1135.899375,1136.72875,False
Lake Victoria,RandomWalk,2023-05-01,2024-04-01,12,1136.147143,1136.72875,False
Lake Victoria,RandomWalk,2024-05-01,2024-05-01,1,1136.72875,1136.935,False
Lake Victoria,RandomWalk,2024-03-01,2024-05-01,3,1136.532857,1136.935,False
Lake Victoria,RandomWalk,2023-12-01,2024-05-01,6,1136.041429,1136.935,False
Lake Victoria,RandomWalk,2023-06-01,2024-05-01,12,1136.35,1136.935,False
Lake Victoria,RandomWalk,2024-06-01,2024-06-01,1,1136.935,1136.822143,False
Lake Victoria,RandomWalk,2024-04-01,2024-06-01,3,1136.551875,1136.822143,False
Lake Victoria,RandomWalk,2024-01-01,2024-06-01,6,1136.29125,1136.822143,False
Lake Victoria,RandomWalk,2023-07-01,2024-06-01,12,1136.291875,1136.822143,False
Lake Victoria,RandomWalk,2024-07-01,2024-07-01,1,1136.822143,1136.655714,False
Lake Victoria,RandomWalk,2024-05-01,2024-07-01,3,1136.72875,1136.655714,False
Lake Victoria,RandomWalk,2024-02-01,2024-07-01,6,1136.475,1136.655714,False
Lake Victoria,RandomWalk,2023-08-01,2024-07-01,12,1136.1425,1136.655714,False
Lake Victoria,RandomWalk,2024-08-01,2024-08-01,1,1136.655714,1136.538889,False
Lake Victoria,RandomWalk,2024-06-01,2024-08-01,3,1136.935,1136.538889,False
Lake Victoria,RandomWalk,2024-03-01,2024-08-01,6,1136.532857,1136.538889,False
Lake Victoria,RandomWalk,2023-09-01,2024-08-01,12,1136.006667,1136.538889,False
Lake Victoria,RandomWalk,2024-09-01,2024-09-01,1,1136.538889,1136.4,False
Lake Victoria,RandomWalk,2024-07-01,2024-09-01,3,1136.822143,1136.4,False
Lake Victoria,RandomWalk,2024-04-01,2024-09-01,6,1136.551875,1136.4,False
Lake Victoria,RandomWalk,2023-10-01,2024-09-01,12,1135.9575,1136.4,False
Lake Victoria,RandomWalk,2024-10-01,2024-10-01,1,1136.4,1136.346667,False
Lake Victoria,RandomWalk,2024-08-01,2024-10-01,3,1136.655714,1136.346667,False
Lake Victoria,RandomWalk,2024-05-01,2024-10-01,6,1136.72875,1136.346667,False
Lake Victoria,RandomWalk,2023-11-01,2024-10-01,12,1135.899375,1136.346667,False
Lake Victoria,RandomWalk,2024-11-01,2024-11-01,1,1136.346667,1136.401667,False
Lake Victoria,RandomWalk,2024-09-01,2024-11-01,3,1136.538889,1136.401667,False
Lake Victoria,RandomWalk,2024-06-01,2024-11-01,6,1136.935,1136.401667,False
Lake Victoria,RandomWalk,2023-12-01,2024-11-01,12,1136.041429,1136.401667,False
Lake Victoria,RandomWalk,2024-12-01,2024-12-01,1,1136.401667,1136.564444,False
Lake Victoria,RandomWalk,2024-10-01,2024-12-01,3,1136.4,1136.564444,False
Lake Victoria,RandomWalk,2024-07-01,2024-12-01,6,1136.822143,1136.564444,False
Lake Victoria,RandomWalk,2024-01-01,2024-12-01,12,1136.29125,1136.564444,False
Lake Victoria,RandomWalk,2025-01-01,2025-01-01,1,1136.564444,1136.578333,False
Lake Victoria,RandomWalk,2024-11-01,2025-01-01,3,1136.346667,1136.578333,False
Lake Victoria,RandomWalk,2024-08-01,2025-01-01,6,1136.655714,1136.578333,False
Lake Victoria,RandomWalk,2024-02-01,2025-01-01,12,1136.475,1136.578333,False
Lake Victoria,RandomWalk,2025-02-01,2025-02-01,1,1136.578333,1136.465,False
Lake Victoria,RandomWalk,2024-12-01,2025-02-01,3,1136.401667,1136.465,False
Lake Victoria,RandomWalk,2024-09-01,2025-02-01,6,1136.538889,1136.465,False
Lake Victoria,RandomWalk,2024-03-01,2025-02-01,12,1136.532857,1136.465,False
Lake Victoria,RandomWalk,2025-03-01,2025-03-01,1,1136.465,1136.381667,False
Lake Victoria,RandomWalk,2025-01-01,2025-03-01,3,1136.564444,1136.381667,False
Lake Victoria,RandomWalk,2024-10-01,2025-03-01,6,1136.4,1136.381667,False
Lake Victoria,RandomWalk,2024-04-01,2025-03-01,12,1136.551875,1136.381667,False
Lake Victoria,RandomWalk,2025-04-01,2025-04-01,1,1136.381667,1136.498333,False
Lake Victoria,RandomWalk,2025-02-01,2025-04-01,3,1136.578333,1136.498333,False
Lake Victoria,RandomWalk,2024-11-01,2025-04-01,6,1136.346667,1136.498333,False
Lake Victoria,RandomWalk,2024-05-01,2025-04-01,12,1136.72875,1136.498333,False
Lake Victoria,RandomWalk,2025-05-01,2025-05-01,1,1136.498333,1136.625,False
Lake Victoria,RandomWalk,2025-03-01,2025-05-01,3,1136.465,1136.625,False
Lake Victoria,RandomWalk,2024-12-01,2025-05-01,6,1136.401667,1136.625,False
Lake Victoria,RandomWalk,2024-06-01,2025-05-01,12,1136.935,1136.625,False
Lake Victoria,RandomWalk,2025-06-01,2025-06-01,1,1136.625,1136.571667,False
Lake Victoria,RandomWalk,2025-04-01,2025-06-01,3,1136.381667,1136.571667,False
Lake Victoria,RandomWalk,2025-01-01,2025-06-01,6,1136.564444,1136.571667,False
Lake Victoria,RandomWalk,2024-07-01,2025-06-01,12,1136.822143,1136.571667,False
Lake Victoria,RandomWalk,2025-07-01,2025-07-01,1,1136.571667,1136.481667,False
Lake Victoria,RandomWalk,2025-05-01,2025-07-01,3,1136.498333,1136.481667,False
Lake Victoria,RandomWalk,2025-02-01,2025-07-01,6,1136.578333,1136.481667,False
Lake Victoria,RandomWalk,2024-08-01,2025-07-01,12,1136.655714,1136.481667,False
Lake Victoria,RandomWalk,2025-08-01,2025-08-01,1,1136.481667,1136.355,False
Lake Victoria,RandomWalk,2025-06-01,2025-08-01,3,1136.625,1136.355,False
Lake Victoria,RandomWalk,2025-03-01,2025-08-01,6,1136.465,1136.355,False
Lake Victoria,RandomWalk,2024-09-01,2025-08-01,12,1136.538889,1136.355,False
Lake Victoria,RandomWalk,2025-09-01,2025-09-01,1,1136.355,1136.278333,False
Lake Victoria,RandomWalk,2025-07-01,2025-09-01,3,1136.571667,1136.278333,False
Lake Victoria,RandomWalk,2025-04-01,2025-09-01,6,1136.381667,1136.278333,False
Lake Victoria,RandomWalk,2024-10-01,2025-09-01,12,1136.4,1136.278333,False
Lake Victoria,RandomWalk,2025-10-01,2025-10-01,1,1136.278333,1136.211667,False
Lake Victoria,RandomWalk,2025-08-01,2025-10-01,3,1136.481667,1136.211667,False
Lake Victoria,RandomWalk,2025-05-01,2025-10-01,6,1136.498333,1136.211667,False
Lake Victoria,RandomWalk,2024-11-01,2025-10-01,12,1136.346667,1136.211667,False
Lake Victoria,RandomWalk,2025-11-01,2025-11-01,1,1136.211667,1136.251667,False
Lake Victoria,RandomWalk,2025-09-01,2025-11-01,3,1136.355,1136.251667,False
Lake Victoria,RandomWalk,2025-06-01,2025-11-01,6,1136.625,1136.251667,False
Lake Victoria,RandomWalk,2024-12-01,2025-11-01,12,1136.401667,1136.251667,False
Lake Victoria,RandomWalk,2025-12-01,2025-12-01,1,1136.251667,1136.205,False
Lake Victoria,RandomWalk,2025-10-01,2025-12-01,3,1136.278333,1136.205,False
Lake Victoria,RandomWalk,2025-07-01,2025-12-01,6,1136.571667,1136.205,False
Lake Victoria,RandomWalk,2025-01-01,2025-12-01,12,1136.564444,1136.205,False
Lake Victoria,SeasonalNaive,2021-01-01,2021-01-01,1,1136.031111,1136.592222,False
Lake Victoria,SeasonalNaive,2021-02-01,2021-02-01,1,1136.195,1136.592143,False
Lake Victoria,SeasonalNaive,2021-03-01,2021-03-01,1,1136.335556,1136.53625,False
Lake Victoria,SeasonalNaive,2021-01-01,2021-03-01,3,1136.335556,1136.53625,False
Lake Victoria,SeasonalNaive,2021-04-01,2021-04-01,1,1136.497143,1136.570714,False
Lake Victoria,SeasonalNaive,2021-02-01,2021-04-01,3,1136.497143,1136.570714,False
Lake Victoria,SeasonalNaive,2021-05-01,2021-05-01,1,1136.742143,1136.76,False
Lake Victoria,SeasonalNaive,2021-03-01,2021-05-01,3,1136.742143,1136.76,False
Lake Victoria,SeasonalNaive,2021-06-01,2021-06-01,1,1136.685833,1136.63875,False
Lake Victoria,SeasonalNaive,2021-04-01,2021-06-01,3,1136.685833,1136.63875,False
Lake Victoria,SeasonalNaive,2021-01-01,2021-06-01,6,1136.685833,1136.63875,False
Lake Victoria,SeasonalNaive,2021-07-01,2021-07-01,1,1136.54125,1136.4425,False
Lake Victoria,SeasonalNaive,2021-05-01,2021-07-01,3,1136.54125,1136.4425,False
Lake Victoria,SeasonalNaive,2021-02-01,2021-07-01,6,1136.54125,1136.4425,False
Lake Victoria,SeasonalNaive,2021-08-01,2021-08-01,1,1136.431429,1136.287143,False
Lake Victoria,SeasonalNaive,2021-06-01,2021-08-01,3,1136.431429,1136.287143,False
Lake Victoria,SeasonalNaive,2021-03-01,2021-08-01,6,1136.431429,1136.287143,False
Lake Victoria,SeasonalNaive,2021-09-01,2021-09-01,1,1136.377143,1136.173571,False
Lake Victoria,SeasonalNaive,2021-07-01,2021-09-01,3,1136.377143,1136.173571,False
Lake Victoria,SeasonalNaive,2021-04-01,2021-09-01,6,1136.377143,1136.173571,False
Lake Victoria,SeasonalNaive,2021-10-01,2021-10-01,1,1136.407857,1136.186429,False
Lake Victoria,SeasonalNaive,2021-08-01,2021-10-01,3,1136.407857,1136.186429,False
Lake Victoria,SeasonalNaive,2021-05-01,2021-10-01,6,1136.407857,1136.186429,False
Lake Victoria,SeasonalNaive,2021-11-01,2021-11-01,1,1136.451429,1136.152857,False
Lake Victoria,SeasonalNaive,2021-09-01,2021-11-01,3,1136.451429,1136.152857,False
Lake Victoria,SeasonalNaive,2021-06-01,2021-11-01,6,1136.451429,1136.152857,False
Lake Victoria,SeasonalNaive,2021-12-01,2021-12-01,1,1136.565714,1136.15125,False
Lake Victoria,SeasonalNaive,2021-10-01,2021-12-01,3,1136.565714,1136.15125,False
Lake Victoria,SeasonalNaive,2021-07-01,2021-12-01,6,1136.565714,1136.15125,False
Lake Victoria,SeasonalNaive,2021-01-01,2021-12-01,12,1136.565714,1136.15125,False
Lake Victoria,SeasonalNaive,2022-01-01,2022-01-01,1,1136.592222,1136.125,False
Lake Victoria,SeasonalNaive,2021-11-01,2022-01-01,3,1136.592222,1136.125,False
Lake Victoria,SeasonalNaive,2021-08-01,2022-01-01,6,1136.592222,1136.125,False
Lake Victoria,SeasonalNaive,2021-02-01,2022-01-01,12,1136.592222,1136.125,False
Lake Victoria,SeasonalNaive,2022-02-01,2022-02-01,1,1136.592143,1136.159375,False
Lake Victoria,SeasonalNaive,2021-12-01,2022-02-01,3,1136.592143,1136.159375,False
Lake Victoria,SeasonalNaive,2021-09-01,2022-02-01,6,1136.592143,1136.159375,False
Lake Victoria,SeasonalNaive,2021-03-01,2022-02-01,12,1136.592143,1136.159375,False
Lake Victoria,SeasonalNaive,2022-03-01,2022-03-01,1,1136.53625,1136.1875,False
Lake Victoria,SeasonalNaive,2022-01-01,2022-03-01,3,1136.53625,1136.1875,False
Lake Victoria,SeasonalNaive,2021-10-01,2022-03-01,6,1136.53625,1136.1875,False
Lake Victoria,SeasonalNaive,2021-04-01,2022-03-01,12,1136.53625,1136.1875,False
Lake Victoria,SeasonalNaive,2022-04-01,2022-04-01,1,1136.570714,1136.1675,False
Lake Victoria,SeasonalNaive,2022-02-01,2022-04-01,3,1136.570714,1136.1675,False
Lake Victoria,SeasonalNaive,2021-11-01,2022-04-01,6,1136.570714,1136.1675,False
Lake Victoria,SeasonalNaive,2021-05-01,2022-04-01,12,1136.570714,1136.1675,False
Lake Victoria,SeasonalNaive,2022-05-01,2022-05-01,1,1136.76,1136.263333,False
Lake Victoria,SeasonalNaive,2022-03-01,2022-05-01,3,1136.76,1136.263333,False
Lake Victoria,SeasonalNaive,2021-12-01,2022-05-01,6,1136.76,1136.263333,False
Lake Victoria,SeasonalNaive,2021-06-01,2022-05-01,12,1136.76,1136.263333,False
Lake Victoria,SeasonalNaive,2022-06-01,2022-06-01,1,1136.63875,1136.233125,False
Lake Victoria,SeasonalNaive,2022-04-01,2022-06-01,3,1136.63875,1136.233125,False
Lake Victoria,SeasonalNaive,2022-01-01,2022-06-01,6,1136.63875,1136.233125,False
Lake Victoria,SeasonalNaive,2021-07-01,2022-06-01,12,1136.63875,1136.233125,False
Lake Victoria,SeasonalNaive,2022-07-01,2022-07-01,1,1136.4425,1136.023333,False
Lake Victoria,SeasonalNaive,2022-05-01,2022-07-01,3,1136.4425,1136.023333,False
Lake Victoria,SeasonalNaive,2022-02-01,2022-07-01,6,1136.4425,1136.023333,False
Lake Victoria,SeasonalNaive,2021-08-01,2022-07-01,12,1136.4425,1136.023333,False
Lake Victoria,SeasonalNaive,2022-08-01,2022-08-01,1,1136.287143,1135.9525,False
Lake Victoria,SeasonalNaive,2022-06-01,2022-08-01,3,1136.287143,1135.9525,False
Lake Victoria,SeasonalNaive,2022-03-01,2022-08-01,6,1136.287143,1135.9525,False
Lake Victoria,SeasonalNaive,2021-09-01,2022-08-01,12,1136.287143,1135.9525,False
Lake Victoria,SeasonalNaive,2022-09-01,2022-09-01,1,1136.173571,1135.92875,False
Lake Victoria,SeasonalNaive,2022-07-01,2022-09-01,3,1136.173571,1135.92875,False
Lake Victoria,SeasonalNaive,2022-04-01,2022-09-01,6,1136.173571,1135.92875,False
Lake Victoria,SeasonalNaive,2021-10-01,2022-09-01,12,1136.173571,1135.92875,False
Lake Victoria,SeasonalNaive,2022-10-01,2022-10-01,1,1136.186429,1135.881111,False
Lake Victoria,SeasonalNaive,2022-08-01,2022-10-01,3,1136.186429,1135.881111,False
Lake Victoria,SeasonalNaive,2022-05-01,2022-10-01,6,1136.186429,1135.881111,False
Lake Victoria,SeasonalNaive,2021-11-01,2022-10-01,12,1136.186429,1135.881111,False
Lake Victoria,SeasonalNaive,2022-11-01,2022-11-01,1,1136.152857,1135.89,False
Lake Victoria,SeasonalNaive,2022-09-01,2022-11-01,3,1136.152857,1135.89,False
Lake Victoria,SeasonalNaive,2022-06-01,2022-11-01,6,1136.152857,1135.89,False
Lake Victoria,SeasonalNaive,2021-12-01,2022-11-01,12,1136.152857,1135.89,False
Lake Victoria,SeasonalNaive,2022-12-01,2022-12-01,1,1136.15125,1135.96375,False
Lake Victoria,SeasonalNaive,2022-10-01,2022-12-01,3,1136.15125,1135.96375,False
Lake Victoria,SeasonalNaive,2022-07-01,2022-12-01,6,1136.15125,1135.96375,False
Lake Victoria,SeasonalNaive,2022-01-01,2022-12-01,12,1136.15125,1135.96375,False
Lake Victoria,SeasonalNaive,2023-01-01,2023-01-01,1,1136.125,1136.022143,False
Lake Victoria,SeasonalNaive,2022-11-01,2023-01-01,3,1136.125,1136.022143,False
Lake Victoria,SeasonalNaive,2022-08-01,2023-01-01,6,1136.125,1136.022143,False
Lake Victoria,SeasonalNaive,2022-02-01,2023-01-01,12,1136.125,1136.022143,False
Lake Victoria,SeasonalNaive,2023-02-01,2023-02-01,1,1136.159375,1135.983333,False
Lake Victoria,SeasonalNaive,2022-12-01,2023-02-01,3,1136.159375,1135.983333,False
Lake Victoria,SeasonalNaive,2022-09-01,2023-02-01,6,1136.159375,1135.983333,False
Lake Victoria,SeasonalNaive,2022-03-01,2023-02-01,12,1136.159375,1135.983333,False
Lake Victoria,SeasonalNaive,2023-03-01,2023-03-01,1,1136.1875,1135.96,False
Lake Victoria,SeasonalNaive,2023-01-01,2023-03-01,3,1136.1875,1135.96,False
Lake Victoria,SeasonalNaive,2022-10-01,2023-03-01,6,1136.1875,1135.96,False
Lake Victoria,SeasonalNaive,2022-04-01,2023-03-01,12,1136.1875,1135.96,False
Lake Victoria,SeasonalNaive,2023-04-01,2023-04-01,1,1136.1675,1136.147143,False
Lake Victoria,SeasonalNaive,2023-02-01,2023-04-01,3,1136.1675,1136.147143,False
Lake Victoria,SeasonalNaive,2022-11-01,2023-04-01,6,1136.1675,1136.147143,False
Lake Victoria,SeasonalNaive,2022-05-01,2023-04-01,12,1136.1675,1136.147143,False
Lake Victoria,SeasonalNaive,2023-05-01,2023-05-01,1,1136.263333,1136.35,False
Lake Victoria,SeasonalNaive,2023-03-01,2023-05-01,3,1136.263333,1136.35,False
Lake Victoria,SeasonalNaive,2022-12-01,2023-05-01,6,1136.263333,1136.35,False
Lake Victoria,SeasonalNaive,2022-06-01,2023-05-01,12,1136.263333,1136.35,False
Lake Victoria,SeasonalNaive,2023-06-01,2023-06-01,1,1136.233125,1136.291875,False
Lake Victoria,SeasonalNaive,2023-04-01,2023-06-01,3,1136.233125,1136.291875,False
Lake Victoria,SeasonalNaive,2023-01-01,2023-06-01,6,1136.233125,1136.291875,False
Lake Victoria,SeasonalNaive,2022-07-01,2023-06-01,12,1136.233125,1136.291875,False
Lake Victoria,SeasonalNaive,2023-07-01,2023-07-01,1,1136.023333,1136.1425,False
Lake Victoria,SeasonalNaive,2023-05-01,2023-07-01,3,1136.023333,1136.1425,False
Lake Victoria,SeasonalNaive,2023-02-01,2023-07-01,6,1136.023333,1136.1425,False
Lake Victoria,SeasonalNaive,2022-08-01,2023-07-01,12,1136.023333,1136.1425,False
Lake Victoria,SeasonalNaive,2023-08-01,2023-08-01,1,1135.9525,1136.006667,False
Lake Victoria,SeasonalNaive,2023-06-01,2023-08-01,3,1135.9525,1136.006667,False
Lake Victoria,SeasonalNaive,2023-03-01,2023-08-01,6,1135.9525,1136.006667,False
Lake Victoria,SeasonalNaive,2022-09-01,2023-08-01,12,1135.9525,1136.006667,False
Lake Victoria,SeasonalNaive,2023-09-01,2023-09-01,1,1135.92875,1135.9575,False
Lake Victoria,SeasonalNaive,2023-07-01,2023-09-01,3,1135.92875,1135.9575,False
Lake Victoria,SeasonalNaive,2023-04-01,2023-09-01,6,1135.92875,1135.9575,False
Lake Victoria,SeasonalNaive,2022-10-01,2023-09-01,12,1135.92875,1135.9575,False
Lake Victoria,SeasonalNaive,2023-10-01,2023-10-01,1,1135.881111,1135.899375,False
Lake Victoria,SeasonalNaive,2023-08-01,2023-10-01,3,1135.881111,1135.899375,False
Lake Victoria,SeasonalNaive,2023-05-01,2023-10-01,6,1135.881111,1135.899375,False
Lake Victoria,SeasonalNaive,2022-11-01,2023-10-01,12,1135.881111,1135.899375,False
Lake Victoria,SeasonalNaive,2023-11-01,2023-11-01,1,1135.89,1136.041429,False
Lake Victoria,SeasonalNaive,2023-09-01,2023-11-01,3,1135.89,1136.041429,False
Lake Victoria,SeasonalNaive,2023-06-01,2023-11-01,6,1135.89,1136.041429,False
Lake Victoria,SeasonalNaive,2022-12-01,2023-11-01,12,1135.89,1136.041429,False
Lake Victoria,SeasonalNaive,2023-12-01,2023-12-01,1,1135.96375,1136.29125,False
Lake Victoria,SeasonalNaive,2023-10-01,2023-12-01,3,1135.96375,1136.29125,False
Lake Victoria,SeasonalNaive,2023-07-01,2023-12-01,6,1135.96375,1136.29125,False
Lake Victoria,SeasonalNaive,2023-01-01,2023-12-01,12,1135.96375,1136.29125,False
Lake Victoria,SeasonalNaive,2024-01-01,2024-01-01,1,1136.022143,1136.475,False
Lake Victoria,SeasonalNaive,2023-11-01,2024-01-01,3,1136.022143,1136.475,False
Lake Victoria,SeasonalNaive,2023-08-01,2024-01-01,6,1136.022143,1136.475,False
Lake Victoria,SeasonalNaive,2023-02-01,2024-01-01,12,1136.022143,1136.475,False
Lake Victoria,SeasonalNaive,2024-02-01,2024-02-01,1,1135.983333,1136.532857,False
Lake Victoria,SeasonalNaive,2023-12-01,2024-02-01,3,1135.983333,1136.532857,False
Lake Victoria,SeasonalNaive,2023-09-01,2024-02-01,6,1135.983333,1136.532857,False
Lake Victoria,SeasonalNaive,2023-03-01,2024-02-01,12,1135.983333,1136.532857,False
Lake Victoria,SeasonalNaive,2024-03-01,2024-03-01,1,1135.96,1136.551875,False
Lake Victoria,SeasonalNaive,2024-01-01,2024-03-01,3,1135.96,1136.551875,False
Lake Victoria,SeasonalNaive,2023-10-01,2024-03-01,6,1135.96,1136.551875,False
Lake Victoria,SeasonalNaive,2023-04-01,2024-03-01,12,1135.96,1136.551875,False
Lake Victoria,SeasonalNaive,2024-04-01,2024-04-01,1,1136.147143,1136.72875,False
Lake Victoria,SeasonalNaive,2024-02-01,2024-04-01,3,1136.147143,1136.72875,False
Lake Victoria,SeasonalNaive,2023-11-01,2024-04-01,6,1136.147143,1136.72875,False
Lake Victoria,SeasonalNaive,2023-05-01,2024-04-01,12,1136.147143,1136.72875,False
Lake Victoria,SeasonalNaive,2024-05-01,2024-05-01,1,1136.35,1136.935,False
Lake Victoria,SeasonalNaive,2024-03-01,2024-05-01,3,1136.35,1136.935,False
Lake Victoria,SeasonalNaive,2023-12-01,2024-05-01,6,1136.35,1136.935,False
Lake Victoria,SeasonalNaive,2023-06-01,2024-05-01,12,1136.35,1136.935,False
Lake Victoria,SeasonalNaive,2024-06-01,2024-06-01,1,1136.291875,1136.822143,False
Lake Victoria,SeasonalNaive,2024-04-01,2024-06-01,3,1136.291875,1136.822143,False
Lake Victoria,SeasonalNaive,2024-01-01,2024-06-01,6,1136.291875,1136.822143,False
Lake Victoria,SeasonalNaive,2023-07-01,2024-06-01,12,1136.291875,1136.822143,False
Lake Victoria,SeasonalNaive,2024-07-01,2024-07-01,1,1136.1425,1136.655714,False
Lake Victoria,SeasonalNaive,2024-05-01,2024-07-01,3,1136.1425,1136.655714,False
Lake Victoria,SeasonalNaive,2024-02-01,2024-07-01,6,1136.1425,1136.655714,False
Lake Victoria,SeasonalNaive,2023-08-01,2024-07-01,12,1136.1425,1136.655714,False
Lake Victoria,SeasonalNaive,2024-08-01,2024-08-01,1,1136.006667,1136.538889,False
Lake Victoria,SeasonalNaive,2024-06-01,2024-08-01,3,1136.006667,1136.538889,False
Lake Victoria,SeasonalNaive,2024-03-01,2024-08-01,6,1136.006667,1136.538889,False
Lake Victoria,SeasonalNaive,2023-09-01,2024-08-01,12,1136.006667,1136.538889,False
Lake Victoria,SeasonalNaive,2024-09-01,2024-09-01,1,1135.9575,1136.4,False
Lake Victoria,SeasonalNaive,2024-07-01,2024-09-01,3,1135.9575,1136.4,False
Lake Victoria,SeasonalNaive,2024-04-01,2024-09-01,6,1135.9575,1136.4,False
Lake Victoria,SeasonalNaive,2023-10-01,2024-09-01,12,1135.9575,1136.4,False
Lake Victoria,SeasonalNaive,2024-10-01,2024-10-01,1,1135.899375,1136.346667,False
Lake Victoria,SeasonalNaive,2024-08-01,2024-10-01,3,1135.899375,1136.346667,False
Lake Victoria,SeasonalNaive,2024-05-01,2024-10-01,6,1135.899375,1136.346667,False
Lake Victoria,SeasonalNaive,2023-11-01,2024-10-01,12,1135.899375,1136.346667,False
Lake Victoria,SeasonalNaive,2024-11-01,2024-11-01,1,1136.041429,1136.401667,False
Lake Victoria,SeasonalNaive,2024-09-01,2024-11-01,3,1136.041429,1136.401667,False
Lake Victoria,SeasonalNaive,2024-06-01,2024-11-01,6,1136.041429,1136.401667,False
Lake Victoria,SeasonalNaive,2023-12-01,2024-11-01,12,1136.041429,1136.401667,False
Lake Victoria,SeasonalNaive,2024-12-01,2024-12-01,1,1136.29125,1136.564444,False
Lake Victoria,SeasonalNaive,2024-10-01,2024-12-01,3,1136.29125,1136.564444,False
Lake Victoria,SeasonalNaive,2024-07-01,2024-12-01,6,1136.29125,1136.564444,False
Lake Victoria,SeasonalNaive,2024-01-01,2024-12-01,12,1136.29125,1136.564444,False
Lake Victoria,SeasonalNaive,2025-01-01,2025-01-01,1,1136.475,1136.578333,False
Lake Victoria,SeasonalNaive,2024-11-01,2025-01-01,3,1136.475,1136.578333,False
Lake Victoria,SeasonalNaive,2024-08-01,2025-01-01,6,1136.475,1136.578333,False
Lake Victoria,SeasonalNaive,2024-02-01,2025-01-01,12,1136.475,1136.578333,False
Lake Victoria,SeasonalNaive,2025-02-01,2025-02-01,1,1136.532857,1136.465,False
Lake Victoria,SeasonalNaive,2024-12-01,2025-02-01,3,1136.532857,1136.465,False
Lake Victoria,SeasonalNaive,2024-09-01,2025-02-01,6,1136.532857,1136.465,False
Lake Victoria,SeasonalNaive,2024-03-01,2025-02-01,12,1136.532857,1136.465,False
Lake Victoria,SeasonalNaive,2025-03-01,2025-03-01,1,1136.551875,1136.381667,False
Lake Victoria,SeasonalNaive,2025-01-01,2025-03-01,3,1136.551875,1136.381667,False
Lake Victoria,SeasonalNaive,2024-10-01,2025-03-01,6,1136.551875,1136.381667,False
Lake Victoria,SeasonalNaive,2024-04-01,2025-03-01,12,1136.551875,1136.381667,False
Lake Victoria,SeasonalNaive,2025-04-01,2025-04-01,1,1136.72875,1136.498333,False
Lake Victoria,SeasonalNaive,2025-02-01,2025-04-01,3,1136.72875,1136.498333,False
Lake Victoria,SeasonalNaive,2024-11-01,2025-04-01,6,1136.72875,1136.498333,False
Lake Victoria,SeasonalNaive,2024-05-01,2025-04-01,12,1136.72875,1136.498333,False
Lake Victoria,SeasonalNaive,2025-05-01,2025-05-01,1,1136.935,1136.625,False
Lake Victoria,SeasonalNaive,2025-03-01,2025-05-01,3,1136.935,1136.625,False
Lake Victoria,SeasonalNaive,2024-12-01,2025-05-01,6,1136.935,1136.625,False
Lake Victoria,SeasonalNaive,2024-06-01,2025-05-01,12,1136.935,1136.625,False
Lake Victoria,SeasonalNaive,2025-06-01,2025-06-01,1,1136.822143,1136.571667,False
Lake Victoria,SeasonalNaive,2025-04-01,2025-06-01,3,1136.822143,1136.571667,False
Lake Victoria,SeasonalNaive,2025-01-01,2025-06-01,6,1136.822143,1136.571667,False
Lake Victoria,SeasonalNaive,2024-07-01,2025-06-01,12,1136.822143,1136.571667,False
Lake Victoria,SeasonalNaive,2025-07-01,2025-07-01,1,1136.655714,1136.481667,False
Lake Victoria,SeasonalNaive,2025-05-01,2025-07-01,3,1136.655714,1136.481667,False
Lake Victoria,SeasonalNaive,2025-02-01,2025-07-01,6,1136.655714,1136.481667,False
Lake Victoria,SeasonalNaive,2024-08-01,2025-07-01,12,1136.655714,1136.481667,False
Lake Victoria,SeasonalNaive,2025-08-01,2025-08-01,1,1136.538889,1136.355,False
Lake Victoria,SeasonalNaive,2025-06-01,2025-08-01,3,1136.538889,1136.355,False
Lake Victoria,SeasonalNaive,2025-03-01,2025-08-01,6,1136.538889,1136.355,False
Lake Victoria,SeasonalNaive,2024-09-01,2025-08-01,12,1136.538889,1136.355,False
Lake Victoria,SeasonalNaive,2025-09-01,2025-09-01,1,1136.4,1136.278333,False
Lake Victoria,SeasonalNaive,2025-07-01,2025-09-01,3,1136.4,1136.278333,False
Lake Victoria,SeasonalNaive,2025-04-01,2025-09-01,6,1136.4,1136.278333,False
Lake Victoria,SeasonalNaive,2024-10-01,2025-09-01,12,1136.4,1136.278333,False
Lake Victoria,SeasonalNaive,2025-10-01,2025-10-01,1,1136.346667,1136.211667,False
Lake Victoria,SeasonalNaive,2025-08-01,2025-10-01,3,1136.346667,1136.211667,False
Lake Victoria,SeasonalNaive,2025-05-01,2025-10-01,6,1136.346667,1136.211667,False
Lake Victoria,SeasonalNaive,2024-11-01,2025-10-01,12,1136.346667,1136.211667,False
Lake Victoria,SeasonalNaive,2025-11-01,2025-11-01,1,1136.401667,1136.251667,False
Lake Victoria,SeasonalNaive,2025-09-01,2025-11-01,3,1136.401667,1136.251667,False
Lake Victoria,SeasonalNaive,2025-06-01,2025-11-01,6,1136.401667,1136.251667,False
Lake Victoria,SeasonalNaive,2024-12-01,2025-11-01,12,1136.401667,1136.251667,False
Lake Victoria,SeasonalNaive,2025-12-01,2025-12-01,1,1136.564444,1136.205,False
Lake Victoria,SeasonalNaive,2025-10-01,2025-12-01,3,1136.564444,1136.205,False
Lake Victoria,SeasonalNaive,2025-07-01,2025-12-01,6,1136.564444,1136.205,False
Lake Victoria,SeasonalNaive,2025-01-01,2025-12-01,12,1136.564444,1136.205,False
Lake Victoria,ARIMA,2021-01-01,2021-01-01,1,1136.618126,1136.592222,False
Lake Victoria,ARIMA,2021-02-01,2021-02-01,1,1136.575492,1136.592143,False
Lake Victoria,ARIMA,2021-03-01,2021-03-01,1,1136.574621,1136.53625,False
Lake Victoria,ARIMA,2021-01-01,2021-03-01,3,1136.591543,1136.53625,False
Lake Victoria,ARIMA,2021-04-01,2021-04-01,1,1136.501442,1136.570714,False
Lake Victoria,ARIMA,2021-02-01,2021-04-01,3,1136.534207,1136.570714,False
Lake Victoria,ARIMA,2021-05-01,2021-05-01,1,1136.604233,1136.76,False
Lake Victoria,ARIMA,2021-03-01,2021-05-01,3,1136.558937,1136.76,False
Lake Victoria,ARIMA,2021-06-01,2021-06-01,1,1136.866284,1136.63875,False
Lake Victoria,ARIMA,2021-04-01,2021-06-01,3,1136.505093,1136.63875,False
Lake Victoria,ARIMA,2021-01-01,2021-06-01,6,1136.572149,1136.63875,False
Lake Victoria,ARIMA,2021-07-01,2021-07-01,1,1136.51932,1136.4425,False
Lake Victoria,ARIMA,2021-05-01,2021-07-01,3,1136.618535,1136.4425,False
Lake Victoria,ARIMA,2021-02-01,2021-07-01,6,1136.545222,1136.4425,False
Lake Victoria,ARIMA,2021-08-01,2021-08-01,1,1136.340468,1136.287143,False
Lake Victoria,ARIMA,2021-06-01,2021-08-01,3,1136.840985,1136.287143,False
Lake Victoria,ARIMA,2021-03-01,2021-08-01,6,1136.567355,1136.287143,False
Lake Victoria,ARIMA,2021-09-01,2021-09-01,1,1136.256932,1136.173571,False
Lake Victoria,ARIMA,2021-07-01,2021-09-01,3,1136.469119,1136.173571,False
Lake Victoria,ARIMA,2021-04-01,2021-09-01,6,1136.519185,1136.173571,False
Lake Victoria,ARIMA,2021-10-01,2021-10-01,1,1136.164759,1136.186429,False
Lake Victoria,ARIMA,2021-08-01,2021-10-01,3,1136.385153,1136.186429,False
Lake Victoria,ARIMA,2021-05-01,2021-10-01,6,1136.603034,1136.186429,False
Lake Victoria,ARIMA,2021-11-01,2021-11-01,1,1136.236493,1136.152857,False
Lake Victoria,ARIMA,2021-09-01,2021-11-01,3,1136.341288,1136.152857,False
Lake Victoria,ARIMA,2021-06-01,2021-11-01,6,1136.799282,1136.152857,False
Lake Victoria,ARIMA,2021-12-01,2021-12-01,1,1136.141294,1136.15125,False
Lake Victoria,ARIMA,2021-10-01,2021-12-01,3,1136.237091,1136.15125,False
Lake Victoria,ARIMA,2021-07-01,2021-12-01,6,1136.524115,1136.15125,False
Lake Victoria,ARIMA,2021-01-01,2021-12-01,12,1136.577464,1136.15125,False
Lake Victoria,ARIMA,2022-01-01,2022-01-01,1,1136.157259,1136.125,False
Lake Victoria,ARIMA,2021-11-01,2022-01-01,3,1136.28099,1136.125,False
Lake Victoria,ARIMA,2021-08-01,2022-01-01,6,1136.422492,1136.125,False
Lake Victoria,ARIMA,2021-02-01,2022-01-01,12,1136.543849,1136.125,False
Lake Victoria,ARIMA,2022-02-01,2022-02-01,1,1136.113473,1136.159375,False
Lake Victoria,ARIMA,2021-12-01,2022-02-01,3,1136.147758,1136.159375,False
Lake Victoria,ARIMA,2021-09-01,2022-02-01,6,1136.345909,1136.159375,False
Lake Victoria,ARIMA,2021-03-01,2022-02-01,12,1136.565851,1136.159375,False
Lake Victoria,ARIMA,2022-03-01,2022-03-01,1,1136.18577,1136.1875,False
Lake Victoria,ARIMA,2022-01-01,2022-03-01,3,1136.167146,1136.1875,False
Lake Victoria,ARIMA,2021-10-01,2022-03-01,6,1136.234311,1136.1875,False
Lake Victoria,ARIMA,2021-04-01,2022-03-01,12,1136.515782,1136.1875,False
Lake Victoria,ARIMA,2022-04-01,2022-04-01,1,1136.197898,1136.1675,False
Lake Victoria,ARIMA,2022-02-01,2022-04-01,3,1136.118642,1136.1675,False
Lake Victoria,ARIMA,2021-11-01,2022-04-01,6,1136.256189,1136.1675,False
Lake Victoria,ARIMA,2021-05-01,2022-04-01,12,1136.606246,1136.1675,False
Lake Victoria,ARIMA,2022-05-01,2022-05-01,1,1136.145788,1136.263333,False
Lake Victoria,ARIMA,2022-03-01,2022-05-01,3,1136.190853,1136.263333,False
Lake Victoria,ARIMA,2021-12-01,2022-05-01,6,1136.152461,1136.263333,False
Lake Victoria,ARIMA,2021-06-01,2022-05-01,12,1136.809774,1136.263333,False
Lake Victoria,ARIMA,2022-06-01,2022-06-01,1,1136.320824,1136.233125,False
Lake Victoria,ARIMA,2022-04-01,2022-06-01,3,1136.18609,1136.233125,False
Lake Victoria,ARIMA,2022-01-01,2022-06-01,6,1136.163563,1136.233125,False
Lake Victoria,ARIMA,2021-07-01,2022-06-01,12,1136.512706,1136.233125,False
Lake Victoria,ARIMA,2022-07-01,2022-07-01,1,1136.194272,1136.023333,False
Lake Victoria,ARIMA,2022-05-01,2022-07-01,3,1136.136636,1136.023333,False
Lake Victoria,ARIMA,2022-02-01,2022-07-01,6,1136.123098,1136.023333,False
Lake Victoria,ARIMA,2021-08-01,2022-07-01,12,1136.412469,1136.023333,False
Lake Victoria,ARIMA,2022-08-01,2022-08-01,1,1135.900321,1135.9525,False
Lake Victoria,ARIMA,2022-06-01,2022-08-01,3,1136.316166,1135.9525,False
Lake Victoria,ARIMA,2022-03-01,2022-08-01,6,1136.179283,1135.9525,False
Lake Victoria,ARIMA,2021-09-01,2022-08-01,12,1136.342364,1135.9525,False
Lake Victoria,ARIMA,2022-09-01,2022-09-01,1,1135.96561,1135.92875,False
Lake Victoria,ARIMA,2022-07-01,2022-09-01,3,1136.168292,1135.92875,False
Lake Victoria,ARIMA,2022-04-01,2022-09-01,6,1136.183055,1135.92875,False
Lake Victoria,ARIMA,2021-10-01,2022-09-01,12,1136.232841,1135.92875,False
Lake Victoria,ARIMA,2022-10-01,2022-10-01,1,1135.952518,1135.881111,False
Lake Victoria,ARIMA,2022-08-01,2022-10-01,3,1135.923668,1135.881111,False
Lake Victoria,ARIMA,2022-05-01,2022-10-01,6,1136.146509,1135.881111,False
Lake Victoria,ARIMA,2021-11-01,2022-10-01,12,1136.260687,1135.881111,False
Lake Victoria,ARIMA,2022-11-01,2022-11-01,1,1135.86622,1135.89,False
Lake Victoria,ARIMA,2022-09-01,2022-11-01,3,1136.040308,1135.89,False
Lake Victoria,ARIMA,2022-06-01,2022-11-01,6,1136.292424,1135.89,False
Lake Victoria,ARIMA,2021-12-01,2022-11-01,12,1136.151163,1135.89,False
Lake Victoria,ARIMA,2022-12-01,2022-12-01,1,1135.909025,1135.96375,False
Lake Victoria,ARIMA,2022-10-01,2022-12-01,3,1135.990564,1135.96375,False
Lake Victoria,ARIMA,2022-07-01,2022-12-01,6,1136.187307,1135.96375,False
Lake Victoria,ARIMA,2022-01-01,2022-12-01,12,1136.164115,1135.96375,False
Lake Victoria,ARIMA,2023-01-01,2023-01-01,1,1136.00876,1136.022143,False
Lake Victoria,ARIMA,2022-11-01,2023-01-01,3,1135.882792,1136.022143,False
Lake Victoria,ARIMA,2022-08-01,2023-01-01,6,1135.972397,1136.022143,False
Lake Victoria,ARIMA,2022-02-01,2023-01-01,12,1136.121902,1136.022143,False
Lake Victoria,ARIMA,2023-02-01,2023-02-01,1,1136.037039,1135.983333,False
Lake Victoria,ARIMA,2022-12-01,2023-02-01,3,1135.924692,1135.983333,False
Lake Victoria,ARIMA,2022-09-01,2023-02-01,6,1136.027346,1135.983333,False
Lake Victoria,ARIMA,2022-03-01,2023-02-01,12,1136.181843,1135.983333,False
Lake Victoria,ARIMA,2023-03-01,2023-03-01,1,1135.939593,1135.96,False
Lake Victoria,ARIMA,2023-01-01,2023-03-01,3,1136.001995,1135.96,False
Lake Victoria,ARIMA,2022-10-01,2023-03-01,6,1135.977686,1135.96,False
Lake Victoria,ARIMA,2022-04-01,2023-03-01,12,1136.184107,1135.96,False
Lake Victoria,ARIMA,2023-04-01,2023-04-01,1,1135.950349,1136.147143,False
Lake Victoria,ARIMA,2023-02-01,2023-04-01,3,1136.007696,1136.147143,False
Lake Victoria,ARIMA,2022-11-01,2023-04-01,6,1135.887667,1136.147143,False
Lake Victoria,ARIMA,2022-05-01,2023-04-01,12,1136.144467,1136.147143,False
Lake Victoria,ARIMA,2023-05-01,2023-05-01,1,1136.264619,1136.35,False
Lake Victoria,ARIMA,2023-03-01,2023-05-01,3,1135.92018,1136.35,False
Lake Victoria,ARIMA,2022-12-01,2023-05-01,6,1135.915233,1136.35,False
Lake Victoria,ARIMA,2022-06-01,2023-05-01,12,1136.298119,1136.35,False
Lake Victoria,ARIMA,2023-06-01,2023-06-01,1,1136.423796,1136.291875,False
Lake Victoria,ARIMA,2023-04-01,2023-06-01,3,1135.961027,1136.291875,False
Lake Victoria,ARIMA,2023-01-01,2023-06-01,6,1135.984041,1136.291875,False
Lake Victoria,ARIMA,2022-07-01,2023-06-01,12,1136.183611,1136.291875,False
Lake Victoria,ARIMA,2023-07-01,2023-07-01,1,1136.190864,1136.1425,False
Lake Victoria,ARIMA,2023-05-01,2023-07-01,3,1136.256608,1136.1425,False
Lake Victoria,ARIMA,2023-02-01,2023-07-01,6,1136.004402,1136.1425,False
Lake Victoria,ARIMA,2022-08-01,2023-07-01,12,1135.960321,1136.1425,False
Lake Victoria,ARIMA,2023-08-01,2023-08-01,1,1136.05085,1136.006667,False
Lake Victoria,ARIMA,2023-06-01,2023-08-01,3,1136.347076,1136.006667,False
Lake Victoria,ARIMA,2023-03-01,2023-08-01,6,1135.940148,1136.006667,False
Lake Victoria,ARIMA,2022-09-01,2023-08-01,12,1136.028205,1136.006667,False
Lake Victoria,ARIMA,2023-09-01,2023-09-01,1,1135.970225,1135.9575,False
Lake Victoria,ARIMA,2023-07-01,2023-09-01,3,1136.120551,1135.9575,False
Lake Victoria,ARIMA,2023-04-01,2023-09-01,6,1135.963718,1135.9575,False
Lake Victoria,ARIMA,2022-10-01,2023-09-01,12,1135.979576,1135.9575,False
Lake Victoria,ARIMA,2023-10-01,2023-10-01,1,1135.976598,1135.899375,False
Lake Victoria,ARIMA,2023-08-01,2023-10-01,3,1136.070332,1135.899375,False
Lake Victoria,ARIMA,2023-05-01,2023-10-01,6,1136.208377,1135.899375,False
Lake Victoria,ARIMA,2022-11-01,2023-10-01,12,1135.886038,1135.899375,False
Lake Victoria,ARIMA,2023-11-01,2023-11-01,1,1135.890887,1136.041429,False
Lake Victoria,ARIMA,2023-09-01,2023-11-01,3,1136.033912,1136.041429,False
Lake Victoria,ARIMA,2023-06-01,2023-11-01,6,1136.324073,1136.041429,False
Lake Victoria,ARIMA,2022-12-01,2023-11-01,12,1135.916989,1136.041429,False
Lake Victoria,ARIMA,2023-12-01,2023-12-01,1,1136.142344,1136.29125,False
Lake Victoria,ARIMA,2023-10-01,2023-12-01,3,1136.033629,1136.29125,False
Lake Victoria,ARIMA,2023-07-01,2023-12-01,6,1136.169182,1136.29125,False
Lake Victoria,ARIMA,2023-01-01,2023-12-01,12,1135.988436,1136.29125,False
Lake Victoria,ARIMA,2024-01-01,2024-01-01,1,1136.406498,1136.475,False
Lake Victoria,ARIMA,2023-11-01,2024-01-01,3,1135.920637,1136.475,False
Lake Victoria,ARIMA,2023-08-01,2024-01-01,6,1136.105826,1136.475,False
Lake Victoria,ARIMA,2023-02-01,2024-01-01,12,1136.006027,1136.475,False
Lake Victoria,ARIMA,2024-02-01,2024-02-01,1,1136.506551,1136.532857,False
Lake Victoria,ARIMA,2023-12-01,2024-02-01,3,1136.150244,1136.532857,False
Lake Victoria,ARIMA,2023-09-01,2024-02-01,6,1136.042961,1136.532857,False
Lake Victoria,ARIMA,2023-03-01,2024-02-01,12,1135.936045,1136.532857,False
Lake Victoria,ARIMA,2024-03-01,2024-03-01,1,1136.497421,1136.551875,False
Lake Victoria,ARIMA,2024-01-01,2024-03-01,3,1136.341722,1136.551875,False
Lake Victoria,ARIMA,2023-10-01,2024-03-01,6,1136.0205,1136.551875,False
Lake Victoria,ARIMA,2023-04-01,2024-03-01,12,1135.962782,1136.551875,False
Lake Victoria,ARIMA,2024-04-01,2024-04-01,1,1136.531046,1136.72875,False
Lake Victoria,ARIMA,2024-02-01,2024-04-01,3,1136.401295,1136.72875,False
Lake Victoria,ARIMA,2023-11-01,2024-04-01,6,1135.921783,1136.72875,False
Lake Victoria,ARIMA,2023-05-01,2024-04-01,12,1136.219896,1136.72875,False
Lake Victoria,ARIMA,2024-05-01,2024-05-01,1,1136.820662,1136.935,False
Lake Victoria,ARIMA,2024-03-01,2024-05-01,3,1136.418025,1136.935,False
Lake Victoria,ARIMA,2023-12-01,2024-05-01,6,1136.10738,1136.935,False
Lake Victoria,ARIMA,2023-06-01,2024-05-01,12,1136.331687,1136.935,False
Lake Victoria,ARIMA,2024-06-01,2024-06-01,1,1137.009172,1136.822143,False
Lake Victoria,ARIMA,2024-04-01,2024-06-01,3,1136.499209,1136.822143,False
Lake Victoria,ARIMA,2024-01-01,2024-06-01,6,1136.300293,1136.822143,False
Lake Victoria,ARIMA,2023-07-01,2024-06-01,12,1136.15986,1136.822143,False
Lake Victoria,ARIMA,2024-07-01,2024-07-01,1,1136.689695,1136.655714,False
Lake Victoria,ARIMA,2024-05-01,2024-07-01,3,1136.794088,1136.655714,False
Lake Victoria,ARIMA,2024-02-01,2024-07-01,6,1136.398146,1136.655714,False
Lake Victoria,ARIMA,2023-08-01,2024-07-01,12,1136.096969,1136.655714,False
Lake Victoria,ARIMA,2024-08-01,2024-08-01,1,1136.567221,1136.538889,False
Lake Victoria,ARIMA,2024-06-01,2024-08-01,3,1136.932634,1136.538889,False
Lake Victoria,ARIMA,2024-03-01,2024-08-01,6,1136.439819,1136.538889,False
Lake Victoria,ARIMA,2023-09-01,2024-08-01,12,1136.038985,1136.538889,False
Lake Victoria,ARIMA,2024-09-01,2024-09-01,1,1136.522853,1136.4,False
Lake Victoria,ARIMA,2024-07-01,2024-09-01,3,1136.624195,1136.4,False
Lake Victoria,ARIMA,2024-04-01,2024-09-01,6,1136.510342,1136.4,False
Lake Victoria,ARIMA,2023-10-01,2024-09-01,12,1136.021902,1136.4,False
Lake Victoria,ARIMA,2024-10-01,2024-10-01,1,1136.36431,1136.346667,False
Lake Victoria,ARIMA,2024-08-01,2024-10-01,3,1136.605329,1136.346667,False
Lake Victoria,ARIMA,2024-05-01,2024-10-01,6,1136.758019,1136.346667,False
Lake Victoria,ARIMA,2023-11-01,2024-10-01,12,1135.920638,1136.346667,False
Lake Victoria,ARIMA,2024-11-01,2024-11-01,1,1136.360965,1136.401667,False
Lake Victoria,ARIMA,2024-09-01,2024-11-01,3,1136.593613,1136.401667,False
Lake Victoria,ARIMA,2024-06-01,2024-11-01,6,1136.909263,1136.401667,False
Lake Victoria,ARIMA,2023-12-01,2024-11-01,12,1136.117179,1136.401667,False
Lake Victoria,ARIMA,2024-12-01,2024-12-01,1,1136.459804,1136.564444,False
Lake Victoria,ARIMA,2024-10-01,2024-12-01,3,1136.425016,1136.564444,False
Lake Victoria,ARIMA,2024-07-01,2024-12-01,6,1136.685555,1136.564444,False
Lake Victoria,ARIMA,2024-01-01,2024-12-01,12,1136.311869,1136.564444,False
Lake Victoria,ARIMA,2025-01-01,2025-01-01,1,1136.650176,1136.578333,False
Lake Victoria,ARIMA,2024-11-01,2025-01-01,3,1136.41726,1136.578333,False
Lake Victoria,ARIMA,2024-08-01,2025-01-01,6,1136.637589,1136.578333,False
Lake Victoria,ARIMA,2024-02-01,2025-01-01,12,1136.401957,1136.578333,False
Lake Victoria,ARIMA,2025-02-01,2025-02-01,1,1136.541405,1136.465,False
Lake Victoria,ARIMA,2024-12-01,2025-02-01,3,1136.480272,1136.465,False
Lake Victoria,ARIMA,2024-09-01,2025-02-01,6,1136.593641,1136.465,False
Lake Victoria,ARIMA,2024-03-01,2025-02-01,12,1136.437048,1136.465,False
Lake Victoria,ARIMA,2025-03-01,2025-03-01,1,1136.380486,1136.381667,False
Lake Victoria,ARIMA,2025-01-01,2025-03-01,3,1136.620779,1136.381667,False
Lake Victoria,ARIMA,2024-10-01,2025-03-01,6,1136.434546,1136.381667,False
Lake Victoria,ARIMA,2024-04-01,2025-03-01,12,1136.508678,1136.381667,False
Lake Victoria,ARIMA,2025-04-01,2025-04-01,1,1136.359815,1136.498333,False
Lake Victoria,ARIMA,2025-02-01,2025-04-01,3,1136.485333,1136.498333,False
Lake Victoria,ARIMA,2024-11-01,2025-04-01,6,1136.406069,1136.498333,False
Lake Victoria,ARIMA,2024-05-01,2025-04-01,12,1136.767239,1136.498333,False
Lake Victoria,ARIMA,2025-05-01,2025-05-01,1,1136.596918,1136.625,False
Lake Victoria,ARIMA,2025-03-01,2025-05-01,3,1136.376453,1136.625,False
Lake Victoria,ARIMA,2024-12-01,2025-05-01,6,1136.454461,1136.625,False
Lake Victoria,ARIMA,2024-06-01,2025-05-01,12,1136.916961,1136.625,False
Lake Victoria,ARIMA,2025-06-01,2025-06-01,1,1136.677756,1136.571667,False
Lake Victoria,ARIMA,2025-04-01,2025-06-01,3,1136.402523,1136.571667,False
Lake Victoria,ARIMA,2025-01-01,2025-06-01,6,1136.588094,1136.571667,False
Lake Victoria,ARIMA,2024-07-01,2025-06-01,12,1136.673113,1136.571667,False
Lake Victoria,ARIMA,2025-07-01,2025-07-01,1,1136.498774,1136.481667,False
Lake Victoria,ARIMA,2025-05-01,2025-07-01,3,1136.619298,1136.481667,False
Lake Victoria,ARIMA,2025-02-01,2025-07-01,6,1136.506265,1136.481667,False
Lake Victoria,ARIMA,2024-08-01,2025-07-01,12,1136.628947,1136.481667,False
Lake Victoria,ARIMA,2025-08-01,2025-08-01,1,1136.430478,1136.355,False
Lake Victoria,ARIMA,2025-06-01,2025-08-01,3,1136.634333,1136.355,False
Lake Victoria,ARIMA,2025-03-01,2025-08-01,6,1136.411534,1136.355,False
Lake Victoria,ARIMA,2024-09-01,2025-08-01,12,1136.591566,1136.355,False
Lake Victoria,ARIMA,2025-09-01,2025-09-01,1,1136.308928,1136.278333,False
Lake Victoria,ARIMA,2025-07-01,2025-09-01,3,1136.456507,1136.278333,False
Lake Victoria,ARIMA,2025-04-01,2025-09-01,6,1136.407267,1136.278333,False
Lake Victoria,ARIMA,2024-10-01,2025-09-01,12,1136.430536,1136.278333,False
Lake Victoria,ARIMA,2025-10-01,2025-10-01,1,1136.273596,1136.211667,False
Lake Victoria,ARIMA,2025-08-01,2025-10-01,3,1136.447691,1136.211667,False
Lake Victoria,ARIMA,2025-05-01,2025-10-01,6,1136.576228,1136.211667,False
Lake Victoria,ARIMA,2024-11-01,2025-10-01,12,1136.407041,1136.211667,False
Lake Victoria,ARIMA,2025-11-01,2025-11-01,1,1136.204061,1136.251667,False
Lake Victoria,ARIMA,2025-09-01,2025-11-01,3,1136.352753,1136.251667,False
Lake Victoria,ARIMA,2025-06-01,2025-11-01,6,1136.61703,1136.251667,False
Lake Victoria,ARIMA,2024-12-01,2025-11-01,12,1136.459895,1136.251667,False
Lake Victoria,ARIMA,2025-12-01,2025-12-01,1,1136.298391,1136.205,False
Lake Victoria,ARIMA,2025-10-01,2025-12-01,3,1136.326546,1136.205,False
Lake Victoria,ARIMA,2025-07-01,2025-12-01,6,1136.490822,1136.205,False
Lake Victoria,ARIMA,2025-01-01,2025-12-01,12,1136.596595,1136.205,False
Lake Victoria,SARIMA,2021-01-01,2021-01-01,1,1136.616318,1136.592222,False
Lake Victoria,SARIMA,2021-02-01,2021-02-01,1,1136.563257,1136.592143,False
Lake Victoria,SARIMA,2021-03-01,2021-03-01,1,1136.590577,1136.53625,False
Lake Victoria,SARIMA,2021-01-01,2021-03-01,3,1136.589538,1136.53625,False
Lake Victoria,SARIMA,2021-04-01,2021-04-01,1,1136.610227,1136.570714,False
Lake Victoria,SARIMA,2021-02-01,2021-04-01,3,1136.639174,1136.570714,False
Lake Victoria,SARIMA,2021-05-01,2021-05-01,1,1136.666638,1136.76,False
Lake Victoria,SARIMA,2021-03-01,2021-05-01,3,1136.811439,1136.76,False
Lake Victoria,SARIMA,2021-06-01,2021-06-01,1,1136.766021,1136.63875,False
Lake Victoria,SARIMA,2021-04-01,2021-06-01,3,1136.699639,1136.63875,False
Lake Victoria,SARIMA,2021-01-01,2021-06-01,6,1136.782136,1136.63875,False
Lake Victoria,SARIMA,2021-07-01,2021-07-01,1,1136.504628,1136.4425,False
Lake Victoria,SARIMA,2021-05-01,2021-07-01,3,1136.530239,1136.4425,False
Lake Victoria,SARIMA,2021-02-01,2021-07-01,6,1136.639534,1136.4425,False
Lake Victoria,SARIMA,2021-08-01,2021-08-01,1,1136.30326,1136.287143,False
Lake Victoria,SARIMA,2021-06-01,2021-08-01,3,1136.599679,1136.287143,False
Lake Victoria,SARIMA,2021-03-01,2021-08-01,6,1136.598595,1136.287143,False
Lake Victoria,SARIMA,2021-09-01,2021-09-01,1,1136.217471,1136.173571,False
Lake Victoria,SARIMA,2021-07-01,2021-09-01,3,1136.342186,1136.173571,False
Lake Victoria,SARIMA,2021-04-01,2021-09-01,6,1136.464709,1136.173571,False
Lake Victoria,SARIMA,2021-10-01,2021-10-01,1,1136.122965,1136.186429,False
Lake Victoria,SARIMA,2021-08-01,2021-10-01,3,1136.211171,1136.186429,False
Lake Victoria,SARIMA,2021-05-01,2021-10-01,6,1136.373924,1136.186429,False
Lake Victoria,SARIMA,2021-11-01,2021-11-01,1,1136.240109,1136.152857,False
Lake Victoria,SARIMA,2021-09-01,2021-11-01,3,1136.222976,1136.152857,False
Lake Victoria,SARIMA,2021-06-01,2021-11-01,6,1136.563125,1136.152857,False
Lake Victoria,SARIMA,2021-12-01,2021-12-01,1,1136.203146,1136.15125,False
Lake Victoria,SARIMA,2021-10-01,2021-12-01,3,1136.221595,1136.15125,False
Lake Victoria,SARIMA,2021-07-01,2021-12-01,6,1136.424303,1136.15125,False
Lake Victoria,SARIMA,2021-01-01,2021-12-01,12,1136.625072,1136.15125,False
Lake Victoria,SARIMA,2022-01-01,2022-01-01,1,1136.150147,1136.125,False
Lake Victoria,SARIMA,2021-11-01,2022-01-01,3,1136.366444,1136.125,False
Lake Victoria,SARIMA,2021-08-01,2022-01-01,6,1136.359879,1136.125,False
Lake Victoria,SARIMA,2021-02-01,2022-01-01,12,1136.622298,1136.125,False
Lake Victoria,SARIMA,2022-02-01,2022-02-01,1,1136.074664,1136.159375,False
Lake Victoria,SARIMA,2021-12-01,2022-02-01,3,1136.19527,1136.159375,False
Lake Victoria,SARIMA,2021-09-01,2022-02-01,6,1136.307843,1136.159375,False
Lake Victoria,SARIMA,2021-03-01,2022-02-01,12,1136.643071,1136.159375,False
Lake Victoria,SARIMA,2022-03-01,2022-03-01,1,1136.176994,1136.1875,False
Lake Victoria,SARIMA,2022-01-01,2022-03-01,3,1136.099179,1136.1875,False
Lake Victoria,SARIMA,2021-10-01,2022-03-01,6,1136.227238,1136.1875,False
Lake Victoria,SARIMA,2021-04-01,2022-03-01,12,1136.545583,1136.1875,False
Lake Victoria,SARIMA,2022-04-01,2022-04-01,1,1136.300936,1136.1675,False
Lake Victoria,SARIMA,2022-02-01,2022-04-01,3,1136.147016,1136.1675,False
Lake Victoria,SARIMA,2021-11-01,2022-04-01,6,1136.419352,1136.1675,False
Lake Victoria,SARIMA,2021-05-01,2022-04-01,12,1136.569502,1136.1675,False
Lake Victoria,SARIMA,2022-05-01,2022-05-01,1,1136.246305,1136.263333,False
Lake Victoria,SARIMA,2022-03-01,2022-05-01,3,1136.416686,1136.263333,False
Lake Victoria,SARIMA,2021-12-01,2022-05-01,6,1136.402127,1136.263333,False
Lake Victoria,SARIMA,2021-06-01,2022-05-01,12,1136.847121,1136.263333,False
Lake Victoria,SARIMA,2022-06-01,2022-06-01,1,1136.216491,1136.233125,False
Lake Victoria,SARIMA,2022-04-01,2022-06-01,3,1136.411728,1136.233125,False
Lake Victoria,SARIMA,2022-01-01,2022-06-01,6,1136.294188,1136.233125,False
Lake Victoria,SARIMA,2021-07-01,2022-06-01,12,1136.616455,1136.233125,False
Lake Victoria,SARIMA,2022-07-01,2022-07-01,1,1136.133177,1136.023333,False
Lake Victoria,SARIMA,2022-05-01,2022-07-01,3,1136.081815,1136.023333,False
Lake Victoria,SARIMA,2022-02-01,2022-07-01,6,1136.148426,1136.023333,False
Lake Victoria,SARIMA,2021-08-01,2022-07-01,12,1136.410265,1136.023333,False
Lake Victoria,SARIMA,2022-08-01,2022-08-01,1,1135.89347,1135.9525,False
Lake Victoria,SARIMA,2022-06-01,2022-08-01,3,1136.02061,1135.9525,False
Lake Victoria,SARIMA,2022-03-01,2022-08-01,6,1136.197406,1135.9525,False
Lake Victoria,SARIMA,2021-09-01,2022-08-01,12,1136.294429,1135.9525,False
Lake Victoria,SARIMA,2022-09-01,2022-09-01,1,1135.906496,1135.92875,False
Lake Victoria,SARIMA,2022-07-01,2022-09-01,3,1136.003919,1135.92875,False
Lake Victoria,SARIMA,2022-04-01,2022-09-01,6,1136.167279,1135.92875,False
Lake Victoria,SARIMA,2021-10-01,2022-09-01,12,1136.176226,1135.92875,False
Lake Victoria,SARIMA,2022-10-01,2022-10-01,1,1135.923853,1135.881111,False
Lake Victoria,SARIMA,2022-08-01,2022-10-01,3,1135.795597,1135.881111,False
Lake Victoria,SARIMA,2022-05-01,2022-10-01,6,1135.923863,1135.881111,False
Lake Victoria,SARIMA,2021-11-01,2022-10-01,12,1136.254271,1135.881111,False
Lake Victoria,SARIMA,2022-11-01,2022-11-01,1,1135.905969,1135.89,False
Lake Victoria,SARIMA,2022-09-01,2022-11-01,3,1135.929518,1135.89,False
Lake Victoria,SARIMA,2022-06-01,2022-11-01,6,1135.986492,1135.89,False
Lake Victoria,SARIMA,2021-12-01,2022-11-01,12,1136.146333,1135.89,False
Lake Victoria,SARIMA,2022-12-01,2022-12-01,1,1135.943017,1135.96375,False
Lake Victoria,SARIMA,2022-10-01,2022-12-01,3,1136.03568,1135.96375,False
Lake Victoria,SARIMA,2022-07-01,2022-12-01,6,1136.080717,1135.96375,False
Lake Victoria,SARIMA,2022-01-01,2022-12-01,12,1136.128834,1135.96375,False
Lake Victoria,SARIMA,2023-01-01,2023-01-01,1,1136.001103,1136.022143,False
Lake Victoria,SARIMA,2022-11-01,2023-01-01,3,1135.998178,1136.022143,False
Lake Victoria,SARIMA,2022-08-01,2023-01-01,6,1135.935501,1136.022143,False
Lake Victoria,SARIMA,2022-02-01,2023-01-01,12,1136.122235,1136.022143,False
Lake Victoria,SARIMA,2023-02-01,2023-02-01,1,1136.010465,1135.983333,False
Lake Victoria,SARIMA,2022-12-01,2023-02-01,3,1135.946821,1135.983333,False
Lake Victoria,SARIMA,2022-09-01,2023-02-01,6,1136.008256,1135.983333,False
Lake Victoria,SARIMA,2022-03-01,2023-02-01,12,1136.235831,1135.983333,False
Lake Victoria,SARIMA,2023-03-01,2023-03-01,1,1135.970592,1135.96,False
Lake Victoria,SARIMA,2023-01-01,2023-03-01,3,1135.974183,1135.96,False
Lake Victoria,SARIMA,2022-10-01,2023-03-01,6,1136.036441,1135.96,False
Lake Victoria,SARIMA,2022-04-01,2023-03-01,12,1136.245009,1135.96,False
Lake Victoria,SARIMA,2023-04-01,2023-04-01,1,1136.034856,1136.147143,False
Lake Victoria,SARIMA,2023-02-01,2023-04-01,3,1136.094316,1136.147143,False
Lake Victoria,SARIMA,2022-11-01,2023-04-01,6,1136.050757,1136.147143,False
Lake Victoria,SARIMA,2022-05-01,2023-04-01,12,1136.112238,1136.147143,False
Lake Victoria,SARIMA,2023-05-01,2023-05-01,1,1136.312959,1136.35,False
Lake Victoria,SARIMA,2023-03-01,2023-05-01,3,1136.172459,1136.35,False
Lake Victoria,SARIMA,2022-12-01,2023-05-01,6,1136.148688,1136.35,False
Lake Victoria,SARIMA,2022-06-01,2023-05-01,12,1136.263773,1136.35,False
Lake Victoria,SARIMA,2023-06-01,2023-06-01,1,1136.367289,1136.291875,False
Lake Victoria,SARIMA,2023-04-01,2023-06-01,3,1136.13076,1136.291875,False
Lake Victoria,SARIMA,2023-01-01,2023-06-01,6,1136.159139,1136.291875,False
Lake Victoria,SARIMA,2022-07-01,2023-06-01,12,1136.267274,1136.291875,False
Lake Victoria,SARIMA,2023-07-01,2023-07-01,1,1136.166705,1136.1425,False
Lake Victoria,SARIMA,2023-05-01,2023-07-01,3,1136.21191,1136.1425,False
Lake Victoria,SARIMA,2023-02-01,2023-07-01,6,1136.0861,1136.1425,False
Lake Victoria,SARIMA,2022-08-01,2023-07-01,12,1135.981214,1136.1425,False
Lake Victoria,SARIMA,2023-08-01,2023-08-01,1,1136.027314,1136.006667,False
Lake Victoria,SARIMA,2023-06-01,2023-08-01,3,1136.185228,1136.006667,False
Lake Victoria,SARIMA,2023-03-01,2023-08-01,6,1135.953263,1136.006667,False
Lake Victoria,SARIMA,2022-09-01,2023-08-01,12,1135.988918,1136.006667,False
Lake Victoria,SARIMA,2023-09-01,2023-09-01,1,1135.941833,1135.9575,False
Lake Victoria,SARIMA,2023-07-01,2023-09-01,3,1136.010628,1135.9575,False
Lake Victoria,SARIMA,2023-04-01,2023-09-01,6,1135.89036,1135.9575,False
Lake Victoria,SARIMA,2022-10-01,2023-09-01,12,1135.97941,1135.9575,False
Lake Victoria,SARIMA,2023-10-01,2023-10-01,1,1135.930958,1135.899375,False
Lake Victoria,SARIMA,2023-08-01,2023-10-01,3,1135.942843,1135.899375,False
Lake Victoria,SARIMA,2023-05-01,2023-10-01,6,1136.048248,1135.899375,False
Lake Victoria,SARIMA,2022-11-01,2023-10-01,12,1135.884228,1135.899375,False
Lake Victoria,SARIMA,2023-11-01,2023-11-01,1,1135.923391,1136.041429,False
Lake Victoria,SARIMA,2023-09-01,2023-11-01,3,1135.942068,1136.041429,False
Lake Victoria,SARIMA,2023-06-01,2023-11-01,6,1136.141182,1136.041429,False
Lake Victoria,SARIMA,2022-12-01,2023-11-01,12,1135.891328,1136.041429,False
Lake Victoria,SARIMA,2023-12-01,2023-12-01,1,1136.150308,1136.29125,False
Lake Victoria,SARIMA,2023-10-01,2023-12-01,3,1136.036201,1136.29125,False
Lake Victoria,SARIMA,2023-07-01,2023-12-01,6,1136.084242,1136.29125,False
Lake Victoria,SARIMA,2023-01-01,2023-12-01,12,1135.991688,1136.29125,False
Lake Victoria,SARIMA,2024-01-01,2024-01-01,1,1136.411164,1136.475,False
Lake Victoria,SARIMA,2023-11-01,2024-01-01,3,1136.019082,1136.475,False
Lake Victoria,SARIMA,2023-08-01,2024-01-01,6,1136.079849,1136.475,False
Lake Victoria,SARIMA,2023-02-01,2024-01-01,12,1136.060653,1136.475,False
Lake Victoria,SARIMA,2024-02-01,2024-02-01,1,1136.514107,1136.532857,False
Lake Victoria,SARIMA,2023-12-01,2024-02-01,3,1136.19283,1136.532857,False
Lake Victoria,SARIMA,2023-09-01,2024-02-01,6,1136.021958,1136.532857,False
Lake Victoria,SARIMA,2023-03-01,2024-02-01,12,1135.992031,1136.532857,False
Lake Victoria,SARIMA,2024-03-01,2024-03-01,1,1136.551776,1136.551875,False
Lake Victoria,SARIMA,2024-01-01,2024-03-01,3,1136.420553,1136.551875,False
Lake Victoria,SARIMA,2023-10-01,2024-03-01,6,1136.039457,1136.551875,False
Lake Victoria,SARIMA,2023-04-01,2024-03-01,12,1135.966503,1136.551875,False
Lake Victoria,SARIMA,2024-04-01,2024-04-01,1,1136.641688,1136.72875,False
Lake Victoria,SARIMA,2024-02-01,2024-04-01,3,1136.61075,1136.72875,False
Lake Victoria,SARIMA,2023-11-01,2024-04-01,6,1136.074354,1136.72875,False
Lake Victoria,SARIMA,2023-05-01,2024-04-01,12,1136.235798,1136.72875,False
Lake Victoria,SARIMA,2024-05-01,2024-05-01,1,1136.884855,1136.935,False
Lake Victoria,SARIMA,2024-03-01,2024-05-01,3,1136.762266,1136.935,False
Lake Victoria,SARIMA,2023-12-01,2024-05-01,6,1136.392353,1136.935,False
Lake Victoria,SARIMA,2023-06-01,2024-05-01,12,1136.421136,1136.935,False
Lake Victoria,SARIMA,2024-06-01,2024-06-01,1,1136.947569,1136.822143,False
Lake Victoria,SARIMA,2024-04-01,2024-06-01,3,1136.734047,1136.822143,False
Lake Victoria,SARIMA,2024-01-01,2024-06-01,6,1136.597523,1136.822143,False
Lake Victoria,SARIMA,2023-07-01,2024-06-01,12,1136.274068,1136.822143,False
Lake Victoria,SARIMA,2024-07-01,2024-07-01,1,1136.676033,1136.655714,False
Lake Victoria,SARIMA,2024-05-01,2024-07-01,3,1136.770039,1136.655714,False
Lake Victoria,SARIMA,2024-02-01,2024-07-01,6,1136.593136,1136.655714,False
Lake Victoria,SARIMA,2023-08-01,2024-07-01,12,1136.127038,1136.655714,False
Lake Victoria,SARIMA,2024-08-01,2024-08-01,1,1136.529056,1136.538889,False
Lake Victoria,SARIMA,2024-06-01,2024-08-01,3,1136.763652,1136.538889,False
Lake Victoria,SARIMA,2024-03-01,2024-08-01,6,1136.534219,1136.538889,False
Lake Victoria,SARIMA,2023-09-01,2024-08-01,12,1136.004456,1136.538889,False
Lake Victoria,SARIMA,2024-09-01,2024-09-01,1,1136.48607,1136.4,False
Lake Victoria,SARIMA,2024-07-01,2024-09-01,3,1136.505618,1136.4,False
Lake Victoria,SARIMA,2024-04-01,2024-09-01,6,1136.488806,1136.4,False
Lake Victoria,SARIMA,2023-10-01,2024-09-01,12,1135.984489,1136.4,False
Lake Victoria,SARIMA,2024-10-01,2024-10-01,1,1136.339184,1136.346667,False
Lake Victoria,SARIMA,2024-08-01,2024-10-01,3,1136.444064,1136.346667,False
Lake Victoria,SARIMA,2024-05-01,2024-10-01,6,1136.604825,1136.346667,False
Lake Victoria,SARIMA,2023-11-01,2024-10-01,12,1135.906802,1136.346667,False
Lake Victoria,SARIMA,2024-11-01,2024-11-01,1,1136.367309,1136.401667,False
Lake Victoria,SARIMA,2024-09-01,2024-11-01,3,1136.498166,1136.401667,False
Lake Victoria,SARIMA,2024-06-01,2024-11-01,6,1136.722044,1136.401667,False
Lake Victoria,SARIMA,2023-12-01,2024-11-01,12,1136.134619,1136.401667,False
Lake Victoria,SARIMA,2024-12-01,2024-12-01,1,1136.487141,1136.564444,False
Lake Victoria,SARIMA,2024-10-01,2024-12-01,3,1136.426535,1136.564444,False
Lake Victoria,SARIMA,2024-07-01,2024-12-01,6,1136.587788,1136.564444,False
Lake Victoria,SARIMA,2024-01-01,2024-12-01,12,1136.434956,1136.564444,False
Lake Victoria,SARIMA,2025-01-01,2025-01-01,1,1136.64402,1136.578333,False
Lake Victoria,SARIMA,2024-11-01,2025-01-01,3,1136.47888,1136.578333,False
Lake Victoria,SARIMA,2024-08-01,2025-01-01,6,1136.593753,1136.578333,False
Lake Victoria,SARIMA,2024-02-01,2025-01-01,12,1136.577261,1136.578333,False
Lake Victoria,SARIMA,2025-02-01,2025-02-01,1,1136.551062,1136.465,False
Lake Victoria,SARIMA,2024-12-01,2025-02-01,3,1136.516452,1136.465,False
Lake Victoria,SARIMA,2024-09-01,2025-02-01,6,1136.588075,1136.465,False
Lake Victoria,SARIMA,2024-03-01,2025-02-01,12,1136.585686,1136.465,False
Lake Victoria,SARIMA,2025-03-01,2025-03-01,1,1136.41023,1136.381667,False
Lake Victoria,SARIMA,2025-01-01,2025-03-01,3,1136.639148,1136.381667,False
Lake Victoria,SARIMA,2024-10-01,2025-03-01,6,1136.439985,1136.381667,False
Lake Victoria,SARIMA,2024-04-01,2025-03-01,12,1136.578347,1136.381667,False
Lake Victoria,SARIMA,2025-04-01,2025-04-01,1,1136.434896,1136.498333,False
Lake Victoria,SARIMA,2025-02-01,2025-04-01,3,1136.616428,1136.498333,False
Lake Victoria,SARIMA,2024-11-01,2025-04-01,6,1136.540963,1136.498333,False
Lake Victoria,SARIMA,2024-05-01,2025-04-01,12,1136.808311,1136.498333,False
Lake Victoria,SARIMA,2025-05-01,2025-05-01,1,1136.639081,1136.625,False
Lake Victoria,SARIMA,2025-03-01,2025-05-01,3,1136.596795,1136.625,False
Lake Victoria,SARIMA,2024-12-01,2025-05-01,6,1136.723339,1136.625,False
Lake Victoria,SARIMA,2024-06-01,2025-05-01,12,1137.016146,1136.625,False
Lake Victoria,SARIMA,2025-06-01,2025-06-01,1,1136.607679,1136.571667,False
Lake Victoria,SARIMA,2025-04-01,2025-06-01,3,1136.523278,1136.571667,False
Lake Victoria,SARIMA,2025-01-01,2025-06-01,6,1136.822842,1136.571667,False
Lake Victoria,SARIMA,2024-07-01,2025-06-01,12,1136.78553,1136.571667,False
Lake Victoria,SARIMA,2025-07-01,2025-07-01,1,1136.449835,1136.481667,False
Lake Victoria,SARIMA,2025-05-01,2025-07-01,3,1136.523605,1136.481667,False
Lake Victoria,SARIMA,2025-02-01,2025-07-01,6,1136.60663,1136.481667,False
Lake Victoria,SARIMA,2024-08-01,2025-07-01,12,1136.644105,1136.481667,False
Lake Victoria,SARIMA,2025-08-01,2025-08-01,1,1136.398147,1136.355,False
Lake Victoria,SARIMA,2025-06-01,2025-08-01,3,1136.412539,1136.355,False
Lake Victoria,SARIMA,2025-03-01,2025-08-01,6,1136.377313,1136.355,False
Lake Victoria,SARIMA,2024-09-01,2025-08-01,12,1136.571086,1136.355,False
Lake Victoria,SARIMA,2025-09-01,2025-09-01,1,1136.295899,1136.278333,False
Lake Victoria,SARIMA,2025-07-01,2025-09-01,3,1136.304285,1136.278333,False
Lake Victoria,SARIMA,2025-04-01,2025-09-01,6,1136.283697,1136.278333,False
Lake Victoria,SARIMA,2024-10-01,2025-09-01,12,1136.383433,1136.278333,False
Lake Victoria,SARIMA,2025-10-01,2025-10-01,1,1136.23533,1136.211667,False
Lake Victoria,SARIMA,2025-08-01,2025-10-01,3,1136.330904,1136.211667,False
Lake Victoria,SARIMA,2025-05-01,2025-10-01,6,1136.360828,1136.211667,False
Lake Victoria,SARIMA,2024-11-01,2025-10-01,12,1136.368794,1136.211667,False
Lake Victoria,SARIMA,2025-11-01,2025-11-01,1,1136.23279,1136.251667,False
Lake Victoria,SARIMA,2025-09-01,2025-11-01,3,1136.294918,1136.251667,False
Lake Victoria,SARIMA,2025-06-01,2025-11-01,6,1136.373382,1136.251667,False
Lake Victoria,SARIMA,2024-12-01,2025-11-01,12,1136.460627,1136.251667,False
Lake Victoria,SARIMA,2025-12-01,2025-12-01,1,1136.325907,1136.205,False
Lake Victoria,SARIMA,2025-10-01,2025-12-01,3,1136.338232,1136.205,False
Lake Victoria,SARIMA,2025-07-01,2025-12-01,6,1136.387252,1136.205,False
Lake Victoria,SARIMA,2025-01-01,2025-12-01,12,1136.659178,1136.205,False
